"mz","rt","X100_300_Neg_JeansA.mzXML","X100_300_Neg_JeansB.mzXML","X100_300_Neg_JeansC.mzXML","X100_300_Neg_JeansD.mzXML","X100_300_Neg_JeansDx.mzXML","X100_300_Neg_JeansE.mzXML","X100_300_Neg_JeansF.mzXML","X100_300_Neg_JeansG.mzXML","X100_300_Neg_JeansGx.mzXML","SampleID","formula.pred","isoscore","mserror","ms1score","SMILES","DbID","Adducts","neutralscore","ionmodescore","adductscore","MS2score","rtscore","allscore"
102.931950887044,7.89983333333333,33713.953125,74906.0234375,47230.34765625,67332.25,14840.291015625,45115.953125,124901.265625,94250.546875,76606.9765625,7,0,0,0,0,0,0,0,0,0,0,0,0,0
102.956830342611,4.8139,157532.3125,148450.140625,150942.640625,156143.53125,143180.546875,147987.75,131940.984375,216104.03125,236417.296875,9,0,0,0,0,0,0,0,0,0,0,0,0,0
102.956726074219,4.84436666666667,49185.0234375,59952.2578125,59768.88671875,62532.7578125,50759.2265625,65772.1875,76260.203125,100213.3359375,88186.015625,8,0,0,0,0,0,0,0,0,0,0,0,0,0
110.975751241048,8.7505,169243.953125,268476.6875,164559.734375,287853.28125,159720.484375,276818.625,320042.53125,321719.65625,233251.6875,8,0,0,0,0,0,0,0,0,0,0,0,0,0
113.926287333171,7.89983333333333,523136.125,549379.3125,512579.25,650988.125,358937.8125,583506,893568.5625,673251.25,637082,7,0,0,0,0,0,0,0,0,0,0,0,0,0
112.985580444336,4.84436666666667,69005.8125,88297.546875,75293.03125,87946.6953125,91264.90625,98632.828125,97643.8125,117885.7890625,96107.359375,8,0,0,0,0,0,0,0,0,0,0,0,0,0
115.920725504557,7.89983333333333,21919550,27043254,26569032,29116916,15606729,27568858,41565536,33807212,30636926,7,0,0,0,0,0,0,0,0,0,0,0,0,0
116.920979817708,7.89983333333333,3014605.25,3770980.75,3660966.5,3993770,2296049.75,3697689.25,5569323.5,4659759.5,4168208.25,7,0,0,0,0,0,0,0,0,0,0,0,0,0
115.920639038086,0.725148333333333,308664.875,501844.875,536276.3125,470576.71875,518519.59375,542068.9375,545385.4375,623563.125,542379.6875,8,0,0,0,0,0,0,0,0,0,0,0,0,0
116.920989990234,7.09313333333333,273180.46875,331672.65625,398630.90625,385640.65625,421693.21875,410104.1875,416418.8125,405801.8125,490312.34375,9,0,0,0,0,0,0,0,0,0,0,0,0,0
116.921025594076,7.87513333333333,1030553.1875,1135326.375,1474892.875,1793962.875,1301428.875,1222623.5,2511704,3324899.25,2599264.5,8,0,0,0,0,0,0,0,0,0,0,0,0,0
115.920753479004,7.89983333333333,833548.25,973979.75,1016950.75,1032298.125,569660.3125,1004590.1875,1467678.125,1246771.875,1215680.625,7,0,0,0,0,0,0,0,0,0,0,0,0,0
116.9208984375,8.73483333333333,211516.78125,105765.8046875,142314.015625,230826.6875,137781.15625,293947.28125,171956.828125,152987.9375,137608.21875,6,0,0,0,0,0,0,0,0,0,0,0,0,0
116.921012878418,7.89983333333333,231044.296875,322728.8125,299284.71875,308200.15625,167103.296875,292438.21875,389469.59375,366621.125,320667.09375,7,0,0,0,0,0,0,0,0,0,0,0,0,0
118.924176534017,7.17538333333333,551700.625,669327.9375,697774.25,827490.3125,591213.8125,911449.5625,1125374.75,1180697.5,1068122.5,8,0,0,0,0,0,0,0,0,0,0,0,0,0
119.924301147461,6.84903333333333,49907.09765625,62913.90234375,67341.6171875,69000.9921875,56920.65234375,72750.5234375,85961.5,107348.765625,93627.84375,8,0,0,0,0,0,0,0,0,0,0,0,0,0
124.894546508789,0.725613333333333,59457.0078125,129622.53125,62957.875,88902.578125,82698.6171875,70410.6015625,73597.28125,61524.85546875,58163.53125,2,0,0,0,0,0,0,0,0,0,0,0,0,0
125.09720102946,3.06055,21101.095703125,35494.36328125,26457.384765625,32603.166015625,31359.43359375,35361.62109375,121908.875,57419.41015625,33182.3203125,7,0,0,0,0,0,0,0,0,0,0,0,0,0
125.892384847005,0.725613333333333,60350.5703125,108625.9609375,89341.9609375,84771.265625,62500.30859375,83825.5625,79595.734375,63136.9140625,92809.96875,2,0,0,0,0,0,0,0,0,0,0,0,0,0
127.076436360677,2.88636666666667,68066.96875,73280.453125,171181.1875,102734.171875,108574.7265625,89918.5859375,71945.7890625,152664.140625,81204.640625,3,0,0,0,0,0,0,0,0,0,0,0,0,0
128.03532409668,0.72515,50874.81640625,57552.94921875,48612.2578125,54664.40234375,45904.42578125,48009.96875,197874.15625,98230.8359375,131515.859375,7,0,0,0,0,0,0,0,0,0,0,0,0,0
129.019348144531,8.7294,123095.9140625,140614.515625,256534.953125,214459.078125,126765.3125,158080.28125,131728.890625,133818.375,152735.4375,3,0,0,0,0,0,0,0,0,0,0,0,0,0
129.97575378418,0.755125,118819.59375,85958.75,200998.78125,96144.1953125,121486.6875,179015.890625,119576.4296875,124274.9609375,162316.703125,3,0,0,0,0,0,0,0,0,0,0,0,0,0
128.928558349609,7.89983333333333,73221.9296875,96686.9765625,104568.3046875,106739.921875,57951.63671875,108365.8203125,163673.203125,122777.7265625,115626.265625,7,0,0,0,0,0,0,0,0,0,0,0,0,0
128.949615478516,8.63101666666667,609907.375,681708.375,761951,947482,486090.0625,754742.5,1332108.25,1313630.125,1097280.875,7,0,0,0,0,0,0,0,0,0,0,0,0,0
128.949432373047,7.32838333333333,28524.92578125,60256.53125,63046.8046875,89722.9140625,87165.75,95105.4921875,160964.21875,131637.71875,165827.21875,9,0,0,0,0,0,0,0,0,0,0,0,0,0
130.94416809082,0.75484,223364.625,488283.0625,457218.84375,473088.71875,474314.125,521780.65625,566432.6875,575296.8125,538688.3125,8,0,0,0,0,0,0,0,0,0,0,0,0,0
131.944325764974,7.34763333333333,69444.3359375,80341.4765625,76181.6953125,110204.5078125,50529.5625,80112.9453125,141522.9375,135241.625,120482.703125,7,0,0,0,0,0,0,0,0,0,0,0,0,0
132.90022277832,7.31881666666667,274846.8125,473607.25,333588.4375,288255.125,325191.59375,440859.96875,1050224.125,931873.25,728570.25,7,0,0,0,0,0,0,0,0,0,0,0,0,0
132.923461914062,7.89983333333333,1887999.75,2193483.75,1915152.875,2399546.75,1240966,2199408,3367601.5,2853639,2573307.75,7,0,0,0,0,0,0,0,0,0,0,0,0,0
133.923578898112,7.89983333333333,210415.875,202978.296875,214040.875,268250.40625,137464.390625,265708.21875,378751.5625,289022.46875,303239.34375,7,0,0,0,0,0,0,0,0,0,0,0,0,0
134.865046183268,9.66581666666667,579550.125,562502.625,454884.34375,823917.5625,498524.6875,544877.625,684763.375,534187.9375,596631.3125,4,0,0,0,0,0,0,0,0,0,0,0,0,0
134.894668579102,7.31881666666667,5179657.5,9446880,6904361.5,6055268.5,6737645,8496584,19516072,18334258,14675995,7,0,0,0,0,0,0,0,0,0,0,0,0,0
132.923477172852,7.89983333333333,46915.40625,63737.18359375,49843.33203125,66335.4765625,36318.30078125,62412.6484375,101725.140625,82208.8984375,69596.7734375,7,0,0,0,0,0,0,0,0,0,0,0,0,0
135.044921875,3.71686666666667,10020.775390625,120246.8359375,144917.296875,163004.5,12171.837890625,170442.25,120677.1328125,82168.5078125,14204.9580078125,6,0,0,0,0,0,0,0,0,0,0,0,0,0
135.894785563151,7.31881666666667,588658.1875,1075564,755759.8125,708642.4375,726402.5,759337.3125,2209533.25,2013616.5,1628128.375,7,0,0,0,0,0,0,0,0,0,0,0,0,0
135.894765218099,0.725613333333333,65464.671875,156803.125,138456.59375,84310.46875,83797.015625,123668.578125,102840.5625,128403.5546875,128982.0078125,2,0,0,0,0,0,0,0,0,0,0,0,0,0
135.97097269694,8.71801666666667,903512.9375,1004683.5625,882362.5,1091432.5,649907.125,1192565.875,1196654,1121082.125,948572.5,7,0,0,0,0,0,0,0,0,0,0,0,0,0
134.864974975586,9.66581666666667,295759.78125,336460,288643.09375,376329.8125,258835.578125,283610.09375,329987,229865.890625,236745.5625,4,0,0,0,0,0,0,0,0,0,0,0,0,0
136.891693115234,7.31881666666667,268615.71875,3179117.25,2091650.375,308910.875,358499.875,343181.5,6161738,5924455.5,4638855.5,7,0,0,0,0,0,0,0,0,0,0,0,0,0
136.991363525391,8.71801666666667,73591.1015625,105683.0546875,77290.875,108609.1484375,59498.984375,103752.1015625,172736.765625,115631.2421875,87150.21875,7,0,0,0,0,0,0,0,0,0,0,0,0,0
137.891830444336,7.31881666666667,187819.828125,353769.09375,234321.5625,212838.59375,247188.34375,328588.78125,729244.8125,673291.25,550600.125,7,0,0,0,0,0,0,0,0,0,0,0,0,0
138.019638061523,3.30395,61119.41015625,71063.6328125,184004.265625,66759.359375,58430.24609375,79576.2890625,105243.9375,161284.03125,94085.4609375,3,0,0,0,0,0,0,0,0,0,0,0,0,0
138.890014648438,7.58261666666667,48608.65234375,87490.03125,51216.23046875,49822.40234375,64726.328125,74118.1328125,172808.0625,178305.59375,123689.21875,8,0,0,0,0,0,0,0,0,0,0,0,0,0
138.890014648438,7.58261666666667,49988.96484375,87490.03125,27906.021484375,54800.640625,64726.328125,74118.1328125,120881.1484375,178305.59375,119135.015625,8,0,0,0,0,0,0,0,0,0,0,0,0,0
139.908055623372,0.725613333333333,63648.44140625,106914.796875,90711.265625,79839.359375,67589.4375,71977.7265625,82012.40625,82609.71875,95761.265625,2,0,0,0,0,0,0,0,0,0,0,0,0,0
142.929000854492,7.89983333333333,391138.40625,526962.9375,491308.03125,518636.59375,295370.46875,550954,776746.9375,667822.0625,606264.5625,7,0,0,0,0,0,0,0,0,0,0,0,0,0
144.923472086589,7.89983333333333,8661221,10767257,9389811,11280932,6225182,11148172,16898804,14111341,12509554,7,0,0,0,0,0,0,0,0,0,0,0,0,0
145.923639933268,7.89983333333333,1035015.8125,1213741.75,1082620.75,1257851.125,724375.3125,1220712.375,1844249.625,1561011.625,1446470.875,7,0,0,0,0,0,0,0,0,0,0,0,0,0
144.923492431641,7.89983333333333,88143.515625,123965.765625,118436.390625,119619.9453125,75898.921875,144412.484375,199097.953125,146399.125,102234.21875,7,0,0,0,0,0,0,0,0,0,0,0,0,0
146.921829223633,7.89983333333333,260238.234375,319035,296694.625,318812.90625,229990.03125,333383.65625,537182.25,429736.46875,397802.3125,7,0,0,0,0,0,0,0,0,0,0,0,0,0
146.923451741536,0.87488,187029.375,211720.921875,229484.84375,256839.765625,248851.796875,266156.40625,242888.171875,245989.140625,265386.96875,6,0,0,0,0,0,0,0,0,0,0,0,0,0
146.923492431641,4.81548333333333,77766.765625,134634.46875,101310.4921875,161721.578125,153235.625,124335.859375,146698.890625,264726.125,222331.90625,8,0,0,0,0,0,0,0,0,0,0,0,0,0
145.92366027832,7.89983333333333,80320.6484375,111610.6953125,101223.3671875,135982.4375,78457.0234375,128065.265625,188239.84375,174235.9375,140621.984375,7,0,0,0,0,0,0,0,0,0,0,0,0,0
146.93864440918,3.49611666666667,268272.34375,201471.703125,121092.625,185971.84375,161206.796875,174891.234375,166479.71875,167565.40625,159322.5,1,0,0,0,0,0,0,0,0,0,0,0,0,0
146.961186726888,4.8424,238896.4375,271216.625,286018.375,275415.3125,257086.734375,276037.40625,316760.6875,295018.65625,290094.21875,7,0,0,0,0,0,0,0,0,0,0,0,0,0
147.957641601562,0.87534,16378.8095703125,21268.474609375,22895.951171875,26519.078125,16312.41796875,19596.06640625,152083.140625,40736.3359375,38844,7,0,0,0,0,0,0,0,0,0,0,0,0,0
148.918818155924,0.875076666666667,78734.9375,90408.1484375,102893.9453125,112458.890625,110793.5625,102800.59375,102887.7265625,112116.7421875,114353.078125,9,0,0,0,0,0,0,0,0,0,0,0,0,0
146.923477172852,4.84436666666667,28615.525390625,72701.8984375,47378.8828125,72535.78125,76664.6640625,69185.3671875,90687.3125,109920.4375,85931.8203125,8,0,0,0,0,0,0,0,0,0,0,0,0,0
148.93906656901,2.34423333333333,82729.921875,101352.84375,105896.8515625,106848.7109375,107917.3515625,121186.875,129736.25,114160.890625,109895.2265625,7,0,0,0,0,0,0,0,0,0,0,0,0,0
148.939107259115,4.81548333333333,29509.97265625,62209.05078125,41289.140625,78323.21875,58530.5859375,55016.984375,54263.33984375,126046.6015625,66991.3359375,8,0,0,0,0,0,0,0,0,0,0,0,0,0
149.936899820964,2.13536666666667,620216.9375,711244.0625,761954.1875,755744,835717.875,813665,768970.9375,835023,797607.5,5,0,0,0,0,0,0,0,0,0,0,0,0,0
150.948399861654,7.89983333333333,77275.7265625,89344.53125,39287.03515625,74765.5703125,63163.2734375,67272.765625,113413.1171875,74967.4921875,70964.3515625,7,0,0,0,0,0,0,0,0,0,0,0,0,0
152.978561401367,0.72482,133090.390625,147225.3125,112150.34375,149012.609375,148095.21875,156795.1875,145658.71875,154409.953125,150212.125,6,0,0,0,0,0,0,0,0,0,0,0,0,0
153.868611653646,7.8559,99409.046875,102276.3671875,55840.29296875,96973.3359375,99058.734375,81679.53125,96639.71875,92392.7109375,102365.0546875,9,0,0,0,0,0,0,0,0,0,0,0,0,0
153.868591308594,9.37385,107946.3046875,91121,39098.4375,129744.703125,206184.765625,82099.9140625,90692.8515625,98643.78125,185397.140625,5,0,0,0,0,0,0,0,0,0,0,0,0,0
153.86860148112,7.86705,437733.5,316692.875,218707.96875,158273.625,206184.765625,260924,132888.78125,173715.453125,245020.59375,1,0,0,0,0,0,0,0,0,0,0,0,0,0
154.974248250326,4.31128333333333,313718.53125,347678.71875,345759.21875,345357.75,343654.125,359553.1875,350042.65625,374086.5625,352374.28125,8,0,0,0,0,0,0,0,0,0,0,0,0,0
153.868621826172,7.86705,343143.40625,218104.78125,127468.0546875,96528.9375,114753.7734375,155157.328125,58184.66796875,96924.5859375,133622.5625,1,0,0,0,0,0,0,0,0,0,0,0,0,0
156.894877115885,0.274268333333333,58407.0625,56991.39453125,68035.5234375,92303.3046875,96405.6484375,94389.140625,100575.640625,87939.625,128588.1328125,9,0,0,0,0,0,0,0,0,0,0,0,0,0
157.011866251628,0.87534,99865.0625,97414.6484375,88853.515625,96145.890625,76765.7421875,74365.625,685232.1875,179614.28125,145670.609375,7,0,0,0,0,0,0,0,0,0,0,0,0,0
159.893885294596,0.63507,51424.71875,80653.90625,83009.890625,89460.4921875,126965.46875,85812.9921875,95538.9375,98206.125,107963.578125,5,0,0,0,0,0,0,0,0,0,0,0,0,0
160.892690022786,0.0333551666666667,65908.875,73962.2265625,78908.140625,93789.5,136185.6875,104122.8984375,125066.15625,104727.6640625,116762.6328125,5,0,0,0,0,0,0,0,0,0,0,0,0,0
160.935516357422,7.88503333333333,87432.84375,127204.0703125,98263.6484375,126732.7265625,120431.6015625,120544.1953125,99529.0859375,115679.046875,142673.515625,9,0,0,0,0,0,0,0,0,0,0,0,0,0
160.935521443685,0.725148333333333,144101.921875,245823.453125,309805.4375,226650.328125,262107.109375,293470.71875,311422.75,396154.3125,325517.65625,8,0,0,0,0,0,0,0,0,0,0,0,0,0
161.91357421875,8.0447,39723.6484375,64310.3359375,29954.56640625,71296.0546875,34542.80859375,38394.40234375,105994.1640625,59351.2890625,29164.505859375,7,0,0,0,0,0,0,0,0,0,0,0,0,0
161.91362508138,7.93895,118653.421875,117292.796875,83112.4921875,97862.546875,98347.9296875,126398.015625,108539.4375,94317.8125,120091.390625,6,0,0,0,0,0,0,0,0,0,0,0,0,0
162.019658406576,2.7384,223044.671875,345772.90625,154571.171875,269206,51440.4765625,317844.125,190761.5,175479.59375,83369.8046875,2,0,0,0,0,0,0,0,0,0,0,0,0,0
162.893463134766,0.0934988333333333,94230.53125,104168.8125,114672.9140625,125477.6484375,159752.84375,154337.921875,147892.859375,158266.484375,161633.96875,9,0,0,0,0,0,0,0,0,0,0,0,0,0
162.893417358398,7.97188333333333,26276.384765625,69354.8984375,76992.421875,60118.15625,52424.48828125,74446.1484375,103315.71875,111506,116120.9765625,9,0,0,0,0,0,0,0,0,0,0,0,0,0
163.897374471029,0.725613333333333,80314.7890625,111808.5,99859.734375,98328.4921875,57627.4765625,82815.5859375,73597.359375,36279.32421875,71578.7890625,2,0,0,0,0,0,0,0,0,0,0,0,0,0
164.927261352539,4.17156666666667,167964.375,200258.359375,130987.8125,146131.1875,138474.90625,155431.1875,144672.375,158838.125,144182.65625,2,0,0,0,0,0,0,0,0,0,0,0,0,0
165.019327799479,7.96188333333333,68908.5859375,97048.3671875,90720.25,83987.6328125,34238.62109375,74769.4765625,105797.3125,131790.46875,76296.0078125,8,0,0,0,0,0,0,0,0,0,0,0,0,0
165.040857950846,9.58865,10561.6923828125,26341.076171875,41330.578125,12699.3544921875,122553.21875,209917,119034.8125,124466.1640625,54603.65625,6,0,0,0,0,0,0,0,0,0,0,0,0,0
167.836720784505,10.7329,387558.1875,514375.15625,472958.25,666748.0625,418774.53125,422533.09375,555389.9375,597923.0625,476531.3125,4,0,0,0,0,0,0,0,0,0,0,0,0,0
169.086980183919,3.92288333333333,24796.23046875,31129.00390625,30498.134765625,30122.267578125,26175.72265625,27739.625,167369.125,101249.7578125,52614.515625,7,0,0,0,0,0,0,0,0,0,0,0,0,0
167.836715698242,10.7329,462225.15625,569330.125,514987.5625,752734.75,478010.90625,518035.875,681353.75,721013.125,532639.0625,4,0,0,0,0,0,0,0,0,0,0,0,0,0
170.941426595052,1.56693166666667,120945.8984375,111044.7109375,126445.1328125,132305.984375,118123.4453125,121864.59375,128380.6796875,126453.3203125,122458.5078125,4,0,0,0,0,0,0,0,0,0,0,0,0,0
171.066268920898,2.88636666666667,187130.515625,178771.546875,464761.21875,260006.015625,292802.0625,232000.890625,198873.78125,439115.0625,216255.0625,3,0,0,0,0,0,0,0,0,0,0,0,0,0
169.833923339844,10.7329,232582.171875,281969.21875,229421.359375,382802.375,261141.34375,262828.3125,366954.53125,338835.28125,259889.453125,4,0,0,0,0,0,0,0,0,0,0,0,0,0
169.833908081055,9.69056666666667,213732.84375,182607.984375,258901.96875,291712.375,177786.875,239229.53125,206339.890625,338835.28125,284626.59375,8,0,0,0,0,0,0,0,0,0,0,0,0,0
171.946894327799,0.87534,24908.408203125,24005.23828125,18728.88671875,25764.244140625,22700.236328125,24833.70703125,207538,40511.85546875,42916,7,0,0,0,0,0,0,0,0,0,0,0,0,0
172.937082926432,1.537195,104955.734375,166527.125,170996.53125,165041.765625,159115.796875,165639.046875,170502.078125,132230.15625,143477.78125,3,0,0,0,0,0,0,0,0,0,0,0,0,0
172.937088012695,1.8404,171715.328125,161216.328125,159647.53125,165041.765625,158391.03125,158027.171875,158684.796875,159312.296875,133796.5,1,0,0,0,0,0,0,0,0,0,0,0,0,0
173.045547485352,8.7294,605912.125,690349.4375,1372580.625,1253398.125,665107.4375,791840.0625,648895.6875,698612.8125,840425.1875,3,0,0,0,0,0,0,0,0,0,0,0,0,0
173.081909179688,2.73253333333333,204695.21875,242336.140625,253670.140625,239550.8125,251240.328125,251693.34375,702993.375,350968.65625,271491.9375,7,0,0,0,0,0,0,0,0,0,0,0,0,0
173.926177978516,4.1032,83239.96875,89624.4375,144082.84375,69477.296875,56940.2578125,70310.9296875,146461.75,181062.296875,148723.578125,8,0,0,0,0,0,0,0,0,0,0,0,0,0
174.048833211263,7.96213333333333,51163.7578125,74801.421875,100420.0703125,91600.1484375,49736.078125,49905.95703125,53792.8046875,70556.8828125,61078.77734375,3,0,0,0,0,0,0,0,0,0,0,0,0,0
172.842514038086,8.3835,23109.890625,19277.51953125,100,10601.1318359375,108965.484375,23390.66796875,8193.7509765625,5968.2841796875,186910.03125,9,0,0,0,0,0,0,0,0,0,0,0,0,0
174.863835652669,2.10498333333333,50679.94921875,91088.3046875,105529.6796875,111197.5,132463.6875,115335.0078125,135004.671875,132798.984375,131099.421875,7,0,0,0,0,0,0,0,0,0,0,0,0,0
174.887115478516,0.755433333333333,61534.75390625,134124.484375,106473.3515625,105756.3671875,83887.1171875,113984.0703125,108907.953125,104852.6328125,55015.82421875,2,0,0,0,0,0,0,0,0,0,0,0,0,0
174.956069946289,4.8139,2255579.25,2408438.5,2532416.5,2495179,2465973.25,2603150,2956562.75,2576716,2973541.5,9,0,0,0,0,0,0,0,0,0,0,0,0,0
174.956100463867,4.81548333333333,2435812.75,2510768.75,2369759,2569434.5,2331137.5,2390613.5,2384799,2918914,2083257,8,0,0,0,0,0,0,0,0,0,0,0,0,0
175.861567179362,2.4344,79862.734375,112253.3203125,136538.609375,131663.1875,162318.015625,149851.859375,151250.171875,149486.703125,153197.609375,5,0,0,0,0,0,0,0,0,0,0,0,0,0
175.861628214518,0.545058333333333,79862.734375,112253.3203125,131219.875,136001.203125,146503.0625,136487.96875,131244.765625,156490.859375,154822.390625,8,0,0,0,0,0,0,0,0,0,0,0,0,0
174.956085205078,4.81358333333333,84570.734375,91798.796875,79587.3125,95301.734375,85174.7890625,94431.1875,100901.359375,98475.1953125,98217.5703125,7,0,0,0,0,0,0,0,0,0,0,0,0,0
180.973083496094,4.84436666666667,211291.5,313829.28125,82043.53125,293031.78125,264241.625,242737.1875,303553.78125,644330.625,598404,8,0,0,0,0,0,0,0,0,0,0,0,0,0
180.973114013672,4.97736666666667,487658.65625,537652.9375,460275.9375,527012.6875,515444.59375,528941.4375,520342.25,525713.1875,514691.28125,2,0,0,0,0,0,0,0,0,0,0,0,0,0
182.988576253255,3.33013333333333,694246.5,927874.4375,683646.875,931828.875,2045086,2705865.5,731399.0625,643958.9375,1168795.875,6,0,0,0,0,0,0,0,0,0,0,0,0,0
182.988627115885,7.32016666666667,543817.1875,617234.75,1341723,692916.8125,624742.8125,1929619.875,725360.5625,664223.5,707161.1875,6,0,0,0,0,0,0,0,0,0,0,0,0,0
182.988606770833,7.58605,3317290.75,3219144.75,2900870,3192704.25,3323255.75,3522585,3077969.75,2902749,3173162.5,6,0,0,0,0,0,0,0,0,0,0,0,0,0
183.011154174805,5.55161666666667,66555.046875,43714.984375,581609.375,52892.8125,50412.64453125,49421.50390625,103637.1875,70584.75,84030.5859375,3,0,0,0,0,0,0,0,0,0,0,0,0,0
183.011154174805,5.55161666666667,33142.91796875,51655.625,229361.671875,45908.8984375,44490.5390625,41117.421875,68394.5390625,48124.63671875,47915.8828125,3,0,0,0,0,0,0,0,0,0,0,0,0,0
183.897796630859,0.725613333333333,124587.3828125,196178.171875,157805.796875,115055.453125,143178.03125,163700.828125,151969.96875,180099.828125,165159.546875,2,0,0,0,0,0,0,0,0,0,0,0,0,0
183.991958618164,7.28526666666667,106064.0234375,109232.7578125,65854.9609375,98875.0546875,113912,108359.21875,79483.5703125,101149.765625,97607.5390625,5,0,0,0,0,0,0,0,0,0,0,0,0,0
184.915903727214,4.84436666666667,233562.359375,307954.625,316988.03125,320055.75,357790.09375,365310,411305.4375,489238.78125,450914.78125,8,0,0,0,0,0,0,0,0,0,0,0,0,0
187.097559611003,3.06055,482184.78125,716156.6875,714725.875,665952.3125,711081.1875,689390.8125,2822086,1329449.375,945889.5,7,0,0,0,0,0,0,0,0,0,0,0,0,0
187.94179280599,7.87513333333333,81952.265625,78272.78125,175303.6875,170669.640625,94162.234375,80368.578125,162404.984375,244229.9375,121474.09375,8,0,0,0,0,0,0,0,0,0,0,0,0,0
187.941808064779,11.7894333333333,235110.265625,247943.125,289533.40625,244304.703125,253708.78125,227422.1875,290295.90625,304786.28125,264648.84375,8,0,0,0,0,0,0,0,0,0,0,0,0,0
188.100901285807,3.06055,48388.98828125,64369.03125,69823.421875,68187.4921875,72259.6328125,60924.83984375,300323.03125,142252,85577.890625,7,0,0,0,0,0,0,0,0,0,0,0,0,0
188.951527913411,3.89183333333333,120812,179610.09375,177260.109375,185774.1875,173208.046875,168769.921875,175054.03125,173392.40625,191516.921875,9,0,0,0,0,0,0,0,0,0,0,0,0,0
189.040445963542,7.89983333333333,71465.2890625,93163.2890625,98799.5859375,112017.125,44916.703125,80230.7265625,123791.6484375,115673.4453125,110313.21875,7,0,0,0,0,0,0,0,0,0,0,0,0,0
189.850947062174,0.545218333333333,145443.78125,186087.75,201860.984375,221060.140625,259004.40625,240878.953125,241917.46875,252027.5,270343.4375,9,0,0,0,0,0,0,0,0,0,0,0,0,0
190.848541259766,0.183938333333333,82830.609375,115344.9375,135680.578125,133390.703125,145792.6875,135638.859375,143492.09375,131059.1640625,150377.109375,9,0,0,0,0,0,0,0,0,0,0,0,0,0
190.848541259766,0.183938333333333,71459.1875,101854.265625,106768.1015625,130791.4921875,143062.15625,125594.109375,143492.09375,134697.765625,146454.03125,9,0,0,0,0,0,0,0,0,0,0,0,0,0
190.928370157878,3.49611666666667,487059.5,340136.34375,324503.8125,324229.9375,295511.1875,315931.90625,305744.0625,301872.1875,278416.3125,1,0,0,0,0,0,0,0,0,0,0,0,0,0
188.951507568359,3.89183333333333,77830.265625,122212.03125,114998.234375,113580.7890625,114768.1015625,107597.6953125,123128.65625,114962.515625,131973.46875,9,0,0,0,0,0,0,0,0,0,0,0,0,0
188.949096679688,0.87534,20060.244140625,25059.939453125,24800.353515625,26697.787109375,24912.458984375,22025.1015625,187655.734375,51082.4140625,47434.3828125,7,0,0,0,0,0,0,0,0,0,0,0,0,0
191.107732137044,4.51741666666667,53347.57421875,88703.7734375,1065855.125,266868.25,139178.59375,216448.484375,1385458.125,918350.8125,500750.625,7,0,0,0,0,0,0,0,0,0,0,0,0,0
189.949676513672,0.87534,44349.08984375,37417.12109375,57455.94140625,34897.62109375,45844.58203125,71453.296875,286601.46875,48455.54296875,50197.546875,7,0,0,0,0,0,0,0,0,0,0,0,0,0
189.949676513672,0.87534,44349.08984375,37417.12109375,38728.9375,43223.234375,33952.45703125,34725.5390625,286601.46875,74748.3515625,58522.9765625,7,0,0,0,0,0,0,0,0,0,0,0,0,0
191.107711791992,4.51741666666667,8345.9345703125,9626.962890625,134501.046875,34653.17578125,13832.7783203125,25164.80078125,178276.8125,110142.7890625,67708.984375,7,0,0,0,0,0,0,0,0,0,0,0,0,0
192.928807576497,2.94033333333333,644599,753666.1875,780954.3125,790234.5,822259.3125,820192.5,818916.125,819676.0625,852634.375,9,0,0,0,0,0,0,0,0,0,0,0,0,0
193.926630655924,2.94193333333333,892043.5625,1019947.5625,1081326.5,1161556.875,1177314.375,1110696.5,1121783,1138145.875,1127421.625,5,0,0,0,0,0,0,0,0,0,0,0,0,0
194.082239786784,4.8139,1041568.0625,1240983.25,1694284.5,1341052.375,1548488.75,1562669.5,1706176.25,1394885,1845945,9,0,0,0,0,0,0,0,0,0,0,0,0,0
194.905843098958,7.2839,31845.001953125,72864.6171875,58037.76953125,146227.421875,116954.515625,122261.5234375,104120.453125,121212.6875,110599.921875,4,0,0,0,0,0,0,0,0,0,0,0,0,0
194.924275716146,2.19511666666667,272008.0625,304226,325356.9375,315276.65625,343562.625,339125.3125,326452.09375,323630.15625,331498.28125,5,0,0,0,0,0,0,0,0,0,0,0,0,0
195.08561706543,4.81548333333333,108613.5859375,123001.4453125,162489.015625,135195.171875,157298.421875,162318.78125,167793.171875,179258.03125,172745.09375,8,0,0,0,0,0,0,0,0,0,0,0,0,0
195.138971964518,4.7047,102483.7734375,130809.296875,216014.953125,169951.5625,29625.96484375,186527.21875,173069.984375,158893.171875,43465.91796875,3,0,0,0,0,0,0,0,0,0,0,0,0,0
195.810846964518,11.8864166666667,1340310.125,584759.1875,1590817.75,371393.875,211038.515625,357839.03125,509904.4375,290336.71875,275260.5625,3,0,0,0,0,0,0,0,0,0,0,0,0,0
197.004252115885,8.85268333333333,368391.3125,344834.28125,324029.75,378765.46875,354547.46875,327087.46875,351336.875,346225.03125,380291.65625,9,0,0,0,0,0,0,0,0,0,0,0,0,0
195.810806274414,11.8864166666667,1795349.5,782836.875,2028939.25,517571.8125,278317.90625,492051.40625,664451.625,406723.65625,356147.1875,3,0,0,0,0,0,0,0,0,0,0,0,0,0
198.897155761719,7.17538333333333,132467.09375,216164.515625,202838.921875,263903.3125,171600.15625,229358.984375,311809.8125,329262.625,302341.84375,8,0,0,0,0,0,0,0,0,0,0,0,0,0
198.936340332031,1.41688,735944.375,734582.625,751238.6875,736983.1875,716510.375,716667.5,704383.5,660412.6875,708465.3125,3,0,0,0,0,0,0,0,0,0,0,0,0,0
199.097544352214,3.00088333333333,62288.82421875,81111.0234375,77690.2421875,87504.09375,52834.94140625,89045.140625,100166.2734375,80551.1171875,51685.38671875,7,0,0,0,0,0,0,0,0,0,0,0,0,0
197.808029174805,7.11941666666667,893031.25,357982.03125,952223.4375,240027.46875,137450.703125,237157.046875,341380.625,182886.4375,166431.203125,3,0,0,0,0,0,0,0,0,0,0,0,0,0
200.858825683594,7.89483333333333,401511.78125,727608.25,338377.15625,427388.4375,514740.71875,665739.25,567993.125,634581.1875,687943.375,2,0,0,0,0,0,0,0,0,0,0,0,0,0
200.892822265625,7.11941666666667,125847.4375,130195.2421875,444057.875,183204.40625,146691.03125,121549.8203125,286070.75,203037.640625,185234.46875,3,0,0,0,0,0,0,0,0,0,0,0,0,0
201.113194783529,3.35766666666667,335258.9375,341071.46875,346624.1875,354215.625,321266.9375,322612.6875,532829.5625,437042.28125,376509.8125,7,0,0,0,0,0,0,0,0,0,0,0,0,0
199.805053710938,7.11941666666667,157506.765625,70725.59375,212905.953125,8495.5498046875,28137.673828125,51044.82421875,65078.890625,44049.5,5519.67431640625,3,0,0,0,0,0,0,0,0,0,0,0,0,0
201.858993530273,9.4676,82925.1875,145759.671875,78257.65625,98276.734375,171816.8125,152283.46875,150298.171875,153396.515625,187834,9,0,0,0,0,0,0,0,0,0,0,0,0,0
207.139099121094,4.4608,455344.78125,514772.875,524348.0625,447956.84375,542424.125,549224.4375,457248.28125,521760.03125,487592.59375,6,0,0,0,0,0,0,0,0,0,0,0,0,0
207.93120320638,3.46605,395053.09375,326647.65625,273934.1875,319031.65625,315091.3125,307667.40625,331533.875,322587.6875,311131.5,1,0,0,0,0,0,0,0,0,0,0,0,0,0
208.097971598307,5.0892,8227.861328125,159739.078125,1779342.875,92677.3515625,16515.083984375,177648.15625,363925.59375,459554.625,185792.5,3,0,0,0,0,0,0,0,0,0,0,0,0,0
209.079483032227,3.06055,59298.26953125,107501.5546875,118530.5625,110277.7109375,104440.4921875,114945.8671875,675180.4375,236100.578125,183943.625,7,0,0,0,0,0,0,0,0,0,0,0,0,0
209.154724121094,4.22013333333333,1044377.75,1439762.125,1302644.875,1538897.25,87227.3984375,1141457.75,1671615,949771.375,69485.5234375,7,0,0,0,0,0,0,0,0,0,0,0,0,0
212.910776774089,6.8273,78015.5703125,119791.125,134939.75,123104.46875,88754.578125,111854.734375,75175.234375,114497.7578125,87880.1796875,3,0,0,0,0,0,0,0,0,0,0,0,0,0
215.128885904948,3.59568333333333,197655.5625,254683.8125,238251.453125,280990.21875,232749.296875,221343.875,598197.0625,371700,268628.75,7,0,0,0,0,0,0,0,0,0,0,0,0,0
214.859283447266,7.34425,69207.2734375,137009.171875,147530.484375,172606.203125,202426.578125,175540.15625,184868.0625,188085.578125,198455.4375,5,0,0,0,0,0,0,0,0,0,0,0,0,0
214.859252929688,7.20666666666667,226770.71875,271528.84375,436429.5,255216.859375,356929.71875,336049.6875,215995.125,231499.546875,326873,3,0,0,0,0,0,0,0,0,0,0,0,0,0
214.859283447266,7.4035,100834.078125,168801.34375,205777.59375,215883.296875,284719.625,240738.65625,238982.5625,265479.34375,277287.03125,5,0,0,0,0,0,0,0,0,0,0,0,0,0
217.853932698568,7.4683,54058.75390625,64789.4765625,104815.390625,62680.8125,96096.8046875,74100.6953125,38671.27734375,65322.265625,73290.7265625,3,0,0,0,0,0,0,0,0,0,0,0,0,0
218.853719075521,2.25416666666667,86422.609375,118219.796875,136163.546875,159586.5625,158523.609375,146790.734375,151844.125,152853.15625,172786.375,9,0,0,0,0,0,0,0,0,0,0,0,0,0
218.965255737305,7.30723333333333,124921.234375,101938.09375,78646.9296875,95584.4609375,78170.0703125,108279.2578125,64022.33984375,59768.14453125,77117.296875,1,0,0,0,0,0,0,0,0,0,0,0,0,0
218.982335408529,0.87534,32420.40234375,27918.107421875,28970.0859375,32295.244140625,29132.5,28025.29296875,238284.703125,60820.18359375,40251.9921875,7,0,0,0,0,0,0,0,0,0,0,0,0,0
219.851542154948,2.04481666666667,201594.46875,295501.78125,311080.8125,343198.40625,389581.65625,353884.40625,376577.6875,365174.9375,392484.15625,9,0,0,0,0,0,0,0,0,0,0,0,0,0
219.851542154948,2.04481666666667,165232.734375,236791.40625,275604.25,310509.65625,339689.3125,329957.25,321154.8125,323187.5,340488.59375,9,0,0,0,0,0,0,0,0,0,0,0,0,0
221.081990559896,4.012,11404.955078125,17201.341796875,17857.81640625,15099.7412109375,17996.623046875,19300.181640625,110742.84375,27918.109375,25686.421875,7,0,0,0,0,0,0,0,0,0,0,0,0,0
221.154902140299,5.63793333333333,84268.9375,124955.578125,194692.46875,162273.140625,74641.984375,109849.8671875,177776.046875,127636.8671875,90037.25,3,0,0,0,0,0,0,0,0,0,0,0,0,0
223.028447469076,9.58865,20504.703125,42613.015625,26257.1796875,30304.771484375,86893.6875,137589.9375,136246.03125,77511.71875,13279.9833984375,6,0,0,0,0,0,0,0,0,0,0,0,0,0
223.09511311849,3.35766666666667,86095.6171875,79782.734375,68379.734375,76575.171875,71308,66033.9453125,112303.953125,103659.1484375,73931.1328125,7,0,0,0,0,0,0,0,0,0,0,0,0,0
225.016947428385,0.87582,4319.146484375,209583.484375,190372.546875,165296.09375,28039.125,146544.265625,135887.4375,139138.890625,60478.90234375,2,0,0,0,0,0,0,0,0,0,0,0,0,0
225.149693806966,5.57673333333333,59298.8203125,78489.140625,102057.984375,83232.25,63445.48046875,93189.6875,158601.859375,92269.0234375,85389.6640625,7,0,0,0,0,0,0,0,0,0,0,0,0,0
227.12900797526,3.71468333333333,31732.84375,41285.8359375,63489.8671875,54002.52734375,43501.88671875,47677.78125,246421.40625,88469.09375,54217.390625,7,0,0,0,0,0,0,0,0,0,0,0,0,0
226.947647094727,0.87534,9291.6728515625,14562.5439453125,11211.6572265625,13860.068359375,13728.419921875,12799.2119140625,108254.4453125,32784.828125,23234.9765625,7,0,0,0,0,0,0,0,0,0,0,0,0,0
228.994140625,7.37225,155645.328125,209502.25,182061.921875,304965.4375,206043.75,221497.125,201349,195667.96875,155657.546875,4,0,0,0,0,0,0,0,0,0,0,0,0,0
228.994176228841,3.32695,149921.09375,33491.9296875,186019.046875,273679.40625,157809.125,195985.921875,177631.84375,196746.15625,286165.21875,9,0,0,0,0,0,0,0,0,0,0,0,0,0
228.994155883789,7.3794,1049384.875,1002186.3125,899862.625,1029074.5625,1065536.875,1079931.125,901180.1875,870039.75,905751.25,6,0,0,0,0,0,0,0,0,0,0,0,0,0
229.07182820638,7.88503333333333,39618.6875,83701.21875,82921.8984375,52614.59765625,41751.296875,76334.9375,74378.328125,92929.046875,110225.53125,9,0,0,0,0,0,0,0,0,0,0,0,0,0
229.144571940104,3.83358333333333,86049.203125,88613.5703125,124223.859375,100156.15625,119391.28125,118410.7421875,269519.15625,177960.75,119396.9765625,7,0,0,0,0,0,0,0,0,0,0,0,0,0
231.087432861328,4.81548333333333,20869.8203125,28455.41015625,33288.48046875,25005.962890625,26293.181640625,24941.87890625,83652.0703125,102064.2265625,84366.96875,8,0,0,0,0,0,0,0,0,0,0,0,0,0
231.931732177734,7.87513333333333,368501.25,355537.28125,758490.625,695427.5,384726.09375,326101.3125,773732.125,920926.625,515522.59375,8,0,0,0,0,0,0,0,0,0,0,0,0,0
232.931060791016,7.87513333333333,51472.28125,61149.31640625,86116.0234375,64508.57421875,35939.9765625,60050.0078125,102161.3359375,104733.15625,78569.734375,8,0,0,0,0,0,0,0,0,0,0,0,0,0
233.154693603516,5.66415,310864.75,274714.53125,428945.875,468518.53125,413652.25,443831.34375,471262.40625,395301.40625,411928.90625,7,0,0,0,0,0,0,0,0,0,0,0,0,0
234.158020019531,5.66415,43310.59765625,45868.69140625,53488.75390625,93738.4375,68931.4453125,79082.1796875,115662.7734375,76348.6796875,74710.0546875,7,0,0,0,0,0,0,0,0,0,0,0,0,0
234.819941202799,8.26528333333333,247209.28125,280762.4375,324353.59375,281319.78125,419217.3125,399286.9375,207669.828125,264919.625,453605.84375,9,0,0,0,0,0,0,0,0,0,0,0,0,0
234.819941202799,8.26528333333333,37927.3046875,41843.98828125,11843.7568359375,61428.4921875,75530.9765625,52959.01171875,96446.1015625,72829.4921875,113244.84375,9,0,0,0,0,0,0,0,0,0,0,0,0,0
235.82014465332,8.26528333333333,62419.7890625,69670.3203125,15877.794921875,53100.29296875,105730.3984375,106675.84375,47333.99609375,65840.53125,107393.1328125,9,0,0,0,0,0,0,0,0,0,0,0,0,0
235.820170084635,8.26378333333333,64510.66015625,38344.05078125,54110.00390625,52344.2578125,105730.3984375,106675.84375,29625.1328125,44818.38671875,95482.1171875,6,0,0,0,0,0,0,0,0,0,0,0,0,0
235.92621866862,0.72541,708069.1875,597385.3125,725939.8125,716217.75,664864.75,692963.5,672576.1875,723329.875,620062.875,3,0,0,0,0,0,0,0,0,0,0,0,0,0
235.926147460938,4.27893333333333,774795.0625,894147.9375,725939.8125,893757.625,931295.6875,904227.5625,859904.125,858408.5625,958168,9,0,0,0,0,0,0,0,0,0,0,0,0,0
234.819931030273,8.26528333333333,85376.984375,106215.8125,115220.1484375,101432.859375,181273,142115.859375,37461.9296875,94518.96875,183840.078125,9,0,0,0,0,0,0,0,0,0,0,0,0,0
237.110702514648,3.59568333333333,34821.33203125,48663.0859375,46822.12109375,45077.578125,40949.9609375,41803.37109375,133376.96875,78212.3671875,54855.42578125,7,0,0,0,0,0,0,0,0,0,0,0,0,0
237.116694132487,4.33875,30493.84375,48690.55859375,55812.10546875,43447.9375,39312.78125,45343.7578125,103314.6796875,51436.171875,39423.76953125,7,0,0,0,0,0,0,0,0,0,0,0,0,0
239.059595743815,9.58865,23652.802734375,68392.609375,31168.345703125,67338.6328125,113478.0625,322333.8125,320823.03125,112871.265625,60930.5234375,6,0,0,0,0,0,0,0,0,0,0,0,0,0
239.067403157552,5.58036666666667,165980.125,435115.875,677405.4375,291721.15625,279291.875,307634.09375,376536.75,361147.84375,398191.03125,3,0,0,0,0,0,0,0,0,0,0,0,0,0
239.128901163737,4.6957,278408.71875,333616.875,493397.78125,433944.625,113946.5078125,492668.875,525417.25,392775.75,134575.59375,7,0,0,0,0,0,0,0,0,0,0,0,0,0
241.144515991211,4.1607,78916.4921875,126218.1328125,169691.203125,120743.109375,128589.6328125,139415.0625,186904.03125,150852.34375,94024.171875,7,0,0,0,0,0,0,0,0,0,0,0,0,0
241.144515991211,4.1607,78916.4921875,126218.1328125,169691.203125,152208.640625,128589.6328125,97711.453125,186904.03125,150852.34375,94024.171875,7,0,0,0,0,0,0,0,0,0,0,0,0,0
242.176284790039,3.65518333333333,197371.0625,338720.03125,258709.6875,340840.4375,306070.625,286705.9375,463072.5625,451436.8125,388979.90625,7,0,0,0,0,0,0,0,0,0,0,0,0,0
242.943572998047,3.34565,557796.6875,465312.4375,427539.0625,436122.59375,438127.375,438707.78125,444518.90625,471229.40625,483815.625,1,0,0,0,0,0,0,0,0,0,0,0,0,0
242.943552652995,0.754991666666667,369348.78125,357430.1875,313220.25,313970.96875,372469.9375,383510.5,349931.09375,311073.90625,387433.4375,9,0,0,0,0,0,0,0,0,0,0,0,0,0
242.943613688151,4.81358333333333,151758.484375,401863.6875,186053.28125,433252,339694.46875,443652.53125,452323.8125,196884.125,208397.59375,7,0,0,0,0,0,0,0,0,0,0,0,0,0
243.087626139323,7.89983333333333,60436.46875,91881.203125,147905.71875,119878.3359375,62841.51171875,97828.6484375,163133.0625,142708.5,127110.2265625,7,0,0,0,0,0,0,0,0,0,0,0,0,0
243.160212198893,4.1013,102830.2890625,162089.28125,165117.6875,159442.8125,160399.65625,140171.9375,335625.25,231524.75,150239.375,7,0,0,0,0,0,0,0,0,0,0,0,0,0
245.072057088216,4.37396666666667,8863.884765625,10668.791015625,120350.8203125,648294.8125,185825.03125,38267.22265625,32183.322265625,46943.23046875,25314.1640625,4,0,0,0,0,0,0,0,0,0,0,0,0,0
245.103062947591,7.89983333333333,107761.421875,212730.265625,242352.1875,242223.1875,103715.4765625,192674.515625,333928.28125,270872.875,230999.171875,7,0,0,0,0,0,0,0,0,0,0,0,0,0
246.075312296549,4.37396666666667,2526.28198242188,100,23002.875,112454.1640625,35634.70703125,6278.78466796875,5128.50341796875,12971.884765625,3666.01538085938,4,0,0,0,0,0,0,0,0,0,0,0,0,0
246.886510213216,2.94033333333333,115909.1796875,136208.59375,143800.15625,167235.203125,161836.609375,158987.03125,155346.65625,154789.890625,177013.578125,9,0,0,0,0,0,0,0,0,0,0,0,0,0
246.886362711589,0.754545,98500.1796875,135643.109375,141720.9375,123681.875,139485.734375,189281.109375,167190.1875,178229.140625,185607.03125,6,0,0,0,0,0,0,0,0,0,0,0,0,0
248.960525512695,4.3169,517613.625,610803.25,697437.6875,538953.3125,492148.46875,523448.28125,549036.8125,619879.5625,629977.1875,3,0,0,0,0,0,0,0,0,0,0,0,0,0
249.149714152018,6.25166666666667,482126.5,578789.375,554826.125,648858.25,98812.984375,556552.4375,940437.5,567182.8125,148834.78125,7,0,0,0,0,0,0,0,0,0,0,0,0,0
250.144948323568,6.22475,339700.84375,486621.625,1360068,1699981.375,645521.625,516878.46875,1609330,2188908.75,1438564.5,8,0,0,0,0,0,0,0,0,0,0,0,0,0
251.132400512695,4.76428333333333,29513.935546875,37923.5234375,325635.65625,31993.078125,39825.375,35874.0390625,95147.015625,55048.4140625,45810.4765625,3,0,0,0,0,0,0,0,0,0,0,0,0,0
250.144927978516,6.22475,55635.97265625,65473.73828125,212002.234375,250801.78125,93748.25,74806.515625,245908.234375,357480.125,191048.328125,8,0,0,0,0,0,0,0,0,0,0,0,0,0
251.885386149089,0.725613333333333,85080.2109375,125735.8046875,118328.1171875,92099.6015625,112209.953125,90116.8984375,87350.6328125,83704.265625,90186.78125,2,0,0,0,0,0,0,0,0,0,0,0,0,0
251.885396321615,0.75487,87884.7421875,86041.265625,94613.265625,94027.609375,93600.9375,95210.0234375,101418.203125,97675.59375,92132.4609375,7,0,0,0,0,0,0,0,0,0,0,0,0,0
253.144683837891,4.22013333333333,2585155,3743591.5,3336060.5,3994424,259400.6875,3050884.5,4244290.5,2606994.5,187495.40625,7,0,0,0,0,0,0,0,0,0,0,0,0,0
253.217402140299,7.31881666666667,100,5649.53955078125,6147.2509765625,100,2970.908203125,100,241215.15625,180742.171875,73496.609375,7,0,0,0,0,0,0,0,0,0,0,0,0,0
253.144607543945,4.22013333333333,405237.375,514394.3125,532587.125,606176.0625,44062.40625,462532,676985.5625,375184.90625,29551.5078125,7,0,0,0,0,0,0,0,0,0,0,0,0,0
255.087315877279,7.87513333333333,57695.453125,91315.875,119895.3984375,107700.109375,55586.1796875,95835.359375,73804.9609375,121197.53125,91965.4921875,8,0,0,0,0,0,0,0,0,0,0,0,0,0
255.232406616211,5.58036666666667,7162.18896484375,83032.859375,310224.875,104949.859375,29750.048828125,34865.18359375,48211.29296875,25830.48828125,12307.2001953125,3,0,0,0,0,0,0,0,0,0,0,0,0,0
255.233133951823,7.89983333333333,28167.076171875,79405.2578125,57894.54296875,68013.6640625,29750.048828125,67577.203125,242343.5625,167820.53125,58128.33984375,7,0,0,0,0,0,0,0,0,0,0,0,0,0
256.846354166667,0.754991666666667,108466.9375,160233.484375,213532.546875,253278.140625,279539.5625,280894.125,268171.65625,270589.78125,297918.25,9,0,0,0,0,0,0,0,0,0,0,0,0,0
257.103424072266,7.89983333333333,74071.4375,77872.34375,115400.296875,138299.84375,59167.98828125,98245.046875,143824.671875,135501.578125,109008.8828125,7,0,0,0,0,0,0,0,0,0,0,0,0,0
257.175842285156,4.39841666666667,61456.55859375,68207.234375,67927.0703125,67599.53125,62834.56640625,58663.97265625,164940.4375,86691.109375,76309.0703125,7,0,0,0,0,0,0,0,0,0,0,0,0,0
257.175842285156,4.39841666666667,61456.55859375,68207.234375,67927.0703125,67599.53125,62580.92578125,58663.97265625,164940.4375,86691.109375,76309.0703125,7,0,0,0,0,0,0,0,0,0,0,0,0,0
258.916025797526,3.49611666666667,107213.4140625,86904.5625,64360.83984375,77545.3671875,64782.7890625,82569.0625,74832.6328125,71717.203125,69184.3359375,1,0,0,0,0,0,0,0,0,0,0,0,0,0
256.936981201172,0.87534,12998.591796875,18055.830078125,21430.677734375,16935.6875,15803.04296875,15674.583984375,117361.453125,40763.859375,28840.251953125,7,0,0,0,0,0,0,0,0,0,0,0,0,0
259.08246866862,8.7294,70364.734375,94503.078125,130613.765625,101456.375,46119.7578125,83104,88579.0390625,111031.1953125,110731.2578125,3,0,0,0,0,0,0,0,0,0,0,0,0,0
259.935201009115,0.87534,19094.708984375,23927.173828125,25371.259765625,21326.275390625,18943.908203125,18493.6171875,157965.015625,46181.73046875,40629.50390625,7,0,0,0,0,0,0,0,0,0,0,0,0,0
259.935201009115,0.87534,19094.708984375,23927.173828125,26141.056640625,21326.275390625,18943.908203125,24948.287109375,157965.015625,46181.73046875,40629.50390625,7,0,0,0,0,0,0,0,0,0,0,0,0,0
260.916727701823,2.16623333333333,272385,321217.21875,222108.25,335099.25,342855.09375,329909.96875,227753.40625,346526.8125,335778.59375,8,0,0,0,0,0,0,0,0,0,0,0,0,0
260.916727701823,2.16623333333333,285034.125,305639.34375,304431.875,315530.125,322739.40625,325602.15625,315629.0625,347615.34375,343014.5,8,0,0,0,0,0,0,0,0,0,0,0,0,0
261.067067464193,4.79116666666667,258458.53125,550447.1875,457537.625,4539020,212495.6875,625614.25,495266.6875,599711.3125,206819.3125,4,0,0,0,0,0,0,0,0,0,0,0,0,0
261.134552001953,2.91348333333333,49665.609375,59384.00390625,55528.98828125,57145.859375,65417.48828125,58307.5390625,286625.21875,343422.375,151958.59375,8,0,0,0,0,0,0,0,0,0,0,0,0,0
261.91460164388,0.665036666666667,603003.8125,663062.1875,575419,770456.625,778482.8125,744728.3125,737842.4375,759317.0625,768667.5,5,0,0,0,0,0,0,0,0,0,0,0,0,0
261.914693196615,0.665573333333333,595311.1875,690588.1875,782624.375,670352.125,778482.8125,715946.0625,710803.375,759317.0625,758635.25,3,0,0,0,0,0,0,0,0,0,0,0,0,0
262.911834716797,1.175715,91543.6015625,105830.3046875,128275.796875,130158.875,133939.84375,126301.6640625,128680.25,134016.359375,126385.7890625,8,0,0,0,0,0,0,0,0,0,0,0,0,0
263.082773844401,4.04651666666667,2213.99169921875,100,23517.72265625,114416.65625,37350.625,11438.640625,8174.66064453125,8795.361328125,3045.36865234375,4,0,0,0,0,0,0,0,0,0,0,0,0,0
263.082773844401,4.04651666666667,7642.54150390625,8310.32421875,23517.72265625,114416.65625,24826.724609375,18199.349609375,8174.66064453125,9156.82421875,3247.58129882812,4,0,0,0,0,0,0,0,0,0,0,0,0,0
263.132405598958,4.76428333333333,10822.6025390625,8168.83642578125,733150.9375,6572.22705078125,4239.56884765625,2781.95556640625,37979.609375,11420.380859375,4484.14990234375,3,0,0,0,0,0,0,0,0,0,0,0,0,0
265.148132324219,8.7505,45328112,40284724,21284138,35649308,48148548,42188556,46877704,54355896,51444128,8,0,0,0,0,0,0,0,0,0,0,0,0,0
265.148142496745,5.11788333333333,22936742,11456695,211987904,31777874,16451891,30931372,72713880,92927784,43152408,3,0,0,0,0,0,0,0,0,0,0,0,0,0
265.148101806641,8.74676666666667,53325088,86538304,25103522,77467216,80552544,79431824,103191472,74145768,78451000,7,0,0,0,0,0,0,0,0,0,0,0,0,0
266.151428222656,11.8864166666667,6962415.5,11190860,27439800,9921638,10247459,10165076,13061457,11882887,10040026,3,0,0,0,0,0,0,0,0,0,0,0,0,0
265.147979736328,11.8864166666667,2286830.75,3753148.75,9530027,3396534.5,3578783,3497380.75,4612057.5,3959629,3474146,3,0,0,0,0,0,0,0,0,0,0,0,0,0
265.147766113281,5.1672,298750.75,292199.375,313267.0625,329110.78125,334415.5625,284398.625,546366.3125,371657.875,352910.25,7,0,0,0,0,0,0,0,0,0,0,0,0,0
267.152811686198,8.7505,410685.90625,466825.09375,202632.984375,571635.8125,287384.21875,389202.78125,695924.8125,702231,361353.125,8,0,0,0,0,0,0,0,0,0,0,0,0,0
266.151641845703,5.11788333333333,500364.71875,802613,1981832.125,753888.8125,718631.5625,716587.25,979602.5625,835419.125,709214.375,3,0,0,0,0,0,0,0,0,0,0,0,0,0
267.196563720703,5.72531666666667,3535.6142578125,7836.58203125,18617.359375,8685.337890625,3847.94921875,4623.791015625,83026.8828125,104649.0703125,64620.02734375,8,0,0,0,0,0,0,0,0,0,0,0,0,0
267.196604410807,5.751,3535.6142578125,7836.58203125,18617.359375,8685.337890625,3847.94921875,4623.791015625,338822.53125,183063.84375,64620.02734375,7,0,0,0,0,0,0,0,0,0,0,0,0,0
267.143981933594,8.72175,183293.484375,232456.703125,110562.5078125,201449.859375,217597.71875,368445.40625,399962.46875,508329.15625,310066.9375,8,0,0,0,0,0,0,0,0,0,0,0,0,0
267.14404296875,5.11788333333333,315477.625,505979.25,1249468.625,446453.96875,476406.75,491135.53125,616681.875,109857.4296875,490696.28125,3,0,0,0,0,0,0,0,0,0,0,0,0,0
267.143981933594,8.72175,278218.78125,356974.125,118536.640625,370207.15625,280776.625,210865.8125,441432.25,442922.25,188311.265625,8,0,0,0,0,0,0,0,0,0,0,0,0,0
268.155690511068,5.11788333333333,49843.80859375,86876.1875,211682.515625,81737.171875,81675.5,80032.390625,125318.140625,94157.2578125,98477.078125,3,0,0,0,0,0,0,0,0,0,0,0,0,0
268.868642171224,4.81548333333333,58489.56640625,36489.72265625,54093.80078125,64525.0859375,70900.8046875,40269.83984375,88964.625,101860.3515625,75093.2734375,8,0,0,0,0,0,0,0,0,0,0,0,0,0
268.868520100911,0.755433333333333,85936.0625,105541.0625,82607.8125,84004.234375,92248.7421875,103224.890625,83140.1484375,86332.3046875,83518.9921875,2,0,0,0,0,0,0,0,0,0,0,0,0,0
268.868794759115,0.784931666666667,72191.7265625,89466.4609375,99286.03125,95141.828125,121320.9140625,99609.171875,106654.2890625,138163.9375,107689.9140625,8,0,0,0,0,0,0,0,0,0,0,0,0,0
268.147247314453,5.11788333333333,31151.27734375,44065.1640625,107193.3984375,48845.01171875,32062.599609375,34664.67578125,53430.78515625,53507,49823.22265625,3,0,0,0,0,0,0,0,0,0,0,0,0,0
269.212239583333,5.51773333333333,11041.5419921875,27170.1484375,21574.791015625,19623.94921875,11811.740234375,27441.94921875,608975.6875,601507.1875,103167.09375,7,0,0,0,0,0,0,0,0,0,0,0,0,0
269.212239583333,5.51773333333333,13002.341796875,27170.1484375,28419.357421875,19342.4453125,11646.927734375,27441.94921875,608975.6875,601507.1875,213914.203125,7,0,0,0,0,0,0,0,0,0,0,0,0,0
270.215677897135,5.51773333333333,2093.8740234375,10818.7900390625,100,7620.09912109375,4165.36767578125,7461.52197265625,107978.6640625,101546.109375,32678.123046875,7,0,0,0,0,0,0,0,0,0,0,0,0,0
271.118998209635,7.89983333333333,44425.12109375,70051.40625,102844.484375,89917.0703125,58995.578125,75434.3515625,113120.828125,111427.109375,56904.94140625,7,0,0,0,0,0,0,0,0,0,0,0,0,0
271.191884358724,4.72563333333333,50720.8828125,56941.9375,60694.74609375,58046.2421875,41920.7421875,50485.30078125,139244,86601.265625,60164.421875,7,0,0,0,0,0,0,0,0,0,0,0,0,0
271.228006998698,7.31881666666667,29523.03515625,48905.21875,39041.82421875,33879.734375,25497.013671875,37279.9765625,585544,159779.890625,54565.8359375,7,0,0,0,0,0,0,0,0,0,0,0,0,0
272.231526692708,7.31881666666667,3982.81176757812,4796.24951171875,100,5047.45849609375,4229.26708984375,3823.26147460938,114087.734375,23086.541015625,10526.5673828125,7,0,0,0,0,0,0,0,0,0,0,0,0,0
273.098358154297,7.87513333333333,30256.0625,100885.9765625,123404.4296875,108012.671875,37695.609375,35707.3203125,123738.9453125,131427.4375,101560.734375,8,0,0,0,0,0,0,0,0,0,0,0,0,0
273.134206136068,7.89983333333333,72783.8828125,111460.90625,151119.03125,137994.765625,65836.921875,102922.2578125,176971.75,149163.578125,99021.5390625,7,0,0,0,0,0,0,0,0,0,0,0,0,0
275.169016520182,5.57993333333333,2723.74169921875,6423.47509765625,379276.1875,5109.134765625,100,16706.931640625,453623.9375,533540.5625,216336.046875,8,0,0,0,0,0,0,0,0,0,0,0,0,0
277.144521077474,5.37045,50915.69140625,110654.09375,77706.84375,108571.734375,93899.75,100324.09375,467709.4375,157908.765625,113298.65625,7,0,0,0,0,0,0,0,0,0,0,0,0,0
277.148142496745,5.0892,36262.375,23123.583984375,3371738,23930.6796875,3879.91259765625,45613.1015625,39357.65234375,31229.421875,43192.89453125,3,0,0,0,0,0,0,0,0,0,0,0,0,0
277.184285481771,5.40696666666667,100,3041.8291015625,271794.53125,100,100,20352.857421875,8479.880859375,6793.7880859375,100,3,0,0,0,0,0,0,0,0,0,0,0,0,0
277.148101806641,5.0892,3270.46533203125,3242.44848632812,486866.3125,100,100,100,100,100,100,3,0,0,0,0,0,0,0,0,0,0,0,0,0
279.127095540365,7.99071666666667,118452.3671875,163957.453125,53394.9296875,176568.609375,103311.1328125,130187.9921875,212043.375,225747.203125,119107.640625,8,0,0,0,0,0,0,0,0,0,0,0,0,0
277.148101806641,5.0892,100,100,176698.453125,100,100,100,3647.78344726562,100,100,3,0,0,0,0,0,0,0,0,0,0,0,0,0
279.163930257161,5.63793333333333,3427525,1811821.5,66190356,6663218,1714868.75,115490.875,3741356.5,4459025,1973870.875,3,0,0,0,0,0,0,0,0,0,0,0,0,0
280.167368570964,5.63793333333333,465961.0625,246579.65625,9252420,946850.8125,234084.75,19489.24609375,537529.375,608791.8125,270551.21875,3,0,0,0,0,0,0,0,0,0,0,0,0,0
281.142812093099,7.89983333333333,195428.203125,305018.28125,159286.171875,316225.15625,178361.203125,313034.96875,432560.875,354194.90625,253915.890625,7,0,0,0,0,0,0,0,0,0,0,0,0,0
279.163909912109,5.63793333333333,157973.203125,82028.8828125,3087218.5,311397.875,67124.328125,5583.482421875,169748.0625,214125.15625,78648.640625,3,0,0,0,0,0,0,0,0,0,0,0,0,0
281.169179280599,5.63793333333333,40622.0703125,21409.46875,783769.8125,80891.6796875,19383.109375,3693.76708984375,51700.08203125,48166.53515625,19967.771484375,3,0,0,0,0,0,0,0,0,0,0,0,0,0
281.248545328776,7.99071666666667,100,4553.29248046875,345306.3125,100,4263.19677734375,100,246386.921875,374857.75,125314.6953125,8,0,0,0,0,0,0,0,0,0,0,0,0,0
281.159790039062,5.60911666666667,21768.173828125,14247.138671875,399834.5625,40379.7421875,6398.85107421875,100,22770.80078125,31818.458984375,12717.4423828125,3,0,0,0,0,0,0,0,0,0,0,0,0,0
283.118530273438,7.89983333333333,35804.09765625,76481.546875,80118.484375,79281.1484375,39393.125,55924.04296875,109111.4140625,81913.8203125,81210.921875,7,0,0,0,0,0,0,0,0,0,0,0,0,0
283.137379964193,4.85363333333333,65440.34765625,77698.1484375,170487.53125,82038.0546875,79476.1015625,73236.3359375,131840.78125,102240.8984375,109593.59375,3,0,0,0,0,0,0,0,0,0,0,0,0,0
283.264170328776,8.7505,23153.44140625,55569.84765625,55978.6171875,42268.8671875,9789.1328125,39862.27734375,85858.484375,102488.3046875,34560.3515625,8,0,0,0,0,0,0,0,0,0,0,0,0,0
285.099049886068,11.8549666666667,54187.2890625,107534.0546875,76569.671875,87470.3046875,39184.9140625,49005.62109375,99936.9921875,104277.1328125,82482.6171875,2,0,0,0,0,0,0,0,0,0,0,0,0,0
285.207173665365,5.05063333333333,93673.171875,127898.3203125,154948.546875,53633.26171875,162954.1875,146447.90625,213539.5625,152002.421875,67355.984375,7,0,0,0,0,0,0,0,0,0,0,0,0,0
285.207173665365,5.05063333333333,93673.171875,127898.3203125,154948.546875,130698.5234375,162954.1875,146447.90625,174309.46875,97979.2109375,148898.765625,7,0,0,0,0,0,0,0,0,0,0,0,0,0
285.243621826172,7.11346666666667,4293.9580078125,7228.35693359375,100,3904.71948242188,4879.97705078125,6465.6337890625,368290.03125,176282.203125,71520.7578125,7,0,0,0,0,0,0,0,0,0,0,0,0,0
286.84189860026,0.75471,68352.5625,96322.5234375,100887.1484375,106647.1171875,138363.40625,130189.1796875,118950.2578125,118471.703125,121894.0234375,5,0,0,0,0,0,0,0,0,0,0,0,0,0
287.113779703776,7.89983333333333,53336.83203125,104872.890625,116650.765625,88242.8203125,39966.9921875,68037.4921875,154597.515625,121632.0390625,95794.96875,7,0,0,0,0,0,0,0,0,0,0,0,0,0
287.223022460938,4.7848,8936.7314453125,21087.033203125,11423.142578125,10696.6982421875,11716.994140625,24613.568359375,359508.75,27667.62890625,31976.52734375,7,0,0,0,0,0,0,0,0,0,0,0,0,0
287.839182535807,2.46388333333333,74629.375,121991.1953125,134261.609375,144100.46875,162367.40625,159727.078125,170664.453125,167863.59375,162244.859375,7,0,0,0,0,0,0,0,0,0,0,0,0,0
287.839243570964,0.123796666666667,85912.796875,132061.828125,162633.78125,152087.59375,182117.828125,166768.4375,170652,164718.65625,185976.890625,9,0,0,0,0,0,0,0,0,0,0,0,0,0
291.163716634115,5.46516666666667,8322.7626953125,9914.3466796875,247010.984375,9880.7255859375,6908.27880859375,100,7415.93994140625,13290.3857421875,6884.42626953125,3,0,0,0,0,0,0,0,0,0,0,0,0,0
291.200337727865,6.04261666666667,100,100,895313.125,7356.84228515625,100,22427.884765625,17499.177734375,38124.97265625,11252.4248046875,3,0,0,0,0,0,0,0,0,0,0,0,0,0
293.179545084635,6.4024,4283902,3282793.75,15587372,6019429,2507463.5,1375819.5,14771365,16917220,7413804,8,0,0,0,0,0,0,0,0,0,0,0,0,0
293.17973836263,6.21526666666667,282115.78125,514558.53125,73940696,304305.65625,160646.984375,323410.09375,1006049.375,741145.0625,411202.90625,3,0,0,0,0,0,0,0,0,0,0,0,0,0
293.212361653646,5.6354,2422.77807617188,8750.8876953125,100,14969.5224609375,5371.0546875,9538.275390625,464995.8125,387252.46875,62481.36328125,7,0,0,0,0,0,0,0,0,0,0,0,0,0
293.212341308594,5.63856666666667,100,18455.841796875,100,2797.50830078125,100,100,102287.2734375,128759.7109375,40596.40625,8,0,0,0,0,0,0,0,0,0,0,0,0,0
293.179321289062,6.3697,38631.17578125,64133.37890625,64283.5390625,51188.5234375,81180.28125,64797.00390625,149589.546875,73189.5390625,68123.3671875,7,0,0,0,0,0,0,0,0,0,0,0,0,0
294.182942708333,6.21526666666667,639536,477024.96875,11183719,882712.6875,364911.59375,209791.90625,2302194,2533129.75,1121028.25,3,0,0,0,0,0,0,0,0,0,0,0,0,0
293.179718017578,6.21526666666667,206492.984375,145562.859375,3312398,279021.0625,110196.25,58888.1796875,662061.1875,730816.3125,323268.25,3,0,0,0,0,0,0,0,0,0,0,0,0,0
294.182861328125,6.21526666666667,4973.10205078125,3823.26635742188,237625.96875,6974.30322265625,2933.77197265625,100,5981.76025390625,7000.724609375,3445.533203125,3,0,0,0,0,0,0,0,0,0,0,0,0,0
294.182861328125,6.21526666666667,53225.9375,40881.66796875,1036609.6875,83551.4609375,32212.3515625,17002.802734375,189740.203125,231503.03125,105186.6171875,3,0,0,0,0,0,0,0,0,0,0,0,0,0
295.227966308594,5.57673333333333,4874.87841796875,11815.0546875,48736.84765625,12771.849609375,8039.0615234375,5483.1884765625,1397265.75,503044.125,150109.3125,7,0,0,0,0,0,0,0,0,0,0,0,0,0
295.228200276693,5.55035,4874.87841796875,11815.0546875,48736.84765625,12771.849609375,8039.0615234375,5483.1884765625,504103.84375,1250576.25,856046.1875,8,0,0,0,0,0,0,0,0,0,0,0,0,0
294.183471679688,6.42848333333333,33383.3671875,24243.42578125,96054.34375,47877.83984375,13912.41015625,8491.56640625,113090.3671875,102326.015625,47614.578125,7,0,0,0,0,0,0,0,0,0,0,0,0,0
296.17860921224,6.21526666666667,33383.3671875,24243.42578125,498510.09375,47877.83984375,13912.41015625,8491.56640625,113090.3671875,102326.015625,47614.578125,3,0,0,0,0,0,0,0,0,0,0,0,0,0
296.187561035156,6.21526666666667,6014.232421875,6228.26123046875,101373.4765625,8766.326171875,4706.89697265625,100,22601.37109375,22048.619140625,11248.095703125,3,0,0,0,0,0,0,0,0,0,0,0,0,0
295.228210449219,5.57673333333333,100,2499.2646484375,100,6184.427734375,100,100,290531.96875,115995.40625,22867.7265625,7,0,0,0,0,0,0,0,0,0,0,0,0,0
296.981465657552,6.82793333333333,101236.453125,89235.953125,40952.96875,83165.8984375,79934.7109375,76412.515625,41407.80078125,41151.2734375,54950.80078125,1,0,0,0,0,0,0,0,0,0,0,0,0,0
297.116689046224,4.43628333333333,27363.859375,35399.6640625,116234.5234375,27253.490234375,36255.8203125,36131.6875,36456.8515625,45356.890625,40617.59375,3,0,0,0,0,0,0,0,0,0,0,0,0,0
297.153279622396,5.0892,4441707.5,5999313,30036984,5443155,5604378,5425899,603522.9375,6257906.5,5644766,3,0,0,0,0,0,0,0,0,0,0,0,0,0
297.243631998698,5.81308333333333,31602.349609375,42328.93359375,46718.6953125,63369.79296875,33417.28125,52302.65625,1378307.375,1832637.875,518536.125,8,0,0,0,0,0,0,0,0,0,0,0,0,0
297.153289794922,5.0892,213086.890625,275611.6875,1238264.25,251557.140625,264388.78125,240513.03125,413088.8125,305748.125,287074.84375,3,0,0,0,0,0,0,0,0,0,0,0,0,0
297.152862548828,7.89983333333333,22890.943359375,69364.640625,25886.95703125,26989.541015625,27144.94921875,28392.76171875,104751.1171875,36041.015625,29292.263671875,7,0,0,0,0,0,0,0,0,0,0,0,0,0
