mz,minintensity,sampleID,IsUnique,,Formula,ProdList,+e-,-10 ppm,+10 ppm,,Match found?,Total matches
100.925,2871.993896,1,FALSE,,C3H4O3N,102.019119,102.019669,102.0186488,102.0206892,,0,30
100.925,4140.095703,2,FALSE,,C5H9O3,117.05517,117.05572,117.0545494,117.0568906,,3,
100.925,3354.100098,3,FALSE,,C7H5O2,121.028955,121.029505,121.0282947,121.0307153,,0,
100.925,5120.543457,4,FALSE,,C5H5O4,129.018785,129.019335,129.0180448,129.0206252,,0,
100.925,5523.775391,5,FALSE,,C6H9O3,129.05517,129.05572,129.0544294,129.0570106,,9,
100.925,5434.539063,6,FALSE,,C5H7O4,131.034435,131.034985,131.0336747,131.0362953,,9,
100.925,5964.447266,7,FALSE,,C6H11O3,131.07082,131.07137,131.0700593,131.0726807,,0,
100.925,4692.231445,8,FALSE,,C7H5O3,137.02387,137.02442,137.0230498,137.0257902,,0,
100.925,6260.060059,9,FALSE,,C6H4O3N,138.019119,138.019669,138.0182888,138.0210492,,7,
100.932,4047.625488,1,FALSE,,C6H7O4,143.034435,143.034985,143.0335547,143.0364153,,9,
100.932,9189.71582,2,FALSE,,C7H11O3,143.07082,143.07137,143.0699393,143.0728007,,9,
100.932,12041.82813,3,FALSE,,C6H9O4,145.050085,145.050635,145.0491845,145.0520855,,9,
100.932,12676.1123,4,FALSE,,C7H13O3,145.08647,145.08702,145.0855691,145.0884709,,9,
100.932,15567.80664,5,FALSE,,C5H10O4N,148.060984,148.061534,148.0600534,148.0630146,,0,
100.932,11542.09766,6,FALSE,,C8H7O3,151.03952,151.04007,151.0385596,151.0415804,,8,
100.932,14627.30371,7,FALSE,,C8H11O3,155.07082,155.07137,155.0698193,155.0729207,,0,
100.932,15468.85352,8,FALSE,,C8H13O3,157.08647,157.08702,157.0854491,157.0885909,,9,
100.932,15152.16992,9,FALSE,,C9H17O2,157.122855,157.123405,157.1218338,157.1249762,,0,
101.023,2996.612305,1,FALSE,,C8H5O4,165.018785,165.019335,165.0176848,165.0209852,,0,
101.023,2905.459229,2,FALSE,,C9H11O3,167.07082,167.07137,167.0696993,167.0730407,,0,
101.023,3790.556885,3,FALSE,,C9H13O3,169.08647,169.08702,169.0853291,169.0887109,,9,
101.023,4465.506348,4,FALSE,,C8H11O4,171.065735,171.066285,171.0645743,171.0679957,,0,
101.023,3179.477783,5,FALSE,,C9H15O3,171.10212,171.10267,171.100959,171.104381,,9,
101.023,2985.107178,6,FALSE,,C10H19O2,171.138505,171.139055,171.1373436,171.1407664,,0,
101.023,3058.242188,7,FALSE,,C7H9O5,173.045,173.04555,173.0438195,173.0472805,,9,
101.023,3166.893066,8,FALSE,,C8H13O4,173.081385,173.081935,173.0802042,173.0836658,,9,
101.023,3189.713623,9,FALSE,,C7H11O5,175.06065,175.0612,175.0594494,175.0629506,,6,
102.018,2235.68042,2,FALSE,,C9H11O4,183.065735,183.066285,183.0644543,183.0681157,,0,
102.018,2726.524658,5,FALSE,,C9H13O4,185.081385,185.081935,185.0800842,185.0837858,,9,
102.018,2633.017334,6,FALSE,,C8H11O5,187.06065,187.0612,187.0593294,187.0630706,,0,
102.018,2816.752441,7,FALSE,,C9H15O4,187.097035,187.097585,187.095714,187.099456,,9,
102.018,2604.151123,8,FALSE,,C6H12O6N,194.066464,194.067014,194.0650733,194.0689547,,3,
103.039,3280.019775,1,FALSE,,C10H13O4,197.081385,197.081935,197.0799642,197.0839058,,9,
103.039,2186.040771,2,FALSE,,C9H11O5,199.06065,199.0612,199.0592094,199.0631906,,6,
103.039,2888.667236,3,FALSE,,C10H15O4,199.097035,199.097585,199.095594,199.099576,,9,
103.039,3731.959717,4,FALSE,,C9H13O5,201.0763,201.07685,201.0748392,201.0788608,,8,
103.039,2859.788086,5,FALSE,,C10H17O4,201.112685,201.113235,201.1112239,201.1152461,,6,
103.039,2892.557373,6,FALSE,,C11H15O4,211.097035,211.097585,211.095474,211.099696,,9,
103.039,2436.053955,7,FALSE,,C10H13O5,213.0763,213.07685,213.0747192,213.0789808,,0,
103.039,2499.612061,8,FALSE,,C10H15O5,215.09195,215.0925,215.0903491,215.0946509,,9,
103.039,2391.101807,9,FALSE,,C11H19O4,215.128335,215.128885,215.1267337,215.1310363,,0,
111.044,3161.957275,1,FALSE,,C12H13O4,221.081385,221.081935,221.0797242,221.0841458,,1,
111.044,2725.706787,2,FALSE,,C11H13O5,225.0763,225.07685,225.0745992,225.0791008,,0,
111.044,2455.017822,4,FALSE,,C12H19O4,227.128335,227.128885,227.1266137,227.1311563,,0,
111.044,2680.457764,5,FALSE,,C12H15O5,239.09195,239.0925,239.0901091,239.0948909,,1,
111.044,3080.789063,6,FALSE,,C13H19O4,239.128335,239.128885,239.1264937,239.1312763,,1,
111.044,2611.818115,7,FALSE,,C12H17O5,241.1076,241.10815,241.1057389,241.1105611,,9,
111.044,2327.714844,8,FALSE,,C14H21O4,253.143985,253.144535,253.1420036,253.1470664,,1,
111.044,2389.655518,9,FALSE,,C16H31O2,255.232405,255.232955,255.2304027,255.2355073,,0,
112.998,14832.48242,1,FALSE,,C11H15O7,259.08178,259.08233,259.0797392,259.0849208,,0,
112.998,14179.76855,2,FALSE,,C12H25O4S,265.147357,265.147907,265.1452555,265.1505585,,0,
112.998,16255.08691,3,FALSE,,C14H21O5,269.1389,269.13945,269.1367586,269.1421414,,0,
112.998,16126.25781,4,FALSE,,C18H35O2,283.263705,283.264255,283.2614224,283.2670876,,0,
112.998,14682.90918,5,FALSE,,C14H21O7,301.12873,301.12928,301.1262687,301.1322913,,0,
112.998,17782.45703,6,FALSE,,C14H19O8,315.107995,315.108545,315.1053939,315.1116961,,0,
112.998,14221.84277,7,FALSE,,C15H23O7,315.14438,315.14493,315.1417786,315.1480814,,0,
112.998,15177.82617,8,FALSE,,C15H21O8,329.123645,329.124195,329.1209038,329.1274862,,0,
112.998,17445.89648,9,FALSE,,,,,,,,,
113.023,6069.719727,1,FALSE,,,,,,,,,
113.023,7644.121582,2,FALSE,,,,,,,,,
113.023,7003.316895,3,FALSE,,,,,,,,,
113.023,6364.360352,4,FALSE,,,,,,,,,
113.023,5462.588867,5,FALSE,,,,,,,,,
113.023,6356.195313,6,FALSE,,,,,,,,,
113.023,4862.628906,7,FALSE,,,,,,,,,
113.023,5678.938477,8,FALSE,,,,,,,,,
113.023,5688.663086,9,FALSE,,,,,,,,,
113.06,4340.932617,1,FALSE,,,,,,,,,
113.06,4830.967285,2,FALSE,,,,,,,,,
113.06,4322.46582,3,FALSE,,,,,,,,,
113.06,2845.488525,4,FALSE,,,,,,,,,
113.06,4661.691406,5,FALSE,,,,,,,,,
113.06,3125.05127,6,FALSE,,,,,,,,,
113.06,4783.433594,7,FALSE,,,,,,,,,
113.06,5477.961914,8,FALSE,,,,,,,,,
113.06,4387.636719,9,FALSE,,,,,,,,,
113.925,3608.116943,1,FALSE,,,,,,,,,
113.925,11548.16797,2,FALSE,,,,,,,,,
113.925,11712.19434,3,FALSE,,,,,,,,,
113.925,12071.03516,4,FALSE,,,,,,,,,
113.925,14603.5293,5,FALSE,,,,,,,,,
113.925,11231.26074,6,FALSE,,,,,,,,,
113.925,10888.18457,7,FALSE,,,,,,,,,
113.925,9625.417969,8,FALSE,,,,,,,,,
113.925,16367.9209,9,FALSE,,,,,,,,,
113.988,4955.815918,1,FALSE,,,,,,,,,
113.988,5966.34375,2,FALSE,,,,,,,,,
113.988,8306.258789,3,FALSE,,,,,,,,,
113.988,6640.278809,4,FALSE,,,,,,,,,
113.988,5753.071289,5,FALSE,,,,,,,,,
113.988,6896.182129,6,FALSE,,,,,,,,,
113.988,7561.561035,7,FALSE,,,,,,,,,
113.988,7856.494141,8,FALSE,,,,,,,,,
113.988,8641.370117,9,FALSE,,,,,,,,,
114.933,13634.82813,1,FALSE,,,,,,,,,
114.933,17928.77539,2,FALSE,,,,,,,,,
114.933,10656.19824,3,FALSE,,,,,,,,,
114.933,14997.55078,4,FALSE,,,,,,,,,
114.933,21033.66602,5,FALSE,,,,,,,,,
114.933,16496.65234,6,FALSE,,,,,,,,,
114.933,17971.87305,7,FALSE,,,,,,,,,
114.933,18961.28125,8,FALSE,,,,,,,,,
114.933,23006.90039,9,FALSE,,,,,,,,,
114.989,2947.428955,2,TRUE,,,,,,,,,
115.003,2655.782959,4,FALSE,,,,,,,,,
115.003,2510.260986,5,FALSE,,,,,,,,,
115.003,2682.840332,8,FALSE,,,,,,,,,
115.003,2725.259033,9,FALSE,,,,,,,,,
115.039,4072.479492,1,FALSE,,,,,,,,,
115.039,4097.783203,2,FALSE,,,,,,,,,
115.039,2861.246094,3,FALSE,,,,,,,,,
115.039,5231.814941,4,FALSE,,,,,,,,,
115.039,3543.945801,5,FALSE,,,,,,,,,
115.039,4391.237793,6,FALSE,,,,,,,,,
115.039,4043.402832,7,FALSE,,,,,,,,,
115.039,4673.432129,8,FALSE,,,,,,,,,
115.039,3475.12793,9,FALSE,,,,,,,,,
115.92,749353,4,FALSE,,,,,,,,,
115.92,913885.25,5,FALSE,,,,,,,,,
115.92,833301.6875,8,FALSE,,,,,,,,,
115.92,946408,9,FALSE,,,,,,,,,
116.034,3462.718018,1,FALSE,,,,,,,,,
116.034,3580.537842,2,FALSE,,,,,,,,,
116.034,4011.195313,3,FALSE,,,,,,,,,
116.034,4316.05127,4,FALSE,,,,,,,,,
116.034,4479.571777,5,FALSE,,,,,,,,,
116.034,3645.180908,6,FALSE,,,,,,,,,
116.034,3579.406006,7,FALSE,,,,,,,,,
116.034,4397.871094,8,FALSE,,,,,,,,,
116.034,3411.280518,9,FALSE,,,,,,,,,
116.92,48774.00781,1,FALSE,,,,,,,,,
116.92,77206.66406,2,FALSE,,,,,,,,,
116.92,94640.61719,3,FALSE,,,,,,,,,
116.92,89832.53906,4,FALSE,,,,,,,,,
116.92,112598.4219,5,FALSE,,,,,,,,,
116.92,92711.67969,6,FALSE,,,,,,,,,
116.92,107169.8594,7,FALSE,,,,,,,,,
116.92,102023.2031,8,FALSE,,,,,,,,,
116.92,112339.7266,9,FALSE,,,,,,,,,
116.927,1098321.875,1,FALSE,,,,,,,,,
116.927,1124913.125,2,FALSE,,,,,,,,,
116.927,910205.375,3,FALSE,,,,,,,,,
116.927,1309339,4,FALSE,,,,,,,,,
116.927,1584316,5,FALSE,,,,,,,,,
116.927,1311506.75,6,FALSE,,,,,,,,,
116.927,1459936.75,7,FALSE,,,,,,,,,
116.927,1535346.375,8,FALSE,,,,,,,,,
116.927,1588758.125,9,FALSE,,,,,,,,,
117.018,109369.6875,1,FALSE,,,,,,,,,
117.018,112099.9766,2,FALSE,,,,,,,,,
117.018,89953.55469,3,FALSE,,,,,,,,,
117.018,119422.1484,4,FALSE,,,,,,,,,
117.018,109087.2891,5,FALSE,,,,,,,,,
117.018,106138.1016,6,FALSE,,,,,,,,,
117.018,102433.7813,7,FALSE,,,,,,,,,
117.018,109077.0469,8,FALSE,,,,,,,,,
117.018,101589.3672,9,FALSE,,,,,,,,,
117.055,11442.59766,4,FALSE,,,,,,,,,
117.055,10098.04883,8,FALSE,,,,,,,,,
117.055,10751.23828,9,FALSE,,,,,,,,,
117.918,9978.523438,1,FALSE,,,,,,,,,
117.918,17955.22266,2,FALSE,,,,,,,,,
117.918,21452.24219,3,FALSE,,,,,,,,,
117.918,24028.25586,4,FALSE,,,,,,,,,
117.918,23356.75,5,FALSE,,,,,,,,,
117.918,23847.44727,6,FALSE,,,,,,,,,
117.918,23268.16602,7,FALSE,,,,,,,,,
117.918,25338.76563,8,FALSE,,,,,,,,,
117.918,28568.9082,9,FALSE,,,,,,,,,
118.923,5533.734863,1,FALSE,,,,,,,,,
118.923,8205.994141,2,FALSE,,,,,,,,,
118.923,9243.875,3,FALSE,,,,,,,,,
118.923,7667.159668,4,FALSE,,,,,,,,,
118.923,12318.30469,5,FALSE,,,,,,,,,
118.923,9053.058594,6,FALSE,,,,,,,,,
118.923,10135.96387,7,FALSE,,,,,,,,,
118.923,9932.941406,8,FALSE,,,,,,,,,
118.923,9443.03418,9,FALSE,,,,,,,,,
118.926,32985.71094,1,FALSE,,,,,,,,,
118.926,31025.44922,2,FALSE,,,,,,,,,
118.926,25081.05078,3,FALSE,,,,,,,,,
118.926,33745.80469,4,FALSE,,,,,,,,,
118.926,47347.11719,5,FALSE,,,,,,,,,
118.926,32337.65039,6,FALSE,,,,,,,,,
118.926,42577.19922,7,FALSE,,,,,,,,,
118.926,41016.00781,8,FALSE,,,,,,,,,
118.926,42865.40625,9,FALSE,,,,,,,,,
118.932,4187.15625,3,FALSE,,,,,,,,,
118.932,11283.45313,8,FALSE,,,,,,,,,
118.932,10123.42969,9,FALSE,,,,,,,,,
119.034,2835.028076,1,FALSE,,,,,,,,,
119.034,2874.910645,2,FALSE,,,,,,,,,
119.034,4009.814453,3,FALSE,,,,,,,,,
119.034,2843.209961,4,FALSE,,,,,,,,,
119.034,3017.848877,5,FALSE,,,,,,,,,
119.034,3328.463379,6,FALSE,,,,,,,,,
119.034,3069.228516,7,FALSE,,,,,,,,,
119.034,3949.90332,8,FALSE,,,,,,,,,
119.034,3039.909912,9,FALSE,,,,,,,,,
120.065,2257.100098,1,FALSE,,,,,,,,,
120.065,2455.120117,2,FALSE,,,,,,,,,
120.065,2911.240723,6,FALSE,,,,,,,,,
121.028,6206.862305,1,FALSE,,,,,,,,,
121.028,6385.933594,2,FALSE,,,,,,,,,
121.028,5197.933105,3,FALSE,,,,,,,,,
121.028,8996.110352,4,FALSE,,,,,,,,,
121.028,6789.387695,5,FALSE,,,,,,,,,
121.028,6569.758301,6,FALSE,,,,,,,,,
121.028,6685.945313,7,FALSE,,,,,,,,,
121.028,5189.494629,8,FALSE,,,,,,,,,
121.028,6953.0625,9,FALSE,,,,,,,,,
123.044,2058.350098,1,FALSE,,,,,,,,,
123.044,2768.999512,2,FALSE,,,,,,,,,
123.044,2709.85376,4,FALSE,,,,,,,,,
123.044,2579.034668,6,FALSE,,,,,,,,,
123.044,2247.393066,7,FALSE,,,,,,,,,
123.044,2234.744385,8,FALSE,,,,,,,,,
123.044,2100.245117,9,FALSE,,,,,,,,,
125.023,4994.849609,1,FALSE,,,,,,,,,
125.023,3286.63916,2,FALSE,,,,,,,,,
125.023,2906.47876,3,FALSE,,,,,,,,,
125.023,4882.548828,4,FALSE,,,,,,,,,
125.023,4760.61084,5,FALSE,,,,,,,,,
125.023,4627.643066,6,FALSE,,,,,,,,,
125.023,4024.121826,7,FALSE,,,,,,,,,
125.023,4957.212891,8,FALSE,,,,,,,,,
125.023,3503.616699,9,FALSE,,,,,,,,,
125.06,7946.402344,1,FALSE,,,,,,,,,
125.06,7266.352051,2,FALSE,,,,,,,,,
125.06,7828.862793,3,FALSE,,,,,,,,,
125.06,7458.049316,4,FALSE,,,,,,,,,
125.06,8162.485352,5,FALSE,,,,,,,,,
125.06,7490.632324,9,FALSE,,,,,,,,,
125.096,3574.463623,1,FALSE,,,,,,,,,
125.096,3050.616211,2,FALSE,,,,,,,,,
125.096,2803.566162,3,FALSE,,,,,,,,,
125.096,3821.48877,4,FALSE,,,,,,,,,
125.096,3188.872559,5,FALSE,,,,,,,,,
125.096,3293.181152,6,FALSE,,,,,,,,,
125.096,4021.890869,8,FALSE,,,,,,,,,
125.096,3192.855225,9,FALSE,,,,,,,,,
127.014,3682.532227,1,FALSE,,,,,,,,,
127.014,3268.389893,2,FALSE,,,,,,,,,
127.014,3257.437988,3,FALSE,,,,,,,,,
127.014,4011.911133,4,FALSE,,,,,,,,,
127.014,3449.427002,5,FALSE,,,,,,,,,
127.014,3484.150879,6,FALSE,,,,,,,,,
127.014,3631.667725,7,FALSE,,,,,,,,,
127.014,4113.530762,8,FALSE,,,,,,,,,
127.014,4130.773926,9,FALSE,,,,,,,,,
127.039,18717.7832,1,FALSE,,,,,,,,,
127.039,16758.29688,2,FALSE,,,,,,,,,
127.039,19827.04102,3,FALSE,,,,,,,,,
127.039,21710.64258,4,FALSE,,,,,,,,,
127.039,19065.85352,5,FALSE,,,,,,,,,
127.039,21262.22461,6,FALSE,,,,,,,,,
127.039,16783.93555,7,FALSE,,,,,,,,,
127.039,19091.3125,8,FALSE,,,,,,,,,
127.039,17926.49219,9,FALSE,,,,,,,,,
127.075,14293.56543,1,FALSE,,,,,,,,,
127.075,13217.01758,2,FALSE,,,,,,,,,
127.075,15271.04785,3,FALSE,,,,,,,,,
127.075,15890.19922,4,FALSE,,,,,,,,,
127.075,14745.97363,5,FALSE,,,,,,,,,
127.075,15848.66406,6,FALSE,,,,,,,,,
127.075,14390.40723,7,FALSE,,,,,,,,,
127.075,15645.20117,8,FALSE,,,,,,,,,
128.009,9603.591797,1,FALSE,,,,,,,,,
128.009,9746.628906,2,FALSE,,,,,,,,,
128.009,7613.822266,3,FALSE,,,,,,,,,
128.009,10269.56445,4,FALSE,,,,,,,,,
128.009,9040.947266,5,FALSE,,,,,,,,,
128.009,7929.765625,6,FALSE,,,,,,,,,
128.009,8630.836914,7,FALSE,,,,,,,,,
128.009,8198.484375,8,FALSE,,,,,,,,,
128.009,8813.644531,9,FALSE,,,,,,,,,
128.034,9611.208008,1,FALSE,,,,,,,,,
128.034,12046.17969,2,FALSE,,,,,,,,,
128.034,13307.09668,3,FALSE,,,,,,,,,
128.034,10071.55371,4,FALSE,,,,,,,,,
128.034,11951.81055,5,FALSE,,,,,,,,,
128.034,9859.120117,6,FALSE,,,,,,,,,
128.034,8019.893066,7,FALSE,,,,,,,,,
128.034,11814.50586,8,FALSE,,,,,,,,,
128.034,8782.513672,9,FALSE,,,,,,,,,
129.018,39612.46094,1,FALSE,,,,,,,,,
129.018,49684.77344,2,FALSE,,,,,,,,,
129.018,47190.49609,3,FALSE,,,,,,,,,
129.018,51571.25,4,FALSE,,,,,,,,,
129.018,45607.05469,5,FALSE,,,,,,,,,
129.018,48603.58594,6,FALSE,,,,,,,,,
129.018,43728.86328,7,FALSE,,,,,,,,,
129.018,45997.18359,8,FALSE,,,,,,,,,
129.018,44625.48438,9,FALSE,,,,,,,,,
129.055,24653.92773,1,FALSE,,,,,,,,,
129.055,28801.49219,2,FALSE,,,,,,,,,
129.055,23810.32617,3,FALSE,,,,,,,,,
129.055,27841.88477,4,FALSE,,,,,,,,,
129.055,27820.75391,5,FALSE,,,,,,,,,
129.055,28212.55078,6,FALSE,,,,,,,,,
129.055,27369.64453,7,FALSE,,,,,,,,,
129.055,27782.60352,8,FALSE,,,,,,,,,
129.055,27500.05078,9,FALSE,,,,,,,,,
129.975,2215.926514,1,FALSE,,,,,,,,,
129.975,3375.885742,4,FALSE,,,,,,,,,
129.975,3058.889648,6,FALSE,,,,,,,,,
130.05,3182.821533,1,FALSE,,,,,,,,,
130.05,2480.703125,2,FALSE,,,,,,,,,
130.05,2931.688477,3,FALSE,,,,,,,,,
130.05,3306.496826,4,FALSE,,,,,,,,,
130.05,3228.164795,6,FALSE,,,,,,,,,
130.05,3522.973145,7,FALSE,,,,,,,,,
130.05,3561.13623,8,FALSE,,,,,,,,,
130.05,2977.662109,9,FALSE,,,,,,,,,
130.928,2628.825439,4,FALSE,,,,,,,,,
130.928,2531.580322,5,FALSE,,,,,,,,,
130.928,2671.881836,6,FALSE,,,,,,,,,
130.928,2228.930176,7,FALSE,,,,,,,,,
130.928,2327.150635,8,FALSE,,,,,,,,,
130.928,2705.664307,9,FALSE,,,,,,,,,
130.943,2180.519775,6,TRUE,,,,,,,,,
131.034,86559.42969,1,FALSE,,,,,,,,,
131.034,92762.61719,2,FALSE,,,,,,,,,
131.034,73033.8125,3,FALSE,,,,,,,,,
131.034,100739.0391,4,FALSE,,,,,,,,,
131.034,96574.1875,5,FALSE,,,,,,,,,
131.034,87468.49219,6,FALSE,,,,,,,,,
131.034,83769.82031,7,FALSE,,,,,,,,,
131.034,87899.77344,8,FALSE,,,,,,,,,
131.034,96577.85156,9,FALSE,,,,,,,,,
131.07,15530.17871,1,FALSE,,,,,,,,,
131.07,10419.22266,2,FALSE,,,,,,,,,
131.07,9510.339844,3,FALSE,,,,,,,,,
131.07,12473.87793,4,FALSE,,,,,,,,,
131.07,13398.33008,5,FALSE,,,,,,,,,
131.07,12999.28711,6,FALSE,,,,,,,,,
131.07,9569.154297,7,FALSE,,,,,,,,,
131.07,11540.32715,8,FALSE,,,,,,,,,
131.07,12584.31055,9,FALSE,,,,,,,,,
132.037,2681.59082,1,FALSE,,,,,,,,,
132.037,3486.825928,2,FALSE,,,,,,,,,
132.037,2495.438477,4,FALSE,,,,,,,,,
132.037,3083.898438,5,FALSE,,,,,,,,,
132.037,2996.676514,6,FALSE,,,,,,,,,
132.037,3918.480713,8,FALSE,,,,,,,,,
132.037,3254.266113,9,FALSE,,,,,,,,,
132.867,11833.70215,1,FALSE,,,,,,,,,
132.867,7096.352051,2,FALSE,,,,,,,,,
132.867,6041.477051,3,FALSE,,,,,,,,,
132.867,3956.862305,4,FALSE,,,,,,,,,
132.867,2932.026123,5,FALSE,,,,,,,,,
132.867,3469.386475,6,FALSE,,,,,,,,,
132.867,3949.603271,7,FALSE,,,,,,,,,
132.867,3147.335693,8,FALSE,,,,,,,,,
132.867,3173.822754,9,FALSE,,,,,,,,,
132.899,2004.629517,1,FALSE,,,,,,,,,
132.899,4306.289551,2,FALSE,,,,,,,,,
132.899,4235.074219,4,FALSE,,,,,,,,,
132.899,4136.230957,5,FALSE,,,,,,,,,
132.899,5312,6,FALSE,,,,,,,,,
132.899,3469.783691,7,FALSE,,,,,,,,,
132.899,4291.332031,8,FALSE,,,,,,,,,
132.899,4285.812012,9,FALSE,,,,,,,,,
132.922,39310.90625,1,FALSE,,,,,,,,,
132.922,62613.38281,2,FALSE,,,,,,,,,
132.922,65493.84375,3,FALSE,,,,,,,,,
132.922,67025.69531,4,FALSE,,,,,,,,,
132.922,78605.04688,5,FALSE,,,,,,,,,
132.922,71310.8125,6,FALSE,,,,,,,,,
132.922,72523.16406,7,FALSE,,,,,,,,,
132.922,70435.125,8,FALSE,,,,,,,,,
132.922,90570.74219,9,FALSE,,,,,,,,,
134.046,2516.062988,1,FALSE,,,,,,,,,
134.046,2924.861816,2,FALSE,,,,,,,,,
134.046,3202.395508,4,FALSE,,,,,,,,,
134.046,3091.688232,5,FALSE,,,,,,,,,
134.046,3095.703369,6,FALSE,,,,,,,,,
134.864,4320.859375,1,FALSE,,,,,,,,,
134.864,3159.921387,2,FALSE,,,,,,,,,
134.864,2418.491455,3,FALSE,,,,,,,,,
134.864,2329.068848,4,FALSE,,,,,,,,,
134.864,2309.059814,5,FALSE,,,,,,,,,
134.864,2051.439453,7,FALSE,,,,,,,,,
134.864,2351.030029,8,FALSE,,,,,,,,,
134.894,130472.6641,4,FALSE,,,,,,,,,
134.894,137312.75,5,FALSE,,,,,,,,,
134.894,79780.85938,8,FALSE,,,,,,,,,
134.894,144996.7188,9,FALSE,,,,,,,,,
135.044,2065.956787,1,FALSE,,,,,,,,,
135.044,2838.972412,2,FALSE,,,,,,,,,
135.044,2987.564941,4,FALSE,,,,,,,,,
135.044,2679.748291,5,FALSE,,,,,,,,,
135.044,2315.70874,6,FALSE,,,,,,,,,
135.894,5731.568848,1,FALSE,,,,,,,,,
135.894,13142.67676,2,FALSE,,,,,,,,,
135.894,11495.78027,4,FALSE,,,,,,,,,
135.894,11842.8418,5,FALSE,,,,,,,,,
135.894,13392.76953,6,FALSE,,,,,,,,,
135.894,10063.68262,7,FALSE,,,,,,,,,
135.894,11569.2793,8,FALSE,,,,,,,,,
135.894,13099.375,9,FALSE,,,,,,,,,
136.862,2695.073975,1,FALSE,,,,,,,,,
136.862,2140.939941,3,FALSE,,,,,,,,,
136.891,18833.89648,1,FALSE,,,,,,,,,
136.891,36391.69531,4,FALSE,,,,,,,,,
136.891,41366.19531,5,FALSE,,,,,,,,,
136.891,17510.68359,8,FALSE,,,,,,,,,
136.891,40666.57813,9,FALSE,,,,,,,,,
137.023,6127.21875,1,FALSE,,,,,,,,,
137.023,8182.837891,2,FALSE,,,,,,,,,
137.023,6987.930664,3,FALSE,,,,,,,,,
137.023,7826.734863,4,FALSE,,,,,,,,,
137.023,6526.92627,5,FALSE,,,,,,,,,
137.023,8129.497559,6,FALSE,,,,,,,,,
137.023,7989.876465,7,FALSE,,,,,,,,,
137.023,8594.09082,8,FALSE,,,,,,,,,
137.023,7491.382813,9,FALSE,,,,,,,,,
137.06,2011.659424,2,FALSE,,,,,,,,,
137.06,2106.959961,5,FALSE,,,,,,,,,
137.891,2333.986572,1,FALSE,,,,,,,,,
137.891,3631.057861,2,FALSE,,,,,,,,,
137.891,4284.77832,4,FALSE,,,,,,,,,
137.891,5066.63623,5,FALSE,,,,,,,,,
137.891,6710.026367,6,FALSE,,,,,,,,,
137.891,6389.409668,7,FALSE,,,,,,,,,
137.891,6641.442383,8,FALSE,,,,,,,,,
137.891,5280.693848,9,FALSE,,,,,,,,,
138.019,7325.913574,1,FALSE,,,,,,,,,
138.019,9277.633789,2,FALSE,,,,,,,,,
138.019,8302.929688,4,FALSE,,,,,,,,,
138.019,7187.620117,5,FALSE,,,,,,,,,
138.019,8619.071289,6,FALSE,,,,,,,,,
138.019,8344.15918,8,FALSE,,,,,,,,,
138.019,6717.177734,9,FALSE,,,,,,,,,
138.889,3533.534668,1,FALSE,,,,,,,,,
138.889,2931.6604,2,FALSE,,,,,,,,,
138.889,2694.469238,4,FALSE,,,,,,,,,
138.889,5851.725586,5,FALSE,,,,,,,,,
138.889,2796.212646,6,FALSE,,,,,,,,,
138.889,3531.552979,7,FALSE,,,,,,,,,
138.889,3856.555908,8,FALSE,,,,,,,,,
138.889,4115.012695,9,FALSE,,,,,,,,,
139.003,3337.362305,4,FALSE,,,,,,,,,
139.003,3380.92749,5,FALSE,,,,,,,,,
139.003,3214.712646,9,FALSE,,,,,,,,,
139.039,3135.578857,1,FALSE,,,,,,,,,
139.039,3162.10376,2,FALSE,,,,,,,,,
139.039,3178.727783,4,FALSE,,,,,,,,,
139.039,3708.790039,5,FALSE,,,,,,,,,
139.039,3014.191162,6,FALSE,,,,,,,,,
139.039,3664.814941,7,FALSE,,,,,,,,,
139.039,4064.359863,8,FALSE,,,,,,,,,
139.039,2742.092285,9,FALSE,,,,,,,,,
139.075,2758.617676,1,FALSE,,,,,,,,,
139.075,3594.458496,2,FALSE,,,,,,,,,
139.075,2405.288086,4,FALSE,,,,,,,,,
139.075,2800.065918,5,FALSE,,,,,,,,,
139.075,3620.605957,6,FALSE,,,,,,,,,
139.075,3045.450439,7,FALSE,,,,,,,,,
139.075,2663.22876,8,FALSE,,,,,,,,,
139.075,3286.916748,9,FALSE,,,,,,,,,
141.018,2914.845459,1,FALSE,,,,,,,,,
141.018,2729.411865,2,FALSE,,,,,,,,,
141.018,2993.063232,4,FALSE,,,,,,,,,
141.018,2879.45166,5,FALSE,,,,,,,,,
141.018,2925.745605,6,FALSE,,,,,,,,,
141.018,3070.421387,8,FALSE,,,,,,,,,
141.018,3186.601807,9,FALSE,,,,,,,,,
141.055,2783.477051,1,FALSE,,,,,,,,,
141.055,3488.703125,2,FALSE,,,,,,,,,
141.055,3310.918213,4,FALSE,,,,,,,,,
141.055,3798.460938,5,FALSE,,,,,,,,,
141.055,3402.133789,6,FALSE,,,,,,,,,
141.055,3289.846436,7,FALSE,,,,,,,,,
141.055,3881.305908,8,FALSE,,,,,,,,,
141.055,2812.98291,9,FALSE,,,,,,,,,
141.091,2290.144775,1,FALSE,,,,,,,,,
141.091,2175.353027,2,FALSE,,,,,,,,,
141.091,2896.294922,4,FALSE,,,,,,,,,
141.091,2999.823975,5,FALSE,,,,,,,,,
141.091,3836.650391,6,FALSE,,,,,,,,,
141.091,3292.288574,8,FALSE,,,,,,,,,
141.091,3035.466553,9,FALSE,,,,,,,,,
142.05,3153.878174,1,FALSE,,,,,,,,,
142.05,3001.940674,2,FALSE,,,,,,,,,
142.05,2816.483643,4,FALSE,,,,,,,,,
142.05,3219.924316,5,FALSE,,,,,,,,,
142.05,3350.75293,6,FALSE,,,,,,,,,
142.05,3146.50708,7,FALSE,,,,,,,,,
142.05,3101.263184,8,FALSE,,,,,,,,,
142.05,3393.80835,9,FALSE,,,,,,,,,
142.928,6615.730957,1,FALSE,,,,,,,,,
142.928,9985.508789,2,FALSE,,,,,,,,,
142.928,10988.80273,3,FALSE,,,,,,,,,
142.928,11456.22168,4,FALSE,,,,,,,,,
142.928,14963.22949,5,FALSE,,,,,,,,,
142.928,12722.51563,6,FALSE,,,,,,,,,
142.928,15824.23242,7,FALSE,,,,,,,,,
142.928,14712.60547,8,FALSE,,,,,,,,,
142.928,16759.11914,9,FALSE,,,,,,,,,
143.034,18642.84766,1,FALSE,,,,,,,,,
143.034,21128.16797,2,FALSE,,,,,,,,,
143.034,17728.83398,3,FALSE,,,,,,,,,
143.034,23218.55273,4,FALSE,,,,,,,,,
143.034,23189.49414,5,FALSE,,,,,,,,,
143.034,20597.06836,6,FALSE,,,,,,,,,
143.034,19871.98828,7,FALSE,,,,,,,,,
143.034,19564.10547,8,FALSE,,,,,,,,,
143.034,20515.80469,9,FALSE,,,,,,,,,
143.07,49473.16406,1,FALSE,,,,,,,,,
143.07,49231.125,2,FALSE,,,,,,,,,
143.07,48721.28906,3,FALSE,,,,,,,,,
143.07,47441.82813,4,FALSE,,,,,,,,,
143.07,50419.52344,5,FALSE,,,,,,,,,
143.07,48989.07031,6,FALSE,,,,,,,,,
143.07,48956.04297,7,FALSE,,,,,,,,,
143.07,50395.49219,8,FALSE,,,,,,,,,
143.07,48146.69531,9,FALSE,,,,,,,,,
144.066,3103.19751,2,FALSE,,,,,,,,,
144.066,3158.270996,4,FALSE,,,,,,,,,
144.066,2770.436035,9,FALSE,,,,,,,,,
144.074,2171.818848,4,FALSE,,,,,,,,,
144.074,2165.634521,5,FALSE,,,,,,,,,
144.074,2257.244385,6,FALSE,,,,,,,,,
144.074,2535.678955,7,FALSE,,,,,,,,,
144.074,2340.150879,8,FALSE,,,,,,,,,
144.991,4146.668945,1,FALSE,,,,,,,,,
144.991,4138.428223,2,FALSE,,,,,,,,,
144.991,4462.515137,3,FALSE,,,,,,,,,
144.991,4794.742676,4,FALSE,,,,,,,,,
144.991,4179.538086,5,FALSE,,,,,,,,,
144.991,4433.617676,6,FALSE,,,,,,,,,
144.991,3825.697754,7,FALSE,,,,,,,,,
144.991,4028.702393,8,FALSE,,,,,,,,,
144.991,3938.131836,9,FALSE,,,,,,,,,
145.05,43729.14453,1,FALSE,,,,,,,,,
145.05,52971.81641,2,FALSE,,,,,,,,,
145.05,45304.27734,3,FALSE,,,,,,,,,
145.05,56745.24609,4,FALSE,,,,,,,,,
145.05,57192.93359,5,FALSE,,,,,,,,,
145.05,44971.23828,6,FALSE,,,,,,,,,
145.05,50740.76172,7,FALSE,,,,,,,,,
145.05,54556.89844,8,FALSE,,,,,,,,,
145.05,57956.01953,9,FALSE,,,,,,,,,
145.086,3970.1521,1,FALSE,,,,,,,,,
145.086,5852.693848,2,FALSE,,,,,,,,,
145.086,3645.21875,3,FALSE,,,,,,,,,
145.086,5073.736328,4,FALSE,,,,,,,,,
145.086,6395.776367,5,FALSE,,,,,,,,,
145.086,3620.113037,6,FALSE,,,,,,,,,
145.086,4415.23291,7,FALSE,,,,,,,,,
145.086,5183.759277,8,FALSE,,,,,,,,,
145.086,5207.708008,9,FALSE,,,,,,,,,
145.923,17105.12891,1,FALSE,,,,,,,,,
145.923,29071.73242,2,FALSE,,,,,,,,,
145.923,35118.64844,3,FALSE,,,,,,,,,
145.923,34185.64063,4,FALSE,,,,,,,,,
145.923,40551.57422,5,FALSE,,,,,,,,,
145.923,32545.67578,6,FALSE,,,,,,,,,
145.923,38874.90234,7,FALSE,,,,,,,,,
145.923,37991.92188,8,FALSE,,,,,,,,,
145.923,41883.15234,9,FALSE,,,,,,,,,
145.926,2330.838135,1,FALSE,,,,,,,,,
145.926,2452.697754,2,FALSE,,,,,,,,,
145.926,2118.359131,4,FALSE,,,,,,,,,
145.926,2836.748535,5,FALSE,,,,,,,,,
145.926,2259.444336,6,FALSE,,,,,,,,,
145.926,2416.817871,7,FALSE,,,,,,,,,
145.926,2205.512207,8,FALSE,,,,,,,,,
145.926,2487.487305,9,FALSE,,,,,,,,,
146.045,2471.403076,4,FALSE,,,,,,,,,
146.045,3009.507813,5,FALSE,,,,,,,,,
146.045,3038.886719,6,FALSE,,,,,,,,,
146.045,2973.9021,9,FALSE,,,,,,,,,
146.053,2670.191406,1,FALSE,,,,,,,,,
146.053,3047.459229,2,FALSE,,,,,,,,,
146.053,2932.108887,4,FALSE,,,,,,,,,
146.053,2814.647217,5,FALSE,,,,,,,,,
146.053,2934.529541,6,FALSE,,,,,,,,,
146.053,2947.36377,8,FALSE,,,,,,,,,
146.053,2582.630371,9,FALSE,,,,,,,,,
147.029,3187.860352,1,FALSE,,,,,,,,,
147.029,3376.255615,2,FALSE,,,,,,,,,
147.029,2707.666748,4,FALSE,,,,,,,,,
147.029,2744.620361,5,FALSE,,,,,,,,,
147.029,3330.801025,6,FALSE,,,,,,,,,
147.029,2995.188477,7,FALSE,,,,,,,,,
147.029,2820.179932,8,FALSE,,,,,,,,,
147.029,3661.299072,9,FALSE,,,,,,,,,
148.952,38186,1,FALSE,,,,,,,,,
148.952,41312.20703,2,FALSE,,,,,,,,,
148.952,42583.79297,3,FALSE,,,,,,,,,
148.952,40915.9375,4,FALSE,,,,,,,,,
148.952,42522.42969,5,FALSE,,,,,,,,,
148.952,37849.57422,6,FALSE,,,,,,,,,
148.952,40827.72266,7,FALSE,,,,,,,,,
148.952,37509.51953,8,FALSE,,,,,,,,,
148.952,44282.17188,9,FALSE,,,,,,,,,
151.039,2919.073975,1,FALSE,,,,,,,,,
151.039,2550.606934,2,FALSE,,,,,,,,,
151.039,3062.558105,4,FALSE,,,,,,,,,
151.039,3505.085693,5,FALSE,,,,,,,,,
151.039,3369.344971,6,FALSE,,,,,,,,,
151.039,4015.570801,7,FALSE,,,,,,,,,
151.039,3451.273682,8,FALSE,,,,,,,,,
151.039,4081.852783,9,FALSE,,,,,,,,,
153.018,2779.920654,2,FALSE,,,,,,,,,
153.018,3072.995361,4,FALSE,,,,,,,,,
153.018,3105.341309,5,FALSE,,,,,,,,,
153.055,2951.836426,1,FALSE,,,,,,,,,
153.055,2807.324463,2,FALSE,,,,,,,,,
153.055,3061.703369,4,FALSE,,,,,,,,,
153.055,2686.518311,5,FALSE,,,,,,,,,
153.055,3588.117432,6,FALSE,,,,,,,,,
153.055,3355.729248,7,FALSE,,,,,,,,,
153.055,3036.401367,8,FALSE,,,,,,,,,
153.055,3492.913818,9,FALSE,,,,,,,,,
153.091,2169.7229,2,FALSE,,,,,,,,,
153.091,2817.771484,4,FALSE,,,,,,,,,
153.091,2299.122314,5,FALSE,,,,,,,,,
153.091,2372.725098,6,FALSE,,,,,,,,,
153.091,2336.081787,7,FALSE,,,,,,,,,
153.091,2383.795898,8,FALSE,,,,,,,,,
153.091,2435.177002,9,FALSE,,,,,,,,,
153.868,2764.312744,1,FALSE,,,,,,,,,
153.868,2864.367432,2,FALSE,,,,,,,,,
153.868,2293.948486,6,FALSE,,,,,,,,,
155.034,9123.582031,1,FALSE,,,,,,,,,
155.034,8805.887695,2,FALSE,,,,,,,,,
155.034,6013.338379,3,FALSE,,,,,,,,,
155.034,9521.435547,4,FALSE,,,,,,,,,
155.034,10333.64453,5,FALSE,,,,,,,,,
155.034,9881.613281,6,FALSE,,,,,,,,,
155.034,10475.0498,7,FALSE,,,,,,,,,
155.034,10971.54688,8,FALSE,,,,,,,,,
155.034,9663.854492,9,FALSE,,,,,,,,,
155.107,2066.598877,1,FALSE,,,,,,,,,
155.107,2156.852783,2,FALSE,,,,,,,,,
155.107,2207.245361,4,FALSE,,,,,,,,,
155.107,2321.249268,5,FALSE,,,,,,,,,
155.107,2503.608154,6,FALSE,,,,,,,,,
155.107,2329.881836,7,FALSE,,,,,,,,,
155.107,2559.640625,8,FALSE,,,,,,,,,
155.107,2305.092285,9,FALSE,,,,,,,,,
155.865,2071.050049,1,TRUE,,,,,,,,,
156.894,2019.644531,2,FALSE,,,,,,,,,
156.894,2031.589233,4,FALSE,,,,,,,,,
156.894,3182.315186,5,FALSE,,,,,,,,,
156.894,2812.736328,6,FALSE,,,,,,,,,
156.894,3118.857666,7,FALSE,,,,,,,,,
156.894,2528.342285,8,FALSE,,,,,,,,,
156.894,2582.25415,9,FALSE,,,,,,,,,
157.05,44262.39453,1,FALSE,,,,,,,,,
157.05,49316.95313,2,FALSE,,,,,,,,,
157.05,39784.76563,3,FALSE,,,,,,,,,
157.05,45896.32422,4,FALSE,,,,,,,,,
157.05,50171.33984,5,FALSE,,,,,,,,,
157.05,49915.04688,6,FALSE,,,,,,,,,
157.05,44507.45703,7,FALSE,,,,,,,,,
157.05,47839.57031,8,FALSE,,,,,,,,,
157.05,47341.87891,9,FALSE,,,,,,,,,
157.086,4242.053711,1,FALSE,,,,,,,,,
157.086,4224.554688,2,FALSE,,,,,,,,,
157.086,3990.003906,3,FALSE,,,,,,,,,
157.086,5166.048828,4,FALSE,,,,,,,,,
157.086,5120.319824,5,FALSE,,,,,,,,,
157.086,4309.062012,6,FALSE,,,,,,,,,
157.086,4968.172363,7,FALSE,,,,,,,,,
157.086,4576.905273,8,FALSE,,,,,,,,,
157.086,5173.608887,9,FALSE,,,,,,,,,
158.053,2152.592285,1,FALSE,,,,,,,,,
158.053,2292.576172,2,FALSE,,,,,,,,,
158.053,2333.365234,4,FALSE,,,,,,,,,
158.053,2398.012939,6,FALSE,,,,,,,,,
158.053,2552.859619,8,FALSE,,,,,,,,,
158.053,2182.210693,9,FALSE,,,,,,,,,
158.081,2805.016113,2,FALSE,,,,,,,,,
158.081,3134.863281,4,FALSE,,,,,,,,,
158.081,2837.729492,6,FALSE,,,,,,,,,
158.892,2388.128662,5,FALSE,,,,,,,,,
158.892,2130.545898,6,FALSE,,,,,,,,,
158.892,2687.040283,7,FALSE,,,,,,,,,
158.892,2686.68335,9,FALSE,,,,,,,,,
159.029,2217.659424,2,FALSE,,,,,,,,,
159.029,2556.430908,4,FALSE,,,,,,,,,
159.029,2509.915527,5,FALSE,,,,,,,,,
159.029,2193.704346,6,FALSE,,,,,,,,,
159.029,2454.716309,7,FALSE,,,,,,,,,
159.029,2260.618652,8,FALSE,,,,,,,,,
159.029,2240.186768,9,FALSE,,,,,,,,,
159.065,62115.70703,2,FALSE,,,,,,,,,
159.065,54381.91406,3,FALSE,,,,,,,,,
159.065,68495.98438,5,FALSE,,,,,,,,,
159.065,55033.02344,7,FALSE,,,,,,,,,
159.065,60214.53906,8,FALSE,,,,,,,,,
159.102,2662.709961,1,FALSE,,,,,,,,,
159.102,2983.782471,2,FALSE,,,,,,,,,
159.102,2947.292969,4,FALSE,,,,,,,,,
159.102,3596.210693,7,FALSE,,,,,,,,,
159.893,2220.972168,1,FALSE,,,,,,,,,
159.893,2288.219238,2,FALSE,,,,,,,,,
159.893,2847.906982,4,FALSE,,,,,,,,,
159.893,4682.113281,5,FALSE,,,,,,,,,
159.893,3269.983398,6,FALSE,,,,,,,,,
159.893,2473.024414,7,FALSE,,,,,,,,,
159.893,3525.597168,8,FALSE,,,,,,,,,
159.893,4101.919434,9,FALSE,,,,,,,,,
160.069,2301.192383,1,FALSE,,,,,,,,,
160.069,3289.237061,2,FALSE,,,,,,,,,
160.069,2346.77124,4,FALSE,,,,,,,,,
160.069,3652.165283,5,FALSE,,,,,,,,,
160.069,3025.020508,6,FALSE,,,,,,,,,
160.069,3480.046143,9,FALSE,,,,,,,,,
160.841,2151.922852,1,TRUE,,,,,,,,,
160.892,2024.788696,1,FALSE,,,,,,,,,
160.892,2108.727783,2,FALSE,,,,,,,,,
160.892,2502.545166,4,FALSE,,,,,,,,,
160.892,3518.69751,5,FALSE,,,,,,,,,
160.892,3267.353271,6,FALSE,,,,,,,,,
160.892,2957.252686,7,FALSE,,,,,,,,,
160.892,2889.151611,8,FALSE,,,,,,,,,
160.892,4101.397461,9,FALSE,,,,,,,,,
161.045,5284.619629,1,FALSE,,,,,,,,,
161.045,4794.636719,2,FALSE,,,,,,,,,
161.045,3489.092529,3,FALSE,,,,,,,,,
161.045,6217.377441,4,FALSE,,,,,,,,,
161.045,3370.961914,6,FALSE,,,,,,,,,
161.045,4773.463379,7,FALSE,,,,,,,,,
161.045,3621.351318,8,FALSE,,,,,,,,,
161.045,4912.311035,9,FALSE,,,,,,,,,
161.893,2553.157227,4,FALSE,,,,,,,,,
161.893,2861.27832,5,FALSE,,,,,,,,,
161.893,2206.939697,6,FALSE,,,,,,,,,
161.893,2253.810059,7,FALSE,,,,,,,,,
161.893,3188.086426,8,FALSE,,,,,,,,,
161.893,2427.489258,9,FALSE,,,,,,,,,
162.019,2798.712158,1,FALSE,,,,,,,,,
162.019,2306.110107,2,FALSE,,,,,,,,,
162.019,2578.389893,3,FALSE,,,,,,,,,
162.019,2449.972412,4,FALSE,,,,,,,,,
162.019,3052.01709,5,FALSE,,,,,,,,,
162.019,2847.342529,6,FALSE,,,,,,,,,
162.019,3141.92627,7,FALSE,,,,,,,,,
162.019,3712.840332,8,FALSE,,,,,,,,,
162.019,3306.783203,9,FALSE,,,,,,,,,
162.838,2301.999756,1,TRUE,,,,,,,,,
163.003,2356.681641,2,FALSE,,,,,,,,,
163.003,2239.350586,4,FALSE,,,,,,,,,
163.003,2568.172607,6,FALSE,,,,,,,,,
163.003,2689.919189,8,FALSE,,,,,,,,,
163.039,2714.525635,1,FALSE,,,,,,,,,
163.039,3235.017822,2,FALSE,,,,,,,,,
163.039,3868.408203,3,FALSE,,,,,,,,,
163.039,4136.952637,4,FALSE,,,,,,,,,
163.039,3777.874756,5,FALSE,,,,,,,,,
163.039,3055.988281,6,FALSE,,,,,,,,,
163.039,3630.237305,7,FALSE,,,,,,,,,
163.039,3233.780029,8,FALSE,,,,,,,,,
163.039,4133.758789,9,FALSE,,,,,,,,,
163.06,2548.967773,1,FALSE,,,,,,,,,
163.06,2797.821045,4,FALSE,,,,,,,,,
163.06,2693.146484,9,FALSE,,,,,,,,,
165.055,2973.096924,1,FALSE,,,,,,,,,
165.055,2294.042969,2,FALSE,,,,,,,,,
165.055,2162.526123,4,FALSE,,,,,,,,,
165.055,3027.150146,5,FALSE,,,,,,,,,
165.055,2759.688721,6,FALSE,,,,,,,,,
165.055,2464.586914,7,FALSE,,,,,,,,,
165.055,3022.22876,8,FALSE,,,,,,,,,
165.055,2722.683594,9,FALSE,,,,,,,,,
167.034,2418.420898,1,FALSE,,,,,,,,,
167.034,2610.817871,2,FALSE,,,,,,,,,
167.034,2786.838379,4,FALSE,,,,,,,,,
167.034,3333.979736,5,FALSE,,,,,,,,,
167.034,3143.207275,6,FALSE,,,,,,,,,
167.034,2755.117432,7,FALSE,,,,,,,,,
167.034,2140.990723,8,FALSE,,,,,,,,,
167.034,2823.627197,9,FALSE,,,,,,,,,
169.05,14089.43262,1,FALSE,,,,,,,,,
169.05,15189.68457,2,FALSE,,,,,,,,,
169.05,13613.31445,3,FALSE,,,,,,,,,
169.05,15493.51855,4,FALSE,,,,,,,,,
169.05,15256.60547,5,FALSE,,,,,,,,,
169.05,14622.67383,6,FALSE,,,,,,,,,
169.05,15426.07715,7,FALSE,,,,,,,,,
169.05,13590.71777,8,FALSE,,,,,,,,,
169.05,13134.86523,9,FALSE,,,,,,,,,
169.086,6723.5,1,FALSE,,,,,,,,,
169.086,6841.539551,2,FALSE,,,,,,,,,
169.086,5769.335938,3,FALSE,,,,,,,,,
169.086,8205.134766,4,FALSE,,,,,,,,,
169.086,6531.201172,5,FALSE,,,,,,,,,
169.086,7319.435547,6,FALSE,,,,,,,,,
169.086,4818.673828,7,FALSE,,,,,,,,,
169.086,8107.996094,8,FALSE,,,,,,,,,
169.086,6531.972168,9,FALSE,,,,,,,,,
171.019,2224.739014,1,FALSE,,,,,,,,,
171.019,2395.796631,2,FALSE,,,,,,,,,
171.019,2846.077881,4,FALSE,,,,,,,,,
171.019,2806.253174,5,FALSE,,,,,,,,,
171.019,3075.04834,6,FALSE,,,,,,,,,
171.102,3050.385986,1,FALSE,,,,,,,,,
171.102,2838.86499,2,FALSE,,,,,,,,,
171.102,4428.306641,3,FALSE,,,,,,,,,
171.102,4134.471191,4,FALSE,,,,,,,,,
171.102,5583.601563,5,FALSE,,,,,,,,,
171.102,3748.576904,6,FALSE,,,,,,,,,
171.102,4327.907227,7,FALSE,,,,,,,,,
171.102,4580.51123,8,FALSE,,,,,,,,,
171.102,2941.201904,9,FALSE,,,,,,,,,
172.069,2261.933594,2,FALSE,,,,,,,,,
172.069,2009.782104,6,FALSE,,,,,,,,,
172.097,2685.536865,2,FALSE,,,,,,,,,
172.097,2793.37085,4,FALSE,,,,,,,,,
172.097,2885.597656,6,FALSE,,,,,,,,,
172.097,2816.17749,9,FALSE,,,,,,,,,
173.045,63225.32031,1,FALSE,,,,,,,,,
173.045,54491.35547,2,FALSE,,,,,,,,,
173.045,57405.98047,3,FALSE,,,,,,,,,
173.045,59700.68359,4,FALSE,,,,,,,,,
173.045,63365.58984,5,FALSE,,,,,,,,,
173.045,67478.76563,6,FALSE,,,,,,,,,
173.045,55542.16797,7,FALSE,,,,,,,,,
173.045,62251.57813,8,FALSE,,,,,,,,,
173.045,55872.0625,9,FALSE,,,,,,,,,
173.081,47443.37109,1,FALSE,,,,,,,,,
173.081,51348.45313,2,FALSE,,,,,,,,,
173.081,40138.23047,3,FALSE,,,,,,,,,
173.081,45384.37891,4,FALSE,,,,,,,,,
173.081,55394.12109,5,FALSE,,,,,,,,,
173.081,48483.00781,6,FALSE,,,,,,,,,
173.081,50158.45313,7,FALSE,,,,,,,,,
173.081,50862.59375,8,FALSE,,,,,,,,,
173.081,52946.79297,9,FALSE,,,,,,,,,
173.925,9284.483398,2,FALSE,,,,,,,,,
173.925,8237.776367,7,FALSE,,,,,,,,,
173.925,5509.462402,8,FALSE,,,,,,,,,
174.048,2269.347656,1,FALSE,,,,,,,,,
174.048,2517.065918,2,FALSE,,,,,,,,,
174.048,3256.760498,4,FALSE,,,,,,,,,
174.048,3078.672363,5,FALSE,,,,,,,,,
174.048,2594.455078,6,FALSE,,,,,,,,,
174.048,2361.105957,7,FALSE,,,,,,,,,
174.048,2600.663818,8,FALSE,,,,,,,,,
174.048,2904.640381,9,FALSE,,,,,,,,,
175.06,3503.204834,2,FALSE,,,,,,,,,
175.06,3167.947021,3,FALSE,,,,,,,,,
175.06,2785.990723,4,FALSE,,,,,,,,,
175.06,3910.950439,6,FALSE,,,,,,,,,
175.06,3543.812744,7,FALSE,,,,,,,,,
175.06,4044.195068,8,FALSE,,,,,,,,,
177.091,2010.029907,1,FALSE,,,,,,,,,
177.091,2325.537842,2,FALSE,,,,,,,,,
177.091,2285.8125,4,FALSE,,,,,,,,,
177.091,2140.375244,7,FALSE,,,,,,,,,
177.091,2327.237549,9,FALSE,,,,,,,,,
178.993,2118.803223,4,FALSE,,,,,,,,,
178.993,2120.570557,6,FALSE,,,,,,,,,
179.034,3281.97583,1,FALSE,,,,,,,,,
179.034,2938.318848,2,FALSE,,,,,,,,,
179.034,3957.82373,3,FALSE,,,,,,,,,
179.034,4289.462891,4,FALSE,,,,,,,,,
179.034,3061.89209,5,FALSE,,,,,,,,,
179.034,3488.474854,6,FALSE,,,,,,,,,
179.034,3088.197021,7,FALSE,,,,,,,,,
179.034,3839.307617,8,FALSE,,,,,,,,,
179.034,4005.56543,9,FALSE,,,,,,,,,
179.071,2826.348633,4,FALSE,,,,,,,,,
179.071,3731.332031,9,FALSE,,,,,,,,,
180.989,3213.475586,2,FALSE,,,,,,,,,
180.989,3540.659424,4,FALSE,,,,,,,,,
180.989,3700.611572,9,FALSE,,,,,,,,,
181.086,2451.239258,1,FALSE,,,,,,,,,
181.086,2381.523682,2,FALSE,,,,,,,,,
181.086,2407.349365,4,FALSE,,,,,,,,,
181.086,2472.787842,6,FALSE,,,,,,,,,
181.086,2390.110352,7,FALSE,,,,,,,,,
181.086,2400.694824,9,FALSE,,,,,,,,,
181.991,2563.546143,2,FALSE,,,,,,,,,
181.991,2510.296387,4,FALSE,,,,,,,,,
181.991,2695.654541,5,FALSE,,,,,,,,,
181.991,2704.804932,6,FALSE,,,,,,,,,
181.991,2482.972412,7,FALSE,,,,,,,,,
181.991,2640.338867,9,FALSE,,,,,,,,,
182.988,2162.33667,3,TRUE,,,,,,,,,
183.102,2785.015625,2,FALSE,,,,,,,,,
183.102,3087.944336,4,FALSE,,,,,,,,,
183.102,2596.840576,5,FALSE,,,,,,,,,
183.102,2678.347656,6,FALSE,,,,,,,,,
183.102,2704.583496,7,FALSE,,,,,,,,,
183.102,2628.992676,8,FALSE,,,,,,,,,
183.102,2612.463623,9,FALSE,,,,,,,,,
184.889,2093.010986,5,FALSE,,,,,,,,,
184.889,2409.611084,8,FALSE,,,,,,,,,
184.889,2497.79248,9,FALSE,,,,,,,,,
185.045,3343.082275,1,FALSE,,,,,,,,,
185.045,2786.077881,2,FALSE,,,,,,,,,
185.045,3153.132324,4,FALSE,,,,,,,,,
185.045,3217.452148,5,FALSE,,,,,,,,,
185.045,2765.887695,6,FALSE,,,,,,,,,
185.045,3125.797119,7,FALSE,,,,,,,,,
185.045,3462.113525,8,FALSE,,,,,,,,,
185.045,2918.453613,9,FALSE,,,,,,,,,
185.081,15074.41406,1,FALSE,,,,,,,,,
185.081,16982.12695,2,FALSE,,,,,,,,,
185.081,8095.46582,3,FALSE,,,,,,,,,
185.081,14483.28613,4,FALSE,,,,,,,,,
185.081,16241.49414,5,FALSE,,,,,,,,,
185.081,12575.39355,6,FALSE,,,,,,,,,
185.081,11708.46777,7,FALSE,,,,,,,,,
185.081,13058.94629,8,FALSE,,,,,,,,,
185.081,15998.00488,9,FALSE,,,,,,,,,
186.113,5066.742188,1,FALSE,,,,,,,,,
186.113,4503.578125,2,FALSE,,,,,,,,,
186.113,5535.742188,3,FALSE,,,,,,,,,
186.113,5089.721191,4,FALSE,,,,,,,,,
186.113,5597.832031,5,FALSE,,,,,,,,,
186.113,4611.698242,6,FALSE,,,,,,,,,
186.113,3465.311768,7,FALSE,,,,,,,,,
186.113,4101.181641,8,FALSE,,,,,,,,,
186.113,4032.512695,9,FALSE,,,,,,,,,
186.933,2217.734619,4,FALSE,,,,,,,,,
186.933,2099.727051,5,FALSE,,,,,,,,,
186.933,2311.933838,8,FALSE,,,,,,,,,
187.097,64348.26563,1,FALSE,,,,,,,,,
187.097,58808.68359,2,FALSE,,,,,,,,,
187.097,61090.83594,3,FALSE,,,,,,,,,
187.097,66984.01563,4,FALSE,,,,,,,,,
187.097,70548.58594,5,FALSE,,,,,,,,,
187.097,63221.89063,6,FALSE,,,,,,,,,
187.097,65962.08594,7,FALSE,,,,,,,,,
187.097,69729.91406,8,FALSE,,,,,,,,,
187.097,66237.92188,9,FALSE,,,,,,,,,
187.133,2271.758057,1,FALSE,,,,,,,,,
187.133,2463.893311,2,FALSE,,,,,,,,,
187.133,2608.819336,4,FALSE,,,,,,,,,
187.133,2916.472168,5,FALSE,,,,,,,,,
187.133,2513.16748,6,FALSE,,,,,,,,,
187.133,2526.398438,9,FALSE,,,,,,,,,
187.888,2121.446777,5,FALSE,,,,,,,,,
187.888,2507.482178,8,FALSE,,,,,,,,,
187.888,2393.716064,9,FALSE,,,,,,,,,
187.941,18469.78125,1,FALSE,,,,,,,,,
187.941,19071.50781,2,FALSE,,,,,,,,,
187.941,11722.7334,3,FALSE,,,,,,,,,
187.941,19814.89648,4,FALSE,,,,,,,,,
187.941,18462.13672,5,FALSE,,,,,,,,,
187.941,20224.92969,6,FALSE,,,,,,,,,
187.941,11591.83398,7,FALSE,,,,,,,,,
187.941,11939.21289,8,FALSE,,,,,,,,,
187.941,18432.66016,9,FALSE,,,,,,,,,
188.1,3579.774902,1,FALSE,,,,,,,,,
188.1,3061.35083,2,FALSE,,,,,,,,,
188.1,4458.61377,3,FALSE,,,,,,,,,
188.1,5149.89502,4,FALSE,,,,,,,,,
188.1,3985.751221,5,FALSE,,,,,,,,,
188.1,3698.548828,6,FALSE,,,,,,,,,
188.1,3402.407959,7,FALSE,,,,,,,,,
188.1,3391.024414,8,FALSE,,,,,,,,,
188.1,4247.602539,9,FALSE,,,,,,,,,
188.887,2115.844727,5,FALSE,,,,,,,,,
188.887,2517.019775,7,FALSE,,,,,,,,,
188.887,2151.714111,8,FALSE,,,,,,,,,
188.887,2513.355469,9,FALSE,,,,,,,,,
188.951,2025.416992,1,FALSE,,,,,,,,,
188.951,2380.660889,2,FALSE,,,,,,,,,
188.951,2238.033936,4,FALSE,,,,,,,,,
188.951,2573.361816,5,FALSE,,,,,,,,,
188.951,2559.711426,6,FALSE,,,,,,,,,
188.951,2166.102539,8,FALSE,,,,,,,,,
188.951,2136.455322,9,FALSE,,,,,,,,,
189.076,2637.699463,1,FALSE,,,,,,,,,
189.076,2205.220459,4,FALSE,,,,,,,,,
189.076,2985.071533,5,FALSE,,,,,,,,,
189.076,2287.086426,6,FALSE,,,,,,,,,
189.076,2541.078125,7,FALSE,,,,,,,,,
189.076,2303.758057,9,FALSE,,,,,,,,,
190.888,3186.746582,5,FALSE,,,,,,,,,
190.888,2774.055664,7,FALSE,,,,,,,,,
190.888,2786.710449,8,FALSE,,,,,,,,,
190.888,3860.286377,9,FALSE,,,,,,,,,
191.107,5858.961426,1,FALSE,,,,,,,,,
191.107,4771.100098,2,FALSE,,,,,,,,,
191.107,5636.947266,3,FALSE,,,,,,,,,
191.107,5691.738281,4,FALSE,,,,,,,,,
191.107,5734.220215,5,FALSE,,,,,,,,,
191.107,6171.442383,6,FALSE,,,,,,,,,
191.107,4139.066895,7,FALSE,,,,,,,,,
191.107,5913.688965,8,FALSE,,,,,,,,,
191.107,5886.487793,9,FALSE,,,,,,,,,
193.05,2219.348877,2,FALSE,,,,,,,,,
193.05,2151.664795,4,FALSE,,,,,,,,,
193.05,2638.115967,5,FALSE,,,,,,,,,
193.05,2355.747314,6,FALSE,,,,,,,,,
193.05,2543.885986,7,FALSE,,,,,,,,,
193.05,2343.573486,8,FALSE,,,,,,,,,
193.086,2756.849609,2,FALSE,,,,,,,,,
193.086,3035.926758,4,FALSE,,,,,,,,,
193.086,2802.156494,5,FALSE,,,,,,,,,
193.086,2759.852539,9,FALSE,,,,,,,,,
194.066,3048.547363,2,FALSE,,,,,,,,,
194.066,3110.257324,7,FALSE,,,,,,,,,
194.066,3641.256104,8,FALSE,,,,,,,,,
194.905,2686.986084,5,TRUE,,,,,,,,,
194.988,2045.078735,2,FALSE,,,,,,,,,
194.988,2299.69873,4,FALSE,,,,,,,,,
194.988,2660.463379,9,FALSE,,,,,,,,,
195.066,2729.999756,5,FALSE,,,,,,,,,
195.066,2615.185547,9,FALSE,,,,,,,,,
195.102,2000.91394,1,FALSE,,,,,,,,,
195.102,2148.977295,2,FALSE,,,,,,,,,
195.102,2467.787842,5,FALSE,,,,,,,,,
195.102,2380.166748,9,FALSE,,,,,,,,,
196.984,12240.54785,1,FALSE,,,,,,,,,
196.984,14510.52734,4,FALSE,,,,,,,,,
196.984,14329.08203,5,FALSE,,,,,,,,,
196.984,10527.35254,9,FALSE,,,,,,,,,
197.081,6911.88623,1,FALSE,,,,,,,,,
197.081,7070.380371,2,FALSE,,,,,,,,,
197.081,6124.342773,3,FALSE,,,,,,,,,
197.081,6575.40918,4,FALSE,,,,,,,,,
197.081,6705.637207,5,FALSE,,,,,,,,,
197.081,7688.322266,6,FALSE,,,,,,,,,
197.081,4052.216309,7,FALSE,,,,,,,,,
197.081,7031.231445,8,FALSE,,,,,,,,,
197.081,6173.61084,9,FALSE,,,,,,,,,
199.061,4956.271484,1,FALSE,,,,,,,,,
199.061,5692.69873,4,FALSE,,,,,,,,,
199.061,4034.322754,5,FALSE,,,,,,,,,
199.061,4130.716797,7,FALSE,,,,,,,,,
199.061,6014.416992,8,FALSE,,,,,,,,,
199.061,5313.337402,9,FALSE,,,,,,,,,
199.097,15217.07813,1,FALSE,,,,,,,,,
199.097,16118.77148,2,FALSE,,,,,,,,,
199.097,14225.96387,3,FALSE,,,,,,,,,
199.097,18307.26953,4,FALSE,,,,,,,,,
199.097,15147.98828,5,FALSE,,,,,,,,,
199.097,17174.17188,6,FALSE,,,,,,,,,
199.097,12570.80469,7,FALSE,,,,,,,,,
199.097,15418.43848,8,FALSE,,,,,,,,,
199.097,13009.52832,9,FALSE,,,,,,,,,
199.85,2333.288086,1,FALSE,,,,,,,,,
199.85,2392.487305,2,FALSE,,,,,,,,,
199.85,2957.454102,4,FALSE,,,,,,,,,
199.85,4281.070313,5,FALSE,,,,,,,,,
199.85,2907.756348,6,FALSE,,,,,,,,,
199.85,2838.94751,7,FALSE,,,,,,,,,
199.85,2760.973145,8,FALSE,,,,,,,,,
200.858,3105.142822,2,FALSE,,,,,,,,,
200.858,5493.584961,4,FALSE,,,,,,,,,
200.858,10179.50879,5,FALSE,,,,,,,,,
200.858,6166.001953,6,FALSE,,,,,,,,,
200.858,8793.932617,7,FALSE,,,,,,,,,
200.858,7992.642578,8,FALSE,,,,,,,,,
200.858,9319.101563,9,FALSE,,,,,,,,,
201.076,12348.39453,1,FALSE,,,,,,,,,
201.076,14907.9668,2,FALSE,,,,,,,,,
201.076,12246.63379,3,FALSE,,,,,,,,,
201.076,12265.84473,4,FALSE,,,,,,,,,
201.076,12194.03711,5,FALSE,,,,,,,,,
201.076,11807.54688,6,FALSE,,,,,,,,,
201.076,12688.77148,7,FALSE,,,,,,,,,
201.076,12484.2334,8,FALSE,,,,,,,,,
201.113,12937.30957,3,FALSE,,,,,,,,,
201.113,19237.38867,4,FALSE,,,,,,,,,
201.113,18777.4668,5,FALSE,,,,,,,,,
201.113,20288.70508,7,FALSE,,,,,,,,,
201.113,17447.92773,8,FALSE,,,,,,,,,
201.113,20249.43945,9,FALSE,,,,,,,,,
202.116,2136.216309,1,FALSE,,,,,,,,,
202.116,2295.938721,5,FALSE,,,,,,,,,
203.092,2223.553223,2,FALSE,,,,,,,,,
203.092,2199.710693,5,FALSE,,,,,,,,,
203.092,2354.901123,6,FALSE,,,,,,,,,
209.154,2149.690674,2,FALSE,,,,,,,,,
209.154,2146.626953,4,FALSE,,,,,,,,,
209.154,2103.500244,6,FALSE,,,,,,,,,
211.061,2398.673096,1,FALSE,,,,,,,,,
211.061,2099.13916,2,FALSE,,,,,,,,,
211.061,2142.330078,5,FALSE,,,,,,,,,
211.061,2140.595947,6,FALSE,,,,,,,,,
211.061,2101.645508,8,FALSE,,,,,,,,,
211.097,4631.178223,1,FALSE,,,,,,,,,
211.097,4115.66748,2,FALSE,,,,,,,,,
211.097,5339.698242,3,FALSE,,,,,,,,,
211.097,5460.766113,4,FALSE,,,,,,,,,
211.097,6189.041504,5,FALSE,,,,,,,,,
211.097,5302.802734,6,FALSE,,,,,,,,,
211.097,4180.789063,7,FALSE,,,,,,,,,
211.097,4113.288574,8,FALSE,,,,,,,,,
211.097,3667.901855,9,FALSE,,,,,,,,,
212.91,2725.510254,8,TRUE,,,,,,,,,
213.113,3475.815186,1,FALSE,,,,,,,,,
213.113,4732.567871,2,FALSE,,,,,,,,,
213.113,4376.227051,3,FALSE,,,,,,,,,
213.113,5577.952148,4,FALSE,,,,,,,,,
213.113,4155.348633,5,FALSE,,,,,,,,,
213.113,4586.378906,6,FALSE,,,,,,,,,
213.113,5025.762207,7,FALSE,,,,,,,,,
213.113,3983.665283,8,FALSE,,,,,,,,,
213.113,4144.091309,9,FALSE,,,,,,,,,
215.009,3824.035156,7,FALSE,,,,,,,,,
215.009,3728.480713,8,FALSE,,,,,,,,,
215.056,2076.061768,1,FALSE,,,,,,,,,
215.056,2207.046143,2,FALSE,,,,,,,,,
215.056,2688.836182,4,FALSE,,,,,,,,,
215.056,2110.985352,7,FALSE,,,,,,,,,
215.056,2489.862305,8,FALSE,,,,,,,,,
215.056,2269.639404,9,FALSE,,,,,,,,,
215.092,17077.91797,1,FALSE,,,,,,,,,
215.092,17613.11719,2,FALSE,,,,,,,,,
215.092,20422.51758,3,FALSE,,,,,,,,,
215.092,18563.73242,4,FALSE,,,,,,,,,
215.092,19996.93555,5,FALSE,,,,,,,,,
215.092,20888.7793,6,FALSE,,,,,,,,,
215.092,16608.72852,7,FALSE,,,,,,,,,
215.092,20659.29688,8,FALSE,,,,,,,,,
215.092,18951.94922,9,FALSE,,,,,,,,,
217.108,2765.415527,1,FALSE,,,,,,,,,
217.108,3896.748779,2,FALSE,,,,,,,,,
217.108,4175.600098,3,FALSE,,,,,,,,,
217.108,4320.791016,4,FALSE,,,,,,,,,
217.108,4359.012207,5,FALSE,,,,,,,,,
217.108,2391.479248,6,FALSE,,,,,,,,,
217.108,4463.73584,7,FALSE,,,,,,,,,
217.108,3813.76416,8,FALSE,,,,,,,,,
217.108,3616.728027,9,FALSE,,,,,,,,,
221.082,2331.000732,4,TRUE,,,,,,,,,
225.113,2098.580078,4,FALSE,,,,,,,,,
225.113,2176.356934,9,FALSE,,,,,,,,,
227.092,6395.026367,1,FALSE,,,,,,,,,
227.092,6825.817383,2,FALSE,,,,,,,,,
227.092,7626.450195,3,FALSE,,,,,,,,,
227.092,8890.885742,4,FALSE,,,,,,,,,
227.092,5902.371094,5,FALSE,,,,,,,,,
227.092,7470.57373,6,FALSE,,,,,,,,,
227.092,7609.070313,7,FALSE,,,,,,,,,
227.092,6540.88623,8,FALSE,,,,,,,,,
227.092,6740.518555,9,FALSE,,,,,,,,,
229.108,9122.885742,1,FALSE,,,,,,,,,
229.108,6675.354004,2,FALSE,,,,,,,,,
229.108,8202.293945,3,FALSE,,,,,,,,,
229.108,9255.956055,4,FALSE,,,,,,,,,
229.108,8126.098145,5,FALSE,,,,,,,,,
229.108,7179.081543,6,FALSE,,,,,,,,,
229.108,9234.043945,7,FALSE,,,,,,,,,
229.108,9240.188477,8,FALSE,,,,,,,,,
229.108,8191.515625,9,FALSE,,,,,,,,,
229.144,5124.056152,2,FALSE,,,,,,,,,
229.144,5466.84082,3,FALSE,,,,,,,,,
229.144,7158.89502,7,FALSE,,,,,,,,,
229.144,3924.771729,8,FALSE,,,,,,,,,
229.144,5721.946777,9,FALSE,,,,,,,,,
229.916,4108.051758,1,FALSE,,,,,,,,,
229.916,3915.855957,2,FALSE,,,,,,,,,
229.916,3218.599365,4,FALSE,,,,,,,,,
229.916,4006.837646,5,FALSE,,,,,,,,,
229.916,4252.918945,6,FALSE,,,,,,,,,
229.916,3916.34668,7,FALSE,,,,,,,,,
229.916,3742.79248,8,FALSE,,,,,,,,,
229.916,3052.933594,9,FALSE,,,,,,,,,
229.937,2883.480713,1,FALSE,,,,,,,,,
229.937,2319.695313,5,FALSE,,,,,,,,,
231.087,2268.000732,1,FALSE,,,,,,,,,
231.087,2592.538574,2,FALSE,,,,,,,,,
231.087,3018.0896,3,FALSE,,,,,,,,,
231.087,2949.918701,4,FALSE,,,,,,,,,
231.087,2692.78833,5,FALSE,,,,,,,,,
231.087,3005.765137,6,FALSE,,,,,,,,,
231.087,3448.119385,7,FALSE,,,,,,,,,
231.087,3169.471436,8,FALSE,,,,,,,,,
231.087,2563.068848,9,FALSE,,,,,,,,,
231.124,2121.780762,1,FALSE,,,,,,,,,
231.124,2165.608398,2,FALSE,,,,,,,,,
231.124,2460.293457,5,FALSE,,,,,,,,,
231.124,2143.275391,6,FALSE,,,,,,,,,
231.124,2385.179932,7,FALSE,,,,,,,,,
231.124,2166.388184,9,FALSE,,,,,,,,,
232.931,3686.12085,4,TRUE,,,,,,,,,
239.092,3599.908936,2,TRUE,,,,,,,,,
239.129,3053.78833,5,TRUE,,,,,,,,,
241.072,2316.741455,1,FALSE,,,,,,,,,
241.072,2161.594971,6,FALSE,,,,,,,,,
241.108,4432.350098,1,FALSE,,,,,,,,,
241.108,2444.374023,2,FALSE,,,,,,,,,
241.108,4577.993164,3,FALSE,,,,,,,,,
241.108,3353.246826,4,FALSE,,,,,,,,,
241.108,3721.528564,5,FALSE,,,,,,,,,
241.108,4015.162598,6,FALSE,,,,,,,,,
241.108,3184.746338,7,FALSE,,,,,,,,,
241.108,4620.566895,8,FALSE,,,,,,,,,
241.108,3026.317139,9,FALSE,,,,,,,,,
241.144,3382.694092,2,FALSE,,,,,,,,,
241.144,4247.655273,5,FALSE,,,,,,,,,
241.144,2809.090576,6,FALSE,,,,,,,,,
241.144,3160.342285,7,FALSE,,,,,,,,,
243.087,4660.921875,1,FALSE,,,,,,,,,
243.087,5689.433105,2,FALSE,,,,,,,,,
243.087,6161.507324,3,FALSE,,,,,,,,,
243.087,5999.279785,4,FALSE,,,,,,,,,
243.087,6462.346191,5,FALSE,,,,,,,,,
243.087,6086.40918,7,FALSE,,,,,,,,,
243.087,2848.437256,9,FALSE,,,,,,,,,
243.124,2281.733154,2,FALSE,,,,,,,,,
243.124,2528.567139,4,FALSE,,,,,,,,,
243.124,2294.182617,5,FALSE,,,,,,,,,
243.124,2952.477539,6,FALSE,,,,,,,,,
243.124,2331.697998,8,FALSE,,,,,,,,,
243.124,2340.151367,9,FALSE,,,,,,,,,
243.16,7454.990234,1,FALSE,,,,,,,,,
243.16,5783.480957,2,FALSE,,,,,,,,,
243.16,7347.209961,3,FALSE,,,,,,,,,
243.16,6447.17627,4,FALSE,,,,,,,,,
243.16,6301.320313,5,FALSE,,,,,,,,,
243.16,6647.221191,6,FALSE,,,,,,,,,
243.16,7802.263184,7,FALSE,,,,,,,,,
243.16,7032.404785,8,FALSE,,,,,,,,,
243.16,6941.789551,9,FALSE,,,,,,,,,
245.103,3369.218506,1,FALSE,,,,,,,,,
245.103,2931.149658,2,FALSE,,,,,,,,,
245.103,3638.16626,3,FALSE,,,,,,,,,
245.103,3998.39502,4,FALSE,,,,,,,,,
245.103,3960.776123,5,FALSE,,,,,,,,,
245.103,4872.023926,6,FALSE,,,,,,,,,
245.103,3994.296387,7,FALSE,,,,,,,,,
245.103,2478.316895,8,FALSE,,,,,,,,,
245.103,4324.753418,9,FALSE,,,,,,,,,
253.108,2336.729736,4,TRUE,,,,,,,,,
253.145,4781.391602,9,TRUE,,,,,,,,,
255.087,2713.005127,8,FALSE,,,,,,,,,
255.087,2704.359375,9,FALSE,,,,,,,,,
255.124,2463.742188,1,FALSE,,,,,,,,,
255.124,2323.174316,2,FALSE,,,,,,,,,
255.124,2557.076904,5,FALSE,,,,,,,,,
255.124,2182.692139,7,FALSE,,,,,,,,,
255.124,2432.225586,9,FALSE,,,,,,,,,
255.16,2253.63623,1,FALSE,,,,,,,,,
255.16,2329.878418,2,FALSE,,,,,,,,,
255.16,2505.916992,7,FALSE,,,,,,,,,
255.16,2730.120361,9,FALSE,,,,,,,,,
257.103,4538.17334,1,FALSE,,,,,,,,,
257.103,5206.30957,2,FALSE,,,,,,,,,
257.103,5435.467773,4,FALSE,,,,,,,,,
257.103,6168.930176,6,FALSE,,,,,,,,,
257.103,5881.106934,7,FALSE,,,,,,,,,
257.103,5430.174805,8,FALSE,,,,,,,,,
269.103,2202.856201,1,FALSE,,,,,,,,,
269.103,2535.258545,2,FALSE,,,,,,,,,
269.103,2687.757813,4,FALSE,,,,,,,,,
269.103,2223.041504,5,FALSE,,,,,,,,,
269.103,2514.60376,6,FALSE,,,,,,,,,
269.103,2263.474854,7,FALSE,,,,,,,,,
269.103,2489.056152,8,FALSE,,,,,,,,,
271.119,2067.615479,1,FALSE,,,,,,,,,
271.119,3784.002441,2,FALSE,,,,,,,,,
271.119,3619.668457,4,FALSE,,,,,,,,,
271.119,3777.508545,5,FALSE,,,,,,,,,
271.119,3980.834717,6,FALSE,,,,,,,,,
271.119,4067.599609,7,FALSE,,,,,,,,,
271.119,4193.745117,8,FALSE,,,,,,,,,
271.119,3631.269287,9,FALSE,,,,,,,,,
271.192,2403.598633,9,TRUE,,,,,,,,,
273.098,2316.152832,2,TRUE,,,,,,,,,
283.119,2385.093994,4,TRUE,,,,,,,,,
287.114,2263.532227,5,FALSE,,,,,,,,,
287.114,2378.467773,6,FALSE,,,,,,,,,
287.114,2244.034912,7,FALSE,,,,,,,,,
317.124,2385.62085,1,FALSE,,,,,,,,,
317.124,2385.726807,2,FALSE,,,,,,,,,
317.124,2639.528076,4,FALSE,,,,,,,,,
317.124,3257.139404,5,FALSE,,,,,,,,,
317.124,2691.240967,6,FALSE,,,,,,,,,
317.124,2328.476318,7,FALSE,,,,,,,,,
317.124,3193.27002,9,FALSE,,,,,,,,,
