mz,,,,,Found
100.9335207,,,,,145.0506575
100.9335316,,,,,171.0121551
100.9335476,,,,,171.1026633
100.9335548,,,,,187.0975686
100.9335583,,,,,189.0768319
100.9335658,,,,,201.1132236
100.9335666,,,,,233.1030862
100.9335908,,,,,255.2331378
100.9336153,,,,,129.0193193
100.9337158,,,,,283.2642891
103.0763575,,,,,317.0878576
104.0351461,,,,,325.184236
107.017002,,,,,339.1999503
107.0424988,,,,,361.1173677
107.0425491,,,,,369.2131668
108.0120656,,,,,381.2317202
108.0120758,,,,,401.0878116
109.0084853,,,,,415.2187751
109.0084862,,,,,459.2450829
109.9680064,,,,,
110.9757066,,,,,
112.9306533,,,,,
112.9306856,,,,,
112.9307372,,,,,
112.9714854,,,,,
113.0354771,,,,,
115.0036216,,,,,
115.0148526,,,,,
115.0764706,,,,,
115.9207004,,,,,
115.9207142,,,,,
115.9207174,,,,,
115.9207203,,,,,
115.9207283,,,,,
115.9207305,,,,,
115.9207412,,,,,
115.9207422,,,,,
115.9207561,,,,,
115.9207608,,,,,
116.0716355,,,,,
116.0798153,,,,,
116.9208486,,,,,
116.920852,,,,,
116.9208557,,,,,
116.9208592,,,,,
116.9208649,,,,,
116.9208704,,,,,
116.9208739,,,,,
116.9208762,,,,,
116.9209029,,,,,
116.9209074,,,,,
117.0556869,,,,,
118.0590209,,,,,
118.9420695,,,,,
119.0501876,,,,,
119.0598942,,,,,
119.0622605,,,,,
119.0713023,,,,,
119.9414605,,,,,
120.0818117,,,,,
120.946244,,,,,
121.0134074,,,,,
121.0294897,,,,,
121.0295168,,,,,
121.0656967,,,,,
121.0657149,,,,,
122.0328443,,,,,
122.0691782,,,,,
122.9755729,,,,,
123.0121539,,,,,
123.0337105,,,,,
123.036175,,,,,
124.9914832,,,,,
125.008012,,,,,
125.0971381,,,,,
125.0971775,,,,,
126.0197939,,,,,
127.0190968,,,,,
127.0191095,,,,,
127.0191671,,,,,
127.0513006,,,,,
127.0571727,,,,,
127.059397,,,,,
127.9377755,,,,,
127.9378212,,,,,
128.035297,,,,,
128.9330232,,,,,
128.9496751,,,,,
128.9497024,,,,,
128.9497187,,,,,
128.949725,,,,,
128.9497253,,,,,
128.9497374,,,,,
128.9497431,,,,,
128.9497448,,,,,
128.9497518,,,,,
128.9497519,,,,,
128.9595599,,,,,
129.0193193,,,,,
129.0920902,,,,,
129.0920949,,,,,
129.1284601,,,,,
130.0954346,,,,,
130.9441333,,,,,
130.9441496,,,,,
130.9441666,,,,,
130.9441681,,,,,
130.9441716,,,,,
130.944172,,,,,
130.944176,,,,,
130.9441787,,,,,
130.9441836,,,,,
130.9441837,,,,,
130.9441899,,,,,
130.9441911,,,,,
130.9442013,,,,,
130.9442039,,,,,
131.0349694,,,,,
131.0906691,,,,,
131.9442974,,,,,
131.9443078,,,,,
131.9443105,,,,,
131.9443152,,,,,
131.9443195,,,,,
131.9443266,,,,,
131.9443272,,,,,
131.9443281,,,,,
131.9443285,,,,,
131.9443335,,,,,
131.9443517,,,,,
131.94438,,,,,
131.9810515,,,,,
131.9832885,,,,,
132.0127903,,,,,
132.0128466,,,,,
132.0302063,,,,,
132.0488437,,,,,
132.8678064,,,,,
132.9234114,,,,,
132.9234295,,,,,
132.9234339,,,,,
132.9234469,,,,,
132.9234566,,,,,
132.923457,,,,,
132.9234574,,,,,
132.9234678,,,,,
132.923469,,,,,
132.9234749,,,,,
133.0059922,,,,,
133.0335417,,,,,
133.0658711,,,,,
133.0869999,,,,,
133.0870261,,,,,
134.0093441,,,,,
134.0326591,,,,,
134.0458012,,,,,
134.0903687,,,,,
134.0903839,,,,,
134.8651115,,,,,
134.9356621,,,,,
134.9357501,,,,,
134.9939292,,,,,
135.0451374,,,,,
135.0451455,,,,,
135.9935046,,,,,
136.011932,,,,,
136.0165964,,,,,
136.0485026,,,,,
136.0485039,,,,,
136.8631649,,,,,
136.9526393,,,,,
136.968753,,,,,
136.9856144,,,,,
136.99137,,,,,
137.0082995,,,,,
137.0095828,,,,,
137.0244189,,,,,
137.0356486,,,,,
137.0356511,,,,,
138.0076911,,,,,
138.0091258,,,,,
138.0196643,,,,,
138.9706618,,,,,
139.0039168,,,,,
139.0070229,,,,,
139.0230148,,,,,
139.1128524,,,,,
139.9989096,,,,,
140.0035417,,,,,
140.0272345,,,,,
140.0716923,,,,,
140.9670257,,,,,
140.9863254,,,,,
141.0669475,,,,,
141.0921173,,,,,
141.0921288,,,,,
141.9826902,,,,,
142.0121818,,,,,
142.0242643,,,,,
142.9788237,,,,,
142.980883,,,,,
142.9809457,,,,,
143.0157161,,,,,
143.107771,,,,,
143.10778,,,,,
144.0428243,,,,,
144.0454919,,,,,
144.0455282,,,,,
144.0666602,,,,,
144.111101,,,,,
144.1111281,,,,,
144.8715004,,,,,
144.871581,,,,,
144.9617462,,,,,
144.9870523,,,,,
144.9870685,,,,,
145.0506575,,,,,
145.0870288,,,,,
145.0870335,,,,,
146.0247779,,,,,
146.0247939,,,,,
146.0539763,,,,,
146.8686612,,,,,
146.8686675,,,,,
146.9830775,,,,,
146.9895801,,,,,
147.045053,,,,,
147.0486004,,,,,
147.0574106,,,,,
148.0404302,,,,,
149.000915,,,,,
149.009578,,,,,
149.0096143,,,,,
149.0276274,,,,,
149.0354757,,,,,
149.0608146,,,,,
149.0608325,,,,,
149.0819205,,,,,
149.0819366,,,,,
150.0019445,,,,,
150.0641408,,,,,
150.915533,,,,,
150.9155414,,,,,
150.988857,,,,,
150.9888589,,,,,
150.9888657,,,,,
151.0252839,,,,,
151.0401004,,,,,
151.0401117,,,,,
152.0191495,,,,,
152.0353615,,,,,
152.0353841,,,,,
152.043452,,,,,
152.0434531,,,,,
152.968164,,,,,
152.9781146,,,,,
152.9863534,,,,,
153.0045319,,,,,
153.0046438,,,,,
153.0155804,,,,,
153.015581,,,,,
153.0168581,,,,,
153.0227374,,,,,
153.0921436,,,,,
153.1285285,,,,,
153.9942554,,,,,
154.0873928,,,,,
154.9420384,,,,,
154.9421195,,,,,
154.9737673,,,,,
154.9750475,,,,,
154.9750533,,,,,
155.001942,,,,,
155.0714079,,,,,
155.1077826,,,,,
155.107808,,,,,
155.1442623,,,,,
155.9469627,,,,,
155.9470178,,,,,
156.0433197,,,,,
156.103048,,,,,
156.9430354,,,,,
156.9965474,,,,,
157.0117949,,,,,
157.1233968,,,,,
157.986131,,,,,
158.0151916,,,,,
158.0904044,,,,,
158.1267383,,,,,
158.8467275,,,,,
159.0412479,,,,,
159.0663062,,,,,
159.1026703,,,,,
159.1026883,,,,,
159.1026915,,,,,
159.1026949,,,,,
160.1060281,,,,,
160.1060316,,,,,
160.106043,,,,,
160.8420767,,,,,
160.9302185,,,,,
160.9525488,,,,,
161.0275173,,,,,
161.0356275,,,,,
161.0455429,,,,,
161.1183269,,,,,
161.1183295,,,,,
161.8898056,,,,,
161.8898802,,,,,
161.8898863,,,,,
161.9526394,,,,,
161.9963339,,,,,
162.0409264,,,,,
162.0771842,,,,,
162.8391092,,,,,
162.8934423,,,,,
162.9650419,,,,,
162.9651206,,,,,
163.0165945,,,,,
163.0400806,,,,,
163.0611947,,,,,
163.0764434,,,,,
163.0764459,,,,,
163.0764699,,,,,
164.0353495,,,,,
164.0646202,,,,,
164.071685,,,,,
164.0797762,,,,,
164.0928222,,,,,
164.8361246,,,,,
164.9475183,,,,,
164.9865748,,,,,
165.0193358,,,,,
165.0193495,,,,,
165.0408639,,,,,
165.0408683,,,,,
165.0408774,,,,,
165.0408784,,,,,
165.0408858,,,,,
165.0408899,,,,,
165.0408901,,,,,
165.0408909,,,,,
165.040899,,,,,
165.0409003,,,,,
165.0409056,,,,,
165.0557287,,,,,
165.0590952,,,,,
165.0769699,,,,,
165.9831785,,,,,
165.9832401,,,,,
165.9968308,,,,,
166.0403823,,,,,
166.0404092,,,,,
166.0404382,,,,,
166.0404766,,,,,
166.0509558,,,,,
166.0509638,,,,,
166.0590751,,,,,
166.0720949,,,,,
166.0720992,,,,,
166.0721002,,,,,
166.0721018,,,,,
166.9795781,,,,,
166.998677,,,,,
167.0018972,,,,,
167.0201966,,,,,
167.0202464,,,,,
167.0367805,,,,,
167.0379095,,,,,
167.0827401,,,,,
167.1077058,,,,,
167.1077108,,,,,
167.1077174,,,,,
167.1077268,,,,,
167.1077312,,,,,
167.1077349,,,,,
167.1077395,,,,,
167.1077689,,,,,
167.1077933,,,,,
167.1441689,,,,,
167.9795314,,,,,
168.019759,,,,,
168.0302568,,,,,
168.0427781,,,,,
168.103024,,,,,
168.111145,,,,,
168.83619,,,,,
168.8362518,,,,,
168.9060899,,,,,
168.9994003,,,,,
168.9994196,,,,,
168.9994493,,,,,
169.0142921,,,,,
169.0159398,,,,,
169.0176845,,,,,
169.0617613,,,,,
169.0870276,,,,,
169.1233856,,,,,
169.1233875,,,,,
169.1233978,,,,,
169.1234048,,,,,
169.9990481,,,,,
170.006987,,,,,
170.0822693,,,,,
170.0903145,,,,,
170.1186542,,,,,
170.8332333,,,,,
170.8951193,,,,,
170.9786924,,,,,
170.9950414,,,,,
170.9950576,,,,,
170.9966968,,,,,
171.0121551,,,,,
171.0272147,,,,,
171.0385923,,,,,
171.1026633,,,,,
171.1138584,,,,,
171.1138861,,,,,
171.1390504,,,,,
171.139057,,,,,
172.011584,,,,,
172.0154169,,,,,
172.0225007,,,,,
172.0979056,,,,,
172.1059906,,,,,
172.1059941,,,,,
172.1059971,,,,,
172.1172017,,,,,
172.1172175,,,,,
172.1423614,,,,,
172.1423849,,,,,
172.9823837,,,,,
172.9915035,,,,,
173.0079198,,,,,
173.0244031,,,,,
173.0819076,,,,,
173.0819355,,,,,
173.1012026,,,,,
173.1182906,,,,,
173.1183015,,,,,
173.9574641,,,,,
174.0112219,,,,,
174.027694,,,,,
174.0408807,,,,,
174.0852405,,,,,
174.0852622,,,,,
174.1216112,,,,,
174.121617,,,,,
174.1216257,,,,,
174.9534109,,,,,
175.061174,,,,,
175.4950115,,,,,
175.9464346,,,,,
175.946516,,,,,
175.9531235,,,,,
175.9946639,,,,,
176.0071168,,,,,
176.0071614,,,,,
176.0928539,,,,,
176.1010097,,,,,
176.4940142,,,,,
176.9501289,,,,,
176.9931553,,,,,
177.0556821,,,,,
177.0588715,,,,,
177.0920894,,,,,
177.0921021,,,,,
177.9926935,,,,,
178.027101,,,,,
178.0509486,,,,,
178.0591183,,,,,
178.0872846,,,,,
178.0872866,,,,,
178.5287664,,,,,
178.528867,,,,,
178.8838892,,,,,
178.8839898,,,,,
178.9451542,,,,,
178.9632386,,,,,
179.0348569,,,,,
179.0348883,,,,,
179.0348984,,,,,
179.0349069,,,,,
179.0349105,,,,,
179.0349187,,,,,
179.0349442,,,,,
179.0349526,,,,,
179.0349658,,,,,
179.0349669,,,,,
179.0349679,,,,,
179.0349776,,,,,
179.0349783,,,,,
179.034986,,,,,
179.034995,,,,,
179.0350382,,,,,
179.0383917,,,,,
179.0713482,,,,,
179.0924679,,,,,
179.9631385,,,,,
180.0158374,,,,,
180.0302108,,,,,
180.0665963,,,,,
180.0665979,,,,,
180.0666075,,,,,
180.9595387,,,,,
180.9729619,,,,,
181.0178097,,,,,
181.0718321,,,,,
182.0611224,,,,,
182.1186246,,,,,
182.9885632,,,,,
182.9885739,,,,,
182.988598,,,,,
182.9885988,,,,,
182.988599,,,,,
182.9886005,,,,,
182.9886017,,,,,
182.9886019,,,,,
182.988602,,,,,
182.9886059,,,,,
182.9886077,,,,,
182.9886113,,,,,
182.9886117,,,,,
182.9886119,,,,,
182.988612,,,,,
182.988616,,,,,
182.9886171,,,,,
182.9886173,,,,,
182.9886174,,,,,
182.9886188,,,,,
182.9886262,,,,,
182.9886299,,,,,
182.9886369,,,,,
182.9967972,,,,,
183.0046293,,,,,
183.015014,,,,,
183.0150161,,,,,
183.0150731,,,,,
183.0227613,,,,,
183.0269272,,,,,
183.0333993,,,,,
183.1026187,,,,,
183.1026459,,,,,
183.1389877,,,,,
183.1390613,,,,,
184.0146811,,,,,
184.0251643,,,,,
184.0978635,,,,,
184.0978795,,,,,
184.8763568,,,,,
184.8764642,,,,,
184.93094,,,,,
185.0104991,,,,,
185.0113173,,,,,
185.0277067,,,,,
185.0455143,,,,,
185.045526,,,,,
185.1546436,,,,,
185.1546577,,,,,
185.1546987,,,,,
186.038179,,,,,
186.0489761,,,,,
186.0771692,,,,,
186.1135481,,,,,
186.1215878,,,,,
186.1216287,,,,,
186.1579043,,,,,
186.1579687,,,,,
186.9167399,,,,,
186.9168279,,,,,
186.9294509,,,,,
187.0070275,,,,,
187.007094,,,,,
187.0253875,,,,,
187.0399814,,,,,
187.0805521,,,,,
187.0975686,,,,,
187.1339222,,,,,
187.1339524,,,,,
187.133969,,,,,
188.1008952,,,,,
188.1372374,,,,,
188.1372455,,,,,
188.1372525,,,,,
188.9251948,,,,,
188.9515273,,,,,
189.0168649,,,,,
189.0673174,,,,,
189.0768319,,,,,
189.0881299,,,,,
189.1131892,,,,,
189.907649,,,,,
190.0507423,,,,,
190.0558335,,,,,
190.0801501,,,,,
190.1166175,,,,,
190.9485527,,,,,
191.0712962,,,,,
191.0713002,,,,,
191.0713271,,,,,
191.0745164,,,,,
191.0804841,,,,,
191.107716,,,,,
191.1077356,,,,,
192.0513443,,,,,
192.0665726,,,,,
192.0746427,,,,,
193.0177645,,,,,
193.0502024,,,,,
193.0503092,,,,,
193.0503709,,,,,
193.0504647,,,,,
193.0504954,,,,,
193.0505119,,,,,
193.0505561,,,,,
193.0547783,,,,,
193.0699299,,,,,
193.0718645,,,,,
193.0869456,,,,,
193.0871006,,,,,
193.1081025,,,,,
193.1081242,,,,,
193.1081726,,,,,
193.1597535,,,,,
193.9740735,,,,,
194.0822572,,,,,
194.0902024,,,,,
194.975022,,,,,
194.9970447,,,,,
195.0335717,,,,,
195.1389256,,,,,
195.1390354,,,,,
195.1390535,,,,,
195.1390535,,,,,
195.9699182,,,,,
195.9965548,,,,,
196.0108818,,,,,
196.025143,,,,,
196.1423619,,,,,
196.8943452,,,,,
196.8943912,,,,,
196.9356497,,,,,
196.9557308,,,,,
196.9938176,,,,,
197.0010046,,,,,
197.02042,,,,,
197.0219985,,,,,
197.0307357,,,,,
197.0819263,,,,,
197.1182845,,,,,
197.1182945,,,,,
197.1183374,,,,,
197.9579518,,,,,
197.9579579,,,,,
197.9579774,,,,,
197.9935595,,,,,
198.0204641,,,,,
198.0230968,,,,,
198.0538742,,,,,
198.1135516,,,,,
198.9311712,,,,,
198.9313211,,,,,
198.9919112,,,,,
198.9931809,,,,,
199.0070598,,,,,
199.0167282,,,,,
199.0336816,,,,,
199.0434519,,,,,
199.0975976,,,,,
199.1339361,,,,,
199.1339471,,,,,
199.133955,,,,,
199.1703166,,,,,
199.1703456,,,,,
199.8973645,,,,,
199.9537207,,,,,
199.9537845,,,,,
200.0022286,,,,,
200.0022953,,,,,
200.0396074,,,,,
200.0396423,,,,,
200.0565436,,,,,
200.1009116,,,,,
200.1292113,,,,,
200.1371791,,,,,
200.1372321,,,,,
200.1372497,,,,,
200.173633,,,,,
200.9227804,,,,,
200.9451413,,,,,
200.9498972,,,,,
200.986315,,,,,
201.0137776,,,,,
201.0226345,,,,,
201.1018324,,,,,
201.1132236,,,,,
201.1495983,,,,,
201.1495994,,,,,
201.1496259,,,,,
201.8942975,,,,,
201.9451032,,,,,
201.9895816,,,,,
202.0800205,,,,,
202.0800761,,,,,
202.0801434,,,,,
202.08023,,,,,
202.0802616,,,,,
202.1165453,,,,,
202.1528447,,,,,
202.1529244,,,,,
202.9034417,,,,,
202.9183515,,,,,
202.9415192,,,,,
202.9969881,,,,,
203.0825287,,,,,
203.0826706,,,,,
203.0925045,,,,,
203.0925265,,,,,
203.103703,,,,,
204.0512757,,,,,
204.0512768,,,,,
204.0513504,,,,,
204.0513519,,,,,
204.0513908,,,,,
204.0514037,,,,,
204.0514201,,,,,
204.0514504,,,,,
204.0514744,,,,,
204.0514984,,,,,
204.0515143,,,,,
204.0515826,,,,,
204.0958471,,,,,
204.8996955,,,,,
204.8997473,,,,,
204.8997481,,,,,
204.9247894,,,,,
204.9249677,,,,,
204.9731502,,,,,
204.9731804,,,,,
205.0983523,,,,,
205.1234216,,,,,
205.9765185,,,,,
206.066835,,,,,
206.0668537,,,,,
206.0668935,,,,,
206.0669089,,,,,
206.1034149,,,,,
206.9516488,,,,,
206.9701439,,,,,
207.0121433,,,,,
207.0235969,,,,,
207.0512167,,,,,
207.0697152,,,,,
207.0874739,,,,,
207.139102,,,,,
208.1190835,,,,,
208.9025986,,,,,
208.9027385,,,,,
208.9737451,,,,,
209.0127546,,,,,
209.0220743,,,,,
209.0456006,,,,,
209.0948404,,,,,
209.1224274,,,,,
209.1547281,,,,,
209.1547508,,,,,
209.1911483,,,,,
209.9996066,,,,,
210.0121412,,,,,
210.0489385,,,,,
210.1580423,,,,,
210.9230566,,,,,
210.9920232,,,,,
210.9920344,,,,,
211.028365,,,,,
211.0464168,,,,,
211.0464239,,,,,
211.0611774,,,,,
211.0612132,,,,,
211.061255,,,,,
211.061284,,,,,
211.0613038,,,,,
211.0613082,,,,,
211.0613117,,,,,
211.061351,,,,,
211.0806953,,,,,
211.0976141,,,,,
211.1339348,,,,,
211.1339797,,,,,
211.1339972,,,,,
211.1340171,,,,,
211.9913879,,,,,
211.9956328,,,,,
212.0119988,,,,,
212.0565179,,,,,
212.1009558,,,,,
212.1292382,,,,,
212.1372314,,,,,
212.9507084,,,,,
212.9887862,,,,,
213.0226552,,,,,
213.0596397,,,,,
213.0879087,,,,,
213.1132582,,,,,
213.1132635,,,,,
213.1495729,,,,,
213.1496048,,,,,
213.1496054,,,,,
213.1496061,,,,,
213.1496081,,,,,
213.1496093,,,,,
213.1496102,,,,,
213.1496118,,,,,
213.1496124,,,,,
213.1496191,,,,,
213.1496228,,,,,
213.1496234,,,,,
213.1496362,,,,,
213.1496384,,,,,
213.1496446,,,,,
213.1496543,,,,,
213.1496547,,,,,
213.1496638,,,,,
213.1860468,,,,,
213.186096,,,,,
214.0094038,,,,,
214.0179946,,,,,
214.1165661,,,,,
214.1165824,,,,,
214.144862,,,,,
214.1448944,,,,,
214.1529236,,,,,
214.9117559,,,,,
214.9117893,,,,,
215.0561465,,,,,
215.0924846,,,,,
215.0924884,,,,,
215.0924887,,,,,
215.092489,,,,,
215.092497,,,,,
215.0925062,,,,,
215.0925112,,,,,
215.0925116,,,,,
215.0925126,,,,,
215.0925151,,,,,
215.0925167,,,,,
215.092518,,,,,
215.0925196,,,,,
215.0925207,,,,,
215.092522,,,,,
215.0925243,,,,,
215.0925244,,,,,
215.0925264,,,,,
215.0925288,,,,,
215.0925359,,,,,
215.0925427,,,,,
215.0925596,,,,,
215.0925696,,,,,
215.1288733,,,,,
215.1288779,,,,,
215.1288933,,,,,
215.1652793,,,,,
215.1652994,,,,,
215.1653087,,,,,
215.1653255,,,,,
215.9560692,,,,,
216.0591176,,,,,
216.0878669,,,,,
216.1242606,,,,,
216.1322054,,,,,
216.1322384,,,,,
216.1686091,,,,,
216.909458,,,,,
216.9094801,,,,,
216.9804756,,,,,
217.0141736,,,,,
217.0717637,,,,,
217.1081652,,,,,
217.119329,,,,,
217.144535,,,,,
217.9393754,,,,,
217.9519027,,,,,
218.1034321,,,,,
218.1114917,,,,,
218.9377101,,,,,
219.1027051,,,,,
219.1238195,,,,,
219.9841021,,,,,
220.0979212,,,,,
220.8530419,,,,,
220.9680906,,,,,
220.9680999,,,,,
221.001099,,,,,
221.0819648,,,,,
221.0819665,,,,,
221.1545808,,,,,
221.1546032,,,,,
221.9691349,,,,,
221.9810832,,,,,
222.0772477,,,,,
222.0853052,,,,,
222.0853296,,,,,
222.9613073,,,,,
222.9650841,,,,,
222.9651364,,,,,
223.0282094,,,,,
223.0282909,,,,,
223.0283579,,,,,
223.0283668,,,,,
223.0283989,,,,,
223.0283991,,,,,
223.0284013,,,,,
223.0284041,,,,,
223.0284096,,,,,
223.0802456,,,,,
223.0976949,,,,,
223.1339986,,,,,
223.1340068,,,,,
223.1703344,,,,,
224.0278497,,,,,
224.0279201,,,,,
224.0319833,,,,,
224.0320333,,,,,
224.0564444,,,,,
225.007702,,,,,
225.0170165,,,,,
225.0252051,,,,,
225.0252392,,,,,
225.0319139,,,,,
225.0319258,,,,,
225.0341288,,,,,
225.0379461,,,,,
225.0441249,,,,,
225.0441414,,,,,
225.1496758,,,,,
225.1496771,,,,,
225.1608026,,,,,
225.1857824,,,,,
225.9114558,,,,,
225.9816358,,,,,
225.9816571,,,,,
226.0206281,,,,,
226.0509997,,,,,
226.1084933,,,,,
226.1448799,,,,,
226.9869037,,,,,
226.9869583,,,,,
227.0116974,,,,,
227.0383932,,,,,
227.0925483,,,,,
227.1288255,,,,,
227.1288831,,,,,
227.1288858,,,,,
227.1288888,,,,,
227.1652796,,,,,
227.1652901,,,,,
227.1653137,,,,,
227.1653419,,,,,
227.2017558,,,,,
227.9972184,,,,,
228.033604,,,,,
228.1241579,,,,,
228.1321733,,,,,
228.1321822,,,,,
228.1605365,,,,,
228.1685976,,,,,
228.168606,,,,,
228.1686295,,,,,
228.1688489,,,,,
228.1688802,,,,,
228.2050702,,,,,
228.9177053,,,,,
228.9401523,,,,,
229.0087217,,,,,
229.0391485,,,,,
229.1445444,,,,,
229.1445574,,,,,
229.1809134,,,,,
229.180931,,,,,
229.1809343,,,,,
229.180976,,,,,
230.0120195,,,,,
230.045907,,,,,
230.1398401,,,,,
230.1478922,,,,,
230.1842045,,,,,
230.1842105,,,,,
230.1842162,,,,,
230.1842245,,,,,
231.1238285,,,,,
231.1603268,,,,,
231.9299576,,,,,
232.0544904,,,,,
232.0614331,,,,,
232.1271495,,,,,
232.9225765,,,,,
232.9246734,,,,,
232.9892943,,,,,
233.0490072,,,,,
233.1030862,,,,,
233.1394958,,,,,
233.9242848,,,,,
233.9243258,,,,,
233.963192,,,,,
233.9998635,,,,,
234.1063935,,,,,
234.1134421,,,,,
234.9203365,,,,,
235.0434776,,,,,
235.0607384,,,,,
235.1013587,,,,,
235.1701444,,,,,
235.1702518,,,,,
235.1702536,,,,,
235.9199482,,,,,
236.0037282,,,,,
236.8704569,,,,,
236.8705155,,,,,
236.9169525,,,,,
236.9522335,,,,,
237.0763861,,,,,
237.1129972,,,,,
237.1131456,,,,,
237.1132461,,,,,
237.1168954,,,,,
237.1343911,,,,,
237.1344022,,,,,
237.1455682,,,,,
237.8711771,,,,,
238.0722035,,,,,
238.1296238,,,,,
238.8699842,,,,,
238.8914186,,,,,
238.8954566,,,,,
238.9341895,,,,,
238.9342246,,,,,
238.9526739,,,,,
239.0597106,,,,,
239.0597174,,,,,
239.059727,,,,,
239.0597281,,,,,
239.0597356,,,,,
239.059749,,,,,
239.0597511,,,,,
239.0597522,,,,,
239.0598314,,,,,
239.0674792,,,,,
239.1289213,,,,,
239.1289237,,,,,
239.2019317,,,,,
240.0707719,,,,,
240.0880689,,,,,
240.0958878,,,,,
240.1241272,,,,,
240.1321688,,,,,
240.1322069,,,,,
240.1603928,,,,,
240.160456,,,,,
240.8707233,,,,,
240.8872158,,,,,
240.9311942,,,,,
240.9312043,,,,,
240.9942074,,,,,
241.0389409,,,,,
241.0389723,,,,,
241.0390017,,,,,
241.0539506,,,,,
241.1252741,,,,,
241.1445419,,,,,
241.1446121,,,,,
241.144645,,,,,
241.1446458,,,,,
241.1809335,,,,,
241.1809448,,,,,
241.180981,,,,,
241.2174872,,,,,
242.0669803,,,,,
242.1285022,,,,,
242.1397449,,,,,
242.1479406,,,,,
242.1479735,,,,,
242.1762257,,,,,
242.1843763,,,,,
242.2207602,,,,,
242.8726546,,,,,
242.8727321,,,,,
242.8727717,,,,,
243.1601776,,,,,
243.1601906,,,,,
243.1602597,,,,,
243.1961765,,,,,
243.1966788,,,,,
243.9842717,,,,,
244.0958926,,,,,
244.1554375,,,,,
244.1634353,,,,,
244.1635379,,,,,
244.1998015,,,,,
245.1394403,,,,,
245.1394568,,,,,
246.0593688,,,,,
246.1135286,,,,,
246.1135717,,,,,
246.8769843,,,,,
247.0137598,,,,,
247.1187419,,,,,
247.1379404,,,,,
247.9790544,,,,,
248.1220544,,,,,
248.9605947,,,,,
248.9824872,,,,,
249.0323378,,,,,
249.0592203,,,,,
249.0727331,,,,,
249.1090137,,,,,
249.9759598,,,,,
250.0355658,,,,,
250.9794775,,,,,
251.0560608,,,,,
251.0597164,,,,,
251.096371,,,,,
251.1136597,,,,,
251.1327704,,,,,
251.1487087,,,,,
251.1651315,,,,,
251.1651943,,,,,
252.0593933,,,,,
252.1605069,,,,,
253.0197286,,,,,
253.0366804,,,,,
253.0506618,,,,,
253.0564096,,,,,
253.0718003,,,,,
253.0718321,,,,,
253.1081862,,,,,
253.1445497,,,,,
253.144579,,,,,
253.1446054,,,,,
253.1446665,,,,,
253.1810748,,,,,
253.1810961,,,,,
253.2175011,,,,,
253.9452662,,,,,
254.0751042,,,,,
254.0751056,,,,,
254.0822172,,,,,
254.1247382,,,,,
254.147877,,,,,
254.1764615,,,,,
254.1844637,,,,,
254.1846128,,,,,
254.2206695,,,,,
254.9170022,,,,,
255.0003929,,,,,
255.0181626,,,,,
255.0332107,,,,,
255.0487086,,,,,
255.0700014,,,,,
255.1238819,,,,,
255.1285428,,,,,
255.1409042,,,,,
255.1602708,,,,,
255.1603432,,,,,
255.196761,,,,,
255.1967923,,,,,
255.2331378,,,,,
256.0821766,,,,,
256.1555633,,,,,
256.1637347,,,,,
256.2001052,,,,,
256.2362474,,,,,
256.2363224,,,,,
256.2363703,,,,,
256.236436,,,,,
256.2364568,,,,,
256.2364658,,,,,
256.2364786,,,,,
256.2365223,,,,,
256.2365383,,,,,
256.2365569,,,,,
257.0431341,,,,,
257.1030874,,,,,
257.1031164,,,,,
257.1395244,,,,,
257.1396272,,,,,
257.1405183,,,,,
257.1405945,,,,,
257.175977,,,,,
257.1760343,,,,,
257.1760501,,,,,
257.2126188,,,,,
257.2130226,,,,,
257.2398299,,,,,
257.9443013,,,,,
258.0175342,,,,,
258.1792688,,,,,
258.1793283,,,,,
258.1793378,,,,,
258.9157715,,,,,
259.1187371,,,,,
259.1551097,,,,,
260.0809185,,,,,
260.122028,,,,,
260.8733946,,,,,
261.134428,,,,,
261.1344444,,,,,
261.1710076,,,,,
261.9583263,,,,,
261.9616336,,,,,
261.9947033,,,,,
262.0932191,,,,,
262.1377221,,,,,
262.1377574,,,,,
262.8692324,,,,,
262.9983961,,,,,
263.0099285,,,,,
263.0881733,,,,,
263.1328371,,,,,
263.1651021,,,,,
263.9917436,,,,,
264.0102445,,,,,
264.0129658,,,,,
264.1088875,,,,,
264.8940041,,,,,
264.8941892,,,,,
264.9955439,,,,,
265.0080797,,,,,
265.0483456,,,,,
266.1247203,,,,,
266.1511849,,,,,
266.1512422,,,,,
266.1512889,,,,,
266.1512975,,,,,
266.1513304,,,,,
266.151353,,,,,
266.1513656,,,,,
266.1513712,,,,,
266.1513742,,,,,
266.1513815,,,,,
266.1513866,,,,,
266.1514089,,,,,
266.1514271,,,,,
266.1514358,,,,,
266.1514365,,,,,
266.1514371,,,,,
266.1514466,,,,,
266.1514502,,,,,
266.1514577,,,,,
266.1514895,,,,,
266.1514963,,,,,
266.1516059,,,,,
267.1200083,,,,,
267.1437232,,,,,
267.1437443,,,,,
267.1437562,,,,,
267.1437585,,,,,
267.1437718,,,,,
267.1437908,,,,,
267.1437972,,,,,
267.1438181,,,,,
267.1438566,,,,,
267.1599619,,,,,
267.1601329,,,,,
267.1602522,,,,,
267.1963678,,,,,
267.2329526,,,,,
268.0824411,,,,,
268.1468948,,,,,
268.1469343,,,,,
268.1469413,,,,,
268.1469518,,,,,
268.1469796,,,,,
268.1469843,,,,,
268.1470085,,,,,
268.147019,,,,,
268.1470311,,,,,
268.1470516,,,,,
268.1470564,,,,,
268.1470592,,,,,
268.1470883,,,,,
268.1470953,,,,,
268.1471147,,,,,
268.1471225,,,,,
268.1471472,,,,,
268.1471508,,,,,
268.1471566,,,,,
268.1472157,,,,,
268.1631312,,,,,
269.0157575,,,,,
269.0314314,,,,,
269.0338186,,,,,
269.0430986,,,,,
269.0490022,,,,,
269.0853849,,,,,
269.1395101,,,,,
269.1757001,,,,,
269.1757013,,,,,
269.1757095,,,,,
269.175783,,,,,
269.1757908,,,,,
269.175807,,,,,
269.2122446,,,,,
269.2122944,,,,,
269.2123211,,,,,
269.2486705,,,,,
269.9737752,,,,,
269.9738037,,,,,
270.059722,,,,,
270.2073104,,,,,
270.2156204,,,,,
270.2156268,,,,,
270.8910263,,,,,
271.0379995,,,,,
271.1663437,,,,,
271.1915062,,,,,
271.1915556,,,,,
271.1915559,,,,,
271.1915576,,,,,
271.1915757,,,,,
271.2278314,,,,,
271.2279669,,,,,
272.1216545,,,,,
272.1216549,,,,,
272.1217294,,,,,
272.1217525,,,,,
272.121854,,,,,
272.1219446,,,,,
272.1865757,,,,,
272.1945721,,,,,
272.1946098,,,,,
272.1947066,,,,,
272.1947633,,,,,
272.2313856,,,,,
273.0535364,,,,,
273.0981266,,,,,
273.0981332,,,,,
273.14569,,,,,
273.1708228,,,,,
274.0933492,,,,,
274.1661479,,,,,
274.1740624,,,,,
274.996304,,,,,
275.113597,,,,,
275.1136388,,,,,
275.1136774,,,,,
275.1136895,,,,,
275.113695,,,,,
275.1137032,,,,,
275.113707,,,,,
275.1137121,,,,,
275.1137178,,,,,
275.1137398,,,,,
275.1137415,,,,,
275.1137606,,,,,
275.1138353,,,,,
275.1138474,,,,,
275.113919,,,,,
275.1139596,,,,,
275.1140269,,,,,
275.1500583,,,,,
275.1671237,,,,,
275.1687394,,,,,
275.168787,,,,,
276.0102812,,,,,
276.1531511,,,,,
276.8472716,,,,,
277.1100161,,,,,
277.1289867,,,,,
277.1291463,,,,,
277.1292517,,,,,
277.1444804,,,,,
277.9870893,,,,,
277.9893665,,,,,
278.1476695,,,,,
279.0156875,,,,,
279.0328743,,,,,
279.0909734,,,,,
279.1084217,,,,,
279.1428987,,,,,
279.1629397,,,,,
279.1629521,,,,,
279.1629701,,,,,
279.1630256,,,,,
279.1630616,,,,,
279.163092,,,,,
279.1632046,,,,,
279.1634127,,,,,
279.163417,,,,,
279.1634411,,,,,
279.1634707,,,,,
279.2329186,,,,,
280.0830834,,,,,
281.1354586,,,,,
281.1606318,,,,,
281.1757593,,,,,
281.2486784,,,,,
282.1639214,,,,,
282.2520283,,,,,
283.0452668,,,,,
283.1009288,,,,,
283.1374364,,,,,
283.1653952,,,,,
283.1914275,,,,,
283.1914549,,,,,
283.1914978,,,,,
283.1915306,,,,,
283.2277102,,,,,
283.2277647,,,,,
283.2640939,,,,,
283.2642009,,,,,
283.2642891,,,,,
283.9434956,,,,,
284.1352304,,,,,
284.1947566,,,,,
284.2675973,,,,,
285.0283845,,,,,
285.170715,,,,,
285.2070695,,,,,
285.207135,,,,,
285.2072691,,,,,
285.2706905,,,,,
286.2105631,,,,,
286.2106682,,,,,
286.2106932,,,,,
286.2106995,,,,,
286.9899663,,,,,
286.9900268,,,,,
287.0444347,,,,,
287.0445014,,,,,
287.0447764,,,,,
287.1500881,,,,,
287.1863882,,,,,
287.1863899,,,,,
287.2226574,,,,,
289.1470293,,,,,
289.1657378,,,,,
290.1608727,,,,,
290.893479,,,,,
290.948905,,,,,
290.9845852,,,,,
290.9881081,,,,,
291.040891,,,,,
291.0430207,,,,,
291.1449562,,,,,
291.1602319,,,,,
293.037802,,,,,
293.1792146,,,,,
293.1793,,,,,
293.1794049,,,,,
293.17972,,,,,
295.0822012,,,,,
295.1396924,,,,,
295.1906285,,,,,
295.1906937,,,,,
295.1909711,,,,,
295.1910978,,,,,
296.1430672,,,,,
297.0469113,,,,,
297.0470358,,,,,
297.0470753,,,,,
297.0607832,,,,,
297.1162536,,,,,
297.1531156,,,,,
297.2433498,,,,,
297.2798043,,,,,
298.2471045,,,,,
299.0262472,,,,,
299.0263164,,,,,
299.0265991,,,,,
299.0764988,,,,,
299.186155,,,,,
299.1863077,,,,,
299.2018368,,,,,
299.2228099,,,,,
300.2261783,,,,,
300.262478,,,,,
301.0055617,,,,,
301.0921546,,,,,
301.0923997,,,,,
301.0927527,,,,,
301.0927836,,,,,
301.0927867,,,,,
301.0927991,,,,,
301.0928078,,,,,
301.092819,,,,,
301.0928358,,,,,
301.0928558,,,,,
301.0928966,,,,,
301.0929148,,,,,
301.0929444,,,,,
301.0930111,,,,,
301.0930746,,,,,
301.0931832,,,,,
301.1656351,,,,,
301.1668074,,,,,
301.2019198,,,,,
301.217228,,,,,
301.238422,,,,,
302.17017,,,,,
302.220496,,,,,
302.2415249,,,,,
303.0721241,,,,,
303.1999222,,,,,
303.1999726,,,,,
303.2001102,,,,,
303.2330872,,,,,
304.0416147,,,,,
304.2359905,,,,,
305.0252954,,,,,
305.1605417,,,,,
305.2127776,,,,,
306.0763465,,,,,
306.8953094,,,,,
306.9998481,,,,,
307.1394127,,,,,
307.1397122,,,,,
307.1551242,,,,,
307.2124298,,,,,
309.170749,,,,,
309.170774,,,,,
309.1708193,,,,,
309.1711169,,,,,
309.1715754,,,,,
309.1741084,,,,,
309.1742833,,,,,
309.2072065,,,,,
309.2072225,,,,,
310.1740869,,,,,
310.1775469,,,,,
310.1776535,,,,,
310.9844523,,,,,
311.1501968,,,,,
311.1502762,,,,,
311.1503481,,,,,
311.1503501,,,,,
311.1504565,,,,,
311.1504576,,,,,
311.1505362,,,,,
311.1505491,,,,,
311.1686479,,,,,
311.1686989,,,,,
311.1688237,,,,,
311.1865638,,,,,
311.2229896,,,,,
311.2231819,,,,,
311.2596129,,,,,
311.2955955,,,,,
311.2957648,,,,,
312.1666808,,,,,
312.1720746,,,,,
312.172158,,,,,
312.1721754,,,,,
312.225778,,,,,
312.2260095,,,,,
312.2262491,,,,,
312.299088,,,,,
312.970227,,,,,
313.0709335,,,,,
313.0784155,,,,,
313.0785303,,,,,
313.0786163,,,,,
313.0786216,,,,,
313.0786322,,,,,
313.0787328,,,,,
313.0788116,,,,,
313.1444259,,,,,
313.1444901,,,,,
313.1646489,,,,,
313.1646783,,,,,
313.1748323,,,,,
313.1748549,,,,,
313.1748617,,,,,
313.23847,,,,,
313.2385415,,,,,
313.2747523,,,,,
313.2753828,,,,,
315.1365905,,,,,
315.1812045,,,,,
315.2175279,,,,,
316.1402723,,,,,
316.2570883,,,,,
316.2573659,,,,,
317.0878576,,,,,
317.1249025,,,,,
317.2121968,,,,,
317.2507944,,,,,
318.0570349,,,,,
319.0859952,,,,,
319.1403106,,,,,
319.1740429,,,,,
319.1762025,,,,,
321.1554072,,,,,
321.1554098,,,,,
321.2196965,,,,,
322.2135569,,,,,
322.2136021,,,,,
322.2137751,,,,,
322.2138493,,,,,
322.9044238,,,,,
323.1347046,,,,,
323.1901011,,,,,
324.1714749,,,,,
325.1675479,,,,,
325.1841999,,,,,
325.184236,,,,,
325.1845001,,,,,
325.1869081,,,,,
325.2015384,,,,,
325.2017195,,,,,
325.2018763,,,,,
325.2019448,,,,,
325.2019974,,,,,
325.2019978,,,,,
325.2021118,,,,,
325.2385556,,,,,
325.2749821,,,,,
325.3114583,,,,,
325.931946,,,,,
326.1278342,,,,,
326.1710838,,,,,
326.187588,,,,,
326.1876894,,,,,
326.1878919,,,,,
326.1901376,,,,,
327.1659663,,,,,
327.1802709,,,,,
327.1905871,,,,,
327.1906413,,,,,
327.2538979,,,,,
327.254025,,,,,
327.2906047,,,,,
327.2907318,,,,,
328.8609478,,,,,
328.9830603,,,,,
329.1606858,,,,,
329.1759411,,,,,
329.1761936,,,,,
329.233473,,,,,
329.2335072,,,,,
329.2697621,,,,,
330.2732651,,,,,
331.1399746,,,,,
332.0565479,,,,,
332.0733249,,,,,
332.8600527,,,,,
332.9223619,,,,,
333.1919518,,,,,
333.2070842,,,,,
335.1713114,,,,,
335.2228437,,,,,
335.2231175,,,,,
337.0188673,,,,,
337.1506612,,,,,
337.2056075,,,,,
337.205625,,,,,
337.2056254,,,,,
337.3115768,,,,,
338.2088114,,,,,
338.2089181,,,,,
338.8784011,,,,,
339.1660563,,,,,
339.1999503,,,,,
339.1999643,,,,,
339.2000044,,,,,
339.2000424,,,,,
339.2540825,,,,,
339.2905986,,,,,
339.3266807,,,,,
340.1673978,,,,,
340.1693178,,,,,
340.2032772,,,,,
340.2033438,,,,,
340.2033445,,,,,
340.2033959,,,,,
340.329947,,,,,
341.0604325,,,,,
341.1087065,,,,,
341.1795139,,,,,
341.179625,,,,,
341.1969956,,,,,
341.2333143,,,,,
341.2697457,,,,,
341.2700224,,,,,
341.3062984,,,,,
343.1035028,,,,,
343.1398716,,,,,
343.1399039,,,,,
343.2126394,,,,,
343.2488861,,,,,
344.1709639,,,,,
344.252137,,,,,
344.8348657,,,,,
345.1554926,,,,,
345.1931379,,,,,
346.1964281,,,,,
347.01496,,,,,
348.0315575,,,,,
349.1326264,,,,,
349.1869074,,,,,
349.2053572,,,,,
349.2054023,,,,,
350.0287234,,,,,
351.1848081,,,,,
351.2518016,,,,,
351.2543616,,,,,
351.931004,,,,,
351.9974389,,,,,
352.0684933,,,,,
353.1623028,,,,,
353.2004254,,,,,
353.2004634,,,,,
353.2182718,,,,,
353.2330363,,,,,
353.2330756,,,,,
353.2333189,,,,,
353.2333852,,,,,
353.3426899,,,,,
353.9954392,,,,,
354.2038057,,,,,
354.2039233,,,,,
355.1950619,,,,,
355.2124885,,,,,
355.212563,,,,,
355.2126392,,,,,
355.2127202,,,,,
355.2857893,,,,,
357.0140798,,,,,
357.061719,,,,,
357.2283209,,,,,
357.26493,,,,,
357.8875117,,,,,
359.0106617,,,,,
359.1345608,,,,,
359.1348617,,,,,
359.1349022,,,,,
359.1349149,,,,,
359.134925,,,,,
359.1349402,,,,,
359.135021,,,,,
359.1350313,,,,,
359.1351201,,,,,
359.1351586,,,,,
359.1352211,,,,,
359.1352413,,,,,
359.1353084,,,,,
359.1354808,,,,,
359.2191026,,,,,
359.2191889,,,,,
360.1481496,,,,,
360.1658042,,,,,
360.1747831,,,,,
360.1750939,,,,,
360.1753933,,,,,
360.9440912,,,,,
361.1143322,,,,,
361.1173677,,,,,
361.1174281,,,,,
361.1336444,,,,,
361.1506553,,,,,
361.1635633,,,,,
361.8863226,,,,,
362.154007,,,,,
362.2185409,,,,,
363.202652,,,,,
365.1365168,,,,,
365.136818,,,,,
365.1369646,,,,,
365.181623,,,,,
366.9845124,,,,,
367.1583292,,,,,
367.2159776,,,,,
367.3581086,,,,,
367.8427249,,,,,
368.1927674,,,,,
368.1973967,,,,,
368.3613606,,,,,
369.1936429,,,,,
369.2131668,,,,,
369.3009653,,,,,
369.3009935,,,,,
370.1972055,,,,,
371.0658845,,,,,
371.1923386,,,,,
371.2805033,,,,,
372.1956383,,,,,
372.9886203,,,,,
373.0452273,,,,,
373.0452462,,,,,
373.2345785,,,,,
376.3069196,,,,,
378.9846312,,,,,
379.1611826,,,,,
379.1973548,,,,,
379.1973945,,,,,
380.8224319,,,,,
381.1192242,,,,,
381.1192369,,,,,
381.231426,,,,,
381.2315056,,,,,
381.2317202,,,,,
381.2317204,,,,,
381.2493722,,,,,
381.3374437,,,,,
381.374398,,,,,
382.2348769,,,,,
382.3407077,,,,,
383.0437145,,,,,
383.1924007,,,,,
383.2437946,,,,,
383.2438749,,,,,
383.2439853,,,,,
383.244152,,,,,
383.2804946,,,,,
384.1956807,,,,,
384.283672,,,,,
384.9355602,,,,,
385.0407309,,,,,
385.1505141,,,,,
385.171666,,,,,
385.29624,,,,,
387.0044036,,,,,
387.1298136,,,,,
387.1299322,,,,,
389.0015602,,,,,
389.181886,,,,,
389.2196104,,,,,
390.1853859,,,,,
390.2227926,,,,,
394.9309388,,,,,
395.2803015,,,,,
395.3530356,,,,,
396.0558363,,,,,
396.8481152,,,,,
397.188438,,,,,
397.2264376,,,,,
397.2265038,,,,,
397.2594487,,,,,
397.2595282,,,,,
397.2597191,,,,,
398.2297389,,,,,
398.2297722,,,,,
399.3120575,,,,,
401.0878116,,,,,
401.2313599,,,,,
402.0063565,,,,,
402.0910691,,,,,
402.8044766,,,,,
403.1610388,,,,,
403.1611108,,,,,
403.1613304,,,,,
403.1615071,,,,,
403.1973093,,,,,
404.2009218,,,,,
404.3018457,,,,,
404.3380871,,,,,
404.3382469,,,,,
405.1433319,,,,,
405.1767044,,,,,
405.3414883,,,,,
406.1468159,,,,,
406.1730924,,,,,
406.949307,,,,,
407.1670321,,,,,
409.4050064,,,,,
409.4052161,,,,,
411.2386558,,,,,
411.238699,,,,,
411.2386999,,,,,
411.2387932,,,,,
411.2389858,,,,,
411.2601296,,,,,
411.3480954,,,,,
412.263136,,,,,
412.3515318,,,,,
412.9990079,,,,,
413.1971155,,,,,
413.2198294,,,,,
413.2394173,,,,,
414.2165734,,,,,
414.2166311,,,,,
414.2166875,,,,,
414.2166875,,,,,
414.2168138,,,,,
414.2168434,,,,,
414.2168516,,,,,
414.2168748,,,,,
414.2168871,,,,,
414.2171199,,,,,
415.0358819,,,,,
415.2187751,,,,,
417.2132838,,,,,
417.2262452,,,,,
418.2165448,,,,,
419.1924527,,,,,
419.9182896,,,,,
421.226307,,,,,
421.2265104,,,,,
421.3693662,,,,,
423.1873515,,,,,
423.384603,,,,,
423.4209954,,,,,
424.3880501,,,,,
425.1455227,,,,,
425.1455607,,,,,
425.2575451,,,,,
425.257675,,,,,
425.2577133,,,,,
425.2578347,,,,,
425.3638451,,,,,
425.8748238,,,,,
426.1488982,,,,,
426.1489033,,,,,
427.2546927,,,,,
427.3428131,,,,,
428.2579652,,,,,
429.1765069,,,,,
429.2606086,,,,,
431.1392953,,,,,
431.1394498,,,,,
431.2286405,,,,,
432.3329409,,,,,
433.2079891,,,,,
433.2080119,,,,,
433.3365047,,,,,
437.4003748,,,,,
439.2293945,,,,,
439.2910859,,,,,
439.357944,,,,,
439.3794594,,,,,
440.3611663,,,,,
440.9109658,,,,,
441.1980025,,,,,
441.2523382,,,,,
441.2525804,,,,,
441.2527542,,,,,
442.2565982,,,,,
442.2566612,,,,,
445.1141794,,,,,
445.2443673,,,,,
447.1344133,,,,,
447.2239629,,,,,
447.2754619,,,,,
449.1440089,,,,,
449.1442954,,,,,
449.16967,,,,,
449.1736361,,,,,
449.203198,,,,,
449.2161135,,,,,
450.17332,,,,,
450.1771313,,,,,
451.1702509,,,,,
453.3952192,,,,,
455.2650072,,,,,
457.2657708,,,,,
459.2028339,,,,,
459.2028885,,,,,
459.2450829,,,,,
459.2733383,,,,,
460.2059672,,,,,
460.2061357,,,,,
463.4154901,,,,,
465.4313154,,,,,
466.4350372,,,,,
467.2133829,,,,,
467.4106799,,,,,
469.1714964,,,,,
469.171533,,,,,
469.3018169,,,,,
470.305173,,,,,
473.2027729,,,,,
473.2392269,,,,,
473.2757157,,,,,
473.2823637,,,,,
473.2823917,,,,,
473.2826087,,,,,
473.2827097,,,,,
474.2855767,,,,,
474.2856177,,,,,
474.2858166,,,,,
474.2860248,,,,,
475.268348,,,,,
479.2132189,,,,,
479.447485,,,,,
483.2962734,,,,,
483.4057283,,,,,
485.2239489,,,,,
485.2410191,,,,,
485.2771231,,,,,
485.2783163,,,,,
485.2786484,,,,,
485.2967328,,,,,
485.3486343,,,,,
486.2819008,,,,,
486.2819938,,,,,
486.2999685,,,,,
489.1402683,,,,,
489.1980739,,,,,
491.2133249,,,,,
493.1958999,,,,,
493.4265552,,,,,
493.4270385,,,,,
495.1647976,,,,,
495.442126,,,,,
497.2407052,,,,,
509.4573318,,,,,
510.4251379,,,,,
517.2289958,,,,,
527.2705491,,,,,
527.3435637,,,,,
529.2498252,,,,,
529.2673657,,,,,
529.3043475,,,,,
529.3047444,,,,,
530.3076028,,,,,
530.3079742,,,,,
534.3136204,,,,,
537.4521334,,,,,
537.4528479,,,,,
543.3386288,,,,,
544.3420211,,,,,
545.2605191,,,,,
545.3445339,,,,,
549.5253327,,,,,
553.1931193,,,,,
553.1932517,,,,,
555.3898323,,,,,
564.3444795,,,,,
565.3478522,,,,,
567.5365214,,,,,
571.4027156,,,,,
573.2765999,,,,,
573.3309253,,,,,
575.2708796,,,,,
579.5355553,,,,,
580.5390586,,,,,
585.3859593,,,,,
591.5721759,,,,,
593.5153451,,,,,
597.2192068,,,,,
597.2193757,,,,,
599.2920617,,,,,
601.3807688,,,,,
609.1510299,,,,,
617.1879554,,,,,
617.3182799,,,,,
633.3993496,,,,,
633.5582654,,,,,
641.2452095,,,,,
641.2455495,,,,,
641.3393485,,,,,
644.4312782,,,,,
666.0598305,,,,,
666.0603534,,,,,
670.1498779,,,,,
675.0766975,,,,,
691.4415172,,,,,
701.4700353,,,,,
717.4649685,,,,,
739.0653434,,,,,
753.3654349,,,,,
788.9764697,,,,,
789.9792906,,,,,
790.9815874,,,,,
829.707946,,,,,
854.7088882,,,,,
854.7114522,,,,,
