mz,formula,SMILES,matchscore
125.097201,C8H14O,CCC\C=C(/CC)C=O,1.019748354
125.097201,C8H14O,CCCCCC(O)C#C,1.019748354
125.097201,C8H14O,OCCCCCCC#C,1.019748354
125.097201,C8H14O,CCCCC\C=C\C=O,1.019748354
125.097201,C8H14O,CC1CC=CCC1CO,1.019748354
125.097201,C8H14O,CCCCC\C=C\C=O,1.019748354
125.097201,C8H14O,CCCCC#CCCO,1.019748354
125.097201,C8H14O,OCC1CC2CCC1C2,1.019748354
125.097201,C8H14O,CC\C(C=O)=C/C(C)C,1.019748354
125.097201,C8H14O,CCC/C=C/C=C/CO,1.019748354
125.097201,C8H14O,CCCCC\C=C/C=O,1.019748354
125.097201,C8H14O,CCCC\C(=C\C)C=O,1.019748354
125.097201,C8H14O,CCC\C=C(/CC)C=O,1.019748354
125.097201,C8H14O,OC1(CCCC1)CC=C,1.019748354
125.097201,C8H14O,CC\C=C/CCCC=O,1.019748354
125.097201,C8H16O2,CCCCCCC(=O)OC,0.019748354
125.097201,C8H16O2,CC(C)COC(=O)C(C)C,0.019748354
125.097201,C8H16O2,CCC(=O)OCCC(C)C,0.019748354
125.097201,C8H16O2,CC(C)CC(C)OC(C)=O,0.019748354
125.097201,C8H16O2,CCCCOC(=O)CCC,0.019748354
125.097201,C8H16O2,CCCCCCCOC=O,0.019748354
125.097201,C8H16O2,CCCCCC(=O)OCC,0.019748354
125.097201,C8H16O2,CCCCCCCC(O)=O,0.019748354
125.097201,C8H16O2,CCCCC(CC)C(O)=O,0.019748354
125.097201,C8H16O2,CCCCCCOC(C)=O,0.019748354
125.097201,C8H16O2,CCCC(=O)OCC(C)C,0.019748354
125.097201,C8H16O2,CCCCCOC(=O)CC,0.019748354
125.097201,C8H16O2,CCC(C)COC(=O)CC,0.019748354
125.097201,C8H16O2,OCC1CCCC(CO)C1,0.019748354
125.097201,C8H16O2,CCCC(C)COC(C)=O,0.019748354
125.097201,C8H16CrO2,[Cr].CCCCC(CC)C(O)=O,0.019748354
125.097201,C8H16O2,CCCC(C)C1OCCO1,0.019748354
125.097201,C8H16O2,CCCCCCCC(O)=O,0.019748354
125.097201,C8H16O2,CCC/C=C/C(OC)OC,0.019748354
125.097201,C8H16O2,CC(C)CC1OCC(C)O1,0.019748354
125.097201,C8H16O2,CC(C)CCCCC(O)=O,0.019748354
125.097201,C8H16O2,CCOC(=O)CCC(C)C,0.019748354
125.097201,C8H16O2,CC(C)CC(=O)OC(C)C,0.019748354
125.097201,C8H16O2,CC\C=C/CC(OC)OC,0.019748354
125.097201,C8H16O2,CCCC(C)C(=O)OCC,0.019748354
125.097201,C8H16O2,CCCCCCCC(O)=O,0.019748354
125.097201,C8H16O2,CCCCCCOC(C)=O,0.019748354
127.0764364,C7H12O2,OC(=O)C1CCCCC1,1.019303098
127.0764364,C7H12O2,CCCC/C=C/C(O)=O,1.019303098
127.0764364,C7H12O2,CC(C)(OCCO)C#C,1.019303098
127.0764364,C7H11O2,CC(C)\C=C(/C)C([O-])=O,0.519303098
127.0764364,C7H11O2,CCC\C=C(/C)C([O-])=O,0.519303098
127.0764364,C7H14O3,CCOC(=O)C(C)(O)CC,0.019303098
127.0764364,C7H14O3,CCCCOC(=O)C(C)O,0.019303098
127.0764364,C7H14O3,CCOCCC(=O)OCC,0.019303098
127.0764364,C7H14O3,COC1CCCC(OC)O1,0.019303098
127.0764364,C7H14O3,COC(C)CCOC(C)=O,0.019303098
127.0764364,C7H14O3,CCC1(CO)COCOC1,0.019303098
127.0764364,C7H14O3,CCC(C)OC(=O)C(C)O,0.019303098
127.0764364,C7H14O3,CC(C)OCCOC(C)=O,0.019303098
127.0764364,C7H14O3,CCCC(=O)OCC(C)O,0.019303098
127.0764364,C7H14O3,CCCCOC(=O)C(C)O,0.019303098
127.0764364,C7H14O3,CCCC(=O)OCC(C)O,0.019303098
127.0764364,C7H14O3,CC(C)CCOCC(O)=O,0.019303098
127.0764364,C7H14O3,CCOC(C)COC(C)=O,0.019303098
127.0764364,C6H10,C1CCC=CC1,0.019303098
127.0764364,C6H10,C=CCCC=C,0.019303098
127.0764364,C6H10,C/C=C/CC=C,0.019303098
127.0764364,C6H10,CCCCC#C,0.019303098
127.0764364,C6H10,CC(C)=CC=C,0.019303098
127.0764364,C6H10,CC(C=C)C=C,0.019303098
127.0764364,C6H10,C/C=C/C(C)=C,0.019303098
127.0764364,C6H10,C=C1CCCC1,0.019303098
127.0764364,C6H10,CCCCC#C,0.019303098
127.0764364,C6H10,C/C=C/C=C/C,0.019303098
128.0353241,C5H7NO3,OC(=O)C1CCC(=O)N1,1.0184529
128.0353241,C5H9NO4,NC(CCC(O)=O)C(O)=O,0.0184529
128.0353241,C5H9NO4,NC(CCC(O)=O)C(O)=O,0.0184529
128.0353241,C5H9NO4,CCOC(=O)C(C)[N+]([O-])=O,0.0184529
128.0353241,C5H9NO4,NC(CCC(O)=O)C(O)=O,0.0184529
129.0193481,C5H6O4,OC(=O)CC(=C)C(O)=O,1.0184529
129.0193481,C5H6O4,C\C(=C/C(O)=O)C(O)=O,1.0184529
129.0193481,C5H6O4,COC(=O)\C=C/C(O)=O,1.0184529
138.0196381,C6H5NO3,Oc1ccc(cc1)[N+]([O-])=O,1.019802414
138.0196381,C6H5NO3,Oc1ccccc1[N+]([O-])=O,1.019802414
138.0196381,C6H5NO3,OC(=O)C1=CNC(=O)C=C1,1.019802414
138.0196381,C6H4BrNO2,[O-][N+](=O)c1ccccc1Br,0.519802414
162.0196584,C8H5NO3,ON1C(=O)c2ccccc2C1=O,1.019476752
162.0196584,C8H7NO4,Nc1cc(cc(c1)C(O)=O)C(O)=O,0.019476752
162.0196584,C8H7NO4,OC(=O)Cc1ccc(cc1)[N+]([O-])=O,0.019476752
162.0196584,C8H7NO4,CC(=O)Oc1ccccc1[N+]([O-])=O,0.019476752
162.0196584,C8H7NO4,Cc1ccc(cc1[N+]([O-])=O)C(O)=O,0.019476752
162.0196584,C8H7NO4,COC(=O)c1cccc(c1)[N+]([O-])=O,0.019476752
162.0196584,C8H7NO4,COC(=O)c1ccc(cc1)[N+]([O-])=O,0.019476752
162.0196584,C8H7NO4,COC(=O)c1ccccc1[N+]([O-])=O,0.019476752
162.0196584,C8H7NO4,CC(=O)Oc1ccc(cc1)[N+]([O-])=O,0.019476752
162.0196584,C8H7NO4,Cc1c(cccc1[N+]([O-])=O)C(O)=O,0.019476752
162.0196584,C8H7NO4,Cc1cc(ccc1[N+]([O-])=O)C(O)=O,0.019476752
162.0196584,C8H7NO4,Cc1ccc(c(c1)C(O)=O)[N+]([O-])=O,0.019476752
162.0196584,C8H7NO4,OC(=O)Cc1ccccc1[N+]([O-])=O,0.019476752
162.0196584,C8H7NO4,Nc1cccc(C(O)=O)c1C(O)=O,0.019476752
162.0196584,C8H7NO4,Nc1ccc(C(O)=O)c(c1)C(O)=O,0.019476752
162.0196584,C8H7NO4,Cc1cccc(C(O)=O)c1[N+]([O-])=O,0.019476752
162.0196584,C8H7NO4,COc1ccc(cc1C=O)[N+]([O-])=O,0.019476752
165.0193278,C8H6O4,OC(=O)c1ccccc1C(O)=O,1.016194434
165.0193278,C8H6O4,OC(=O)c1ccc2OCOc2c1,1.016194434
165.0193278,C8H6O4,OC(=O)c1cccc(c1)C(O)=O,1.016194434
165.0193278,C8H6O4,Oc1ccc2C(=O)COc2c1O,1.016194434
165.0193278,C8H6O4,OC(=O)c1ccccc1C(O)=O,1.016194434
165.0193278,C8H8O5,COC(=O)c1cc(O)c(O)c(O)c1,0.016194434
165.0193278,C8H8O5,COC(=O)c1c(O)cc(O)cc1O,0.016194434
165.0193278,C8H8O5,COc1c(O)cc(cc1O)C(O)=O,0.016194434
169.0869802,C9H14O3,CC1(C)C(=C(O)C(=O)C1(C)C)O,1.019827515
169.0869802,C9H13BrO2,CC1(C)C(=C(O)C(=O)C1(C)C)Br,0.519827515
169.0869802,C9H16O4,OC(=O)CCCCCCCC(O)=O,0.019827515
169.0869802,C9H16O4,CCOC(=O)CCCC(=O)OCC,0.019827515
169.0869802,C9H16O4,COC(=O)CCCCCC(=O)OC,0.019827515
169.0869802,C9H16O4,CC(CC(O)=O)CC(C)(C)C(O)=O,0.019827515
169.0869802,C9H16O4,CC(CC(C)(C)CC(O)=O)C(O)=O,0.019827515
169.0869802,C9H16O4,CCOC(=O)CC1(C)OCC(C)O1,0.019827515
169.0869802,C9H16O4,CC(=O)OCCCCCOC(C)=O,0.019827515
169.0869802,C9H16O4,CCOCCOCCOC(=O)C=C,0.019827515
169.0869802,C9H16O4,OC(=O)CCCCCCCC(O)=O,0.019827515
169.0869802,C9H16O4,CCC(CC)(C(=O)OC)C(=O)OC,0.019827515
169.0869802,C9H16O4,CCOC(=O)C=C(OCC)OCC,0.019827515
169.0869802,C9H16O4,COC(=O)C(CC(C)C)C(=O)OC,0.019827515
169.0869802,C9H16O4,COCCOCCOC(=O)C(C)=C,0.019827515
169.0869802,C9H16O4,CCOC(=O)CCCC(=O)OCC,0.019827515
169.0869802,C9H16O4,CCOC(=O)CCCC(=O)OCC,0.019827515
169.0869802,C8H12O,C=CC1CCC2OC2C1,0.019827515
169.0869802,C8H12O,OC1(CCCCC1)C#C,0.019827515
169.0869802,C8H12O,CC1CC=CCC1C=O,0.019827515
169.0869802,C8H12O,OCC1CC2CC1C=C2,0.019827515
169.0869802,C8H12O,CC(C)=C/C=C/C(C)=O,0.019827515
169.0869802,C8H12O,C1CC(CC=C1)C2CO2,0.019827515
169.0869802,C8H12O,CC1=CCC(CC1)C=O,0.019827515
169.0869802,C8H12O,CCC\C=C\C=C\C=O,0.019827515
169.0869802,C8H12O,C/C=C/CC/C=C/C=O,0.019827515
169.0869802,C8H12O,C#COC1CCCCC1,0.019827515
171.0662689,C8H12O4,OC(=O)C1CCC(CC1)C(O)=O,1.019828704
171.0662689,C8H12O4,CC(C)COC(=O)\C=C/C(O)=O,1.019828704
171.0662689,C8H12O4,CCCCOC(=O)\C=C/C(O)=O,1.019828704
171.0662689,C8H12O4,OC(=O)C1CCCCC1C(O)=O,1.019828704
171.0662689,C8H12O4,OC(=O)C1CCCCC1C(O)=O,1.019828704
171.0662689,C8H12O4,OC(=O)C1CCCC(C1)C(O)=O,1.019828704
171.0662689,C8H12O4,CCOC(=O)C=C.OC(=O)C=C,1.019828704
171.0662689,C8H12O4,C/C=C/C(O)=O.CC(=O)OC=C,1.019828704
171.0662689,C8H12O4,CC(=O)C1(C)CC(=O)C(C)(O)O1,1.019828704
171.0662689,C8H12O4,CCCCOC(=O)\C=C/C(O)=O,1.019828704
171.0662689,C8H14O5,CC(=O)OCCOCCOC(C)=O,0.019828704
171.0662689,C8H14O5,CCOC(=O)CC(O)C(=O)OCC,0.019828704
171.0662689,C8H14O5,CC1(C)O[C@H]2O[C@H](CO)[C@H](O)[C@H]2O1,0.019828704
171.0662689,C7H10O2,COC(=O)\C=C\C=C\C,0.019828704
171.0662689,C7H10O2,CC(=C)C(=O)OCC=C,0.019828704
171.0662689,C7H10O2,O/C=C1/CCCCC1=O,0.019828704
171.0662689,C7H10O2,CC1(CCC(=O)O1)C=C,0.019828704
171.0662689,C7H10O2,OC(=O)C1CCC=CC1,0.019828704
171.0662689,C7H10O2,CCC(O)c1occc1,0.019828704
171.0662689,C7H10O2,CC1CC(=O)C(=O)C1C,0.019828704
171.0662689,C7H10O2,CC1CC(C)C(=O)C1=O,0.019828704
171.0662689,C7H10O2,CCC1CCC(=O)C1=O,0.019828704
171.0662689,C7H10O2,OC(=O)CC1=CCCC1,0.019828704
171.0662689,C7H10O2,CC1CC(=O)C(=C1C)O,0.019828704
171.0662689,C7H10O2,CCC1=C(O)C(=O)CC1,0.019828704
171.0662689,C7H10O2,CC12CCCC(=O)C1O2,0.019828704
171.0662689,C7H10O2,C/C=C/COC(=O)C=C,0.019828704
173.0455475,C7H10O5,COC=C.OC(=O)\C=C/C(O)=O,2.013082541
173.0455475,C7H10O5,CC(O)CO.O=C1OC(=O)C=C1,1.923230805
173.0455475,C6H8O3,OC(=O)C=C.C=CC=O,1.417087662
173.0455475,C6H8O3,CC(=O)C1COC(=O)C1,0.61932949
173.0455475,C6H8O3,C=CC(=O)OCC1CO1,0.520272042
173.0455475,C6H8O3,CC1OC(=O)C(=C1C)O,0.506678184
173.0455475,C6H8O3,CC1(C)OC(=O)OC1=C,0.026666274
173.0455475,C6H8O3,OO.Oc1ccccc1,0.019890854
173.0455475,C6H8O3,COc1oc(OC)cc1,0.019855272
173.0455475,C6H8O3,OCc1oc(CO)cc1,0.019841409
173.0819092,C8H14O4,OC(=O)CCCCCCC(O)=O,3.019760386
173.0819092,C8H14O4,OC(=O)CCCCCCC(O)=O,3.019760386
173.0819092,C8H14O4,CCOC(=O)CCCCC(O)=O,2.952492768
173.0819092,C8H14O4,CCCCOC(=O)CCC(O)=O,2.828934432
173.0819092,C8H14O4,CC(C)COC(=O)CCC(O)=O,2.66166091
173.0819092,C8H14O4,OCCOCC#CCOCCO,2.019760386
173.0819092,C8H14O4,OCCOCC#CCOCCO,2.019760386
173.0819092,C8H14O4,CC(C)(OO)C#CC(C)(C)OO,2.019760386
173.0819092,C7H12O2,OC(=O)C1CCCCC1,2.019760386
173.0819092,C7H12O2,CCC(=O)CC(=O)CC,1.969859327
173.0819092,C7H12O2,CCCCC(=O)C(C)=O,1.945895004
173.0819092,C7H12O2,CCCC/C=C/C(O)=O,1.936694016
173.0819092,C7H12O2,COC1CCCCC1=O,1.677961382
173.0819092,C7H12O2,O=COC1CCCCC1,1.459387976
173.0819092,C7H12O2,CC/C=C/CC(=O)OC,1.362533762
173.0819092,C7H12O2,CC\C=C/CCOC=O,1.302371692
173.0819092,C7H12O2,CCCC(=O)OCC=C,1.292924006
173.0819092,C7H12O2,C/C=C(C)/CCOC=O,1.283317006
173.0819092,C7H12O2,CCOC(=O)CCC=C,1.268209538
173.0819092,C7H12O2,CCC/C=C/C(=O)OC,1.265699579
173.0819092,C7H12O2,CCCCOC(=O)C=C,1.216141058
173.0819092,C7H12O2,CCCCOC(=O)C=C,1.216141058
173.0819092,C7H12O2,CCC(C)OC(=O)C=C,1.190198053
173.0819092,C7H12O2,CC\C=C/COC(C)=O,1.184985992
173.0819092,C7H12O2,CC(=C)CCOC(C)=O,1.178268219
173.0819092,C7H12O2,CCOC1CCC=CO1,1.154961057
173.0819092,C7H12O2,CC(C)COC(=O)C=C,1.14518223
173.0819092,C8H16O5,C1CCOCOC1.C2OCOCO2,1.14475091
173.0819092,C7H12O2,CCCOC(=O)C(C)=C,1.143836864
173.0819092,C7H12O2,C/C=C(C)/COC(C)=O,1.126136329
173.0819092,C7H12O2,CCOC(=O)C=C(C)C,1.121798183
173.0819092,C7H12O2,CC(C)OC(=O)C(C)=C,1.116036674
173.0819092,C7H12O2,CCOC(=O)C(/C)=C/C,1.111740034
173.0819092,C7H12O2,CC(=O)OCC=C(C)C,1.090089015
173.0819092,C7H12O2,CCOC(C)OCC#C,1.019760386
173.0819092,C7H12O2,CC(C)(OCCO)C#C,1.019760386
174.0488332,C7H10O5,COC=C.OC(=O)\C=C/C(O)=O,2.41981726
174.0488332,C7H10O5,CC(O)CO.O=C1OC(=O)C=C1,2.41981726
174.0488332,C6H8O3,OC(=O)C=C.C=CC=O,0.317831961
174.0488332,C6H8O3,OO.Oc1ccccc1,0.018620573
187.0975596,C9H16O4,OC(=O)CCCCCCCC(O)=O,1.819819081
187.0975596,C9H16O4,OC(=O)CCCCCCCC(O)=O,1.819819081
187.0975596,C9H16O4,CC(CC(C)(C)CC(O)=O)C(O)=O,1.792745009
187.0975596,C9H16O4,CC(CC(O)=O)CC(C)(C)C(O)=O,1.770228584
187.0975596,C8H14O2,OC(=O)CCC1CCCC1,0.719819081
187.0975596,C8H14O2,OC(=O)CC1CCCCC1,0.719819081
187.0975596,C8H14O2,CCCC/C=C/CC(O)=O,0.499356862
188.1009013,C9H16O4,OC(=O)CCCCCCCC(O)=O,1.012697301
188.1009013,C9H16O4,CC(CC(O)=O)CC(C)(C)C(O)=O,1.012697301
188.1009013,C9H16O4,CC(CC(C)(C)CC(O)=O)C(O)=O,1.012697301
188.1009013,C9H16O4,OC(=O)CCCCCCCC(O)=O,1.012697301
188.1009013,C9H18O5,COCCOCCOCCOC(C)=O,0.012697301
188.1009013,C9H18O5,CCOC(=O)CC(C)=O.CC(O)CO,0.012697301
188.1009013,C8H14O2,CC(C)COC(=O)C(C)=C,0.012697301
188.1009013,C8H14O2,CCCCOC(=O)C(C)=C,0.012697301
188.1009013,C8H14O2,CCCCC1CCC(=O)O1,0.012697301
188.1009013,C8H14O2,C=COCCCCOC=C,0.012697301
188.1009013,C8H14O2,OC(=O)CCC1CCCC1,0.012697301
188.1009013,C8H14O2,CC(C)(O)C#CC(C)(C)O,0.012697301
188.1009013,C8H14O2,C\C=C/C(=O)OCC(C)C,0.012697301
188.1009013,C8H14O2,CC(=O)OC1CCCCC1,0.012697301
188.1009013,C8H14O2,CCCC1CCCC(=O)O1,0.012697301
188.1009013,C8H14O2,CC(C)C(=O)OCC(C)=C,0.012697301
188.1009013,C8H14O2,CC(=O)C1(O)CCCCC1,0.012697301
188.1009013,C8H14O2,CCCC/C=C/CC(O)=O,0.012697301
188.1009013,C8H14O2,CCOC(=O)C(C)\C=C\C,0.012697301
188.1009013,C8H14O2,CCOC(=O)C\C=C\CC,0.012697301
188.1009013,C8H14O2,CCC\C=C/COC(C)=O,0.012697301
188.1009013,C8H14O2,CC(C)CC(=O)OCC=C,0.012697301
188.1009013,C8H14O2,CCCCCOC(=O)C=C,0.012697301
188.1009013,C8H14O2,CC(C)CC(=O)CC(C)=O,0.012697301
188.1009013,C8H14O2,CC/C=C(C)/COC(C)=O,0.012697301
188.1009013,C8H14O2,C=CCOCCOCC=C,0.012697301
188.1009013,C8H14O2,CCCCOC(=O)C(C)=C,0.012697301
188.1009013,C8H14O2,OC(=O)CC1CCCCC1,0.012697301
188.1009013,C8H14O2,CC(C)CC1CCC(=O)O1,0.012697301
188.1009013,C8H14O2,CCOC(=O)C\C=C\CC,0.012697301
188.1009013,C8H14O2,CCC/C=C/C(=O)OCC,0.012697301
188.1009013,C8H14O2,CCCC(OC(C)=O)C=C,0.012697301
188.1009013,C8H14O2,CC/C(C)=C/COC(C)=O,0.012697301
188.1009013,C8H14O2,CCC(C)COC(=O)C=C,0.012697301
188.1009013,C8H14O2,CC/C=C/CCOCC=O,0.012697301
188.1009013,C8H14O2,COC(=O)\C=C\CC(C)C,0.012697301
188.1009013,C8H14O2,CC(CCOC(C)=O)C=C,0.012697301
188.1009013,C8H14O2,CC1CC(C)(C)CC(=O)O1,0.012697301
188.1009013,C8H14O2,C/C=C/C(=O)OCC(C)C,0.012697301
188.9515279,C7H4Cl2O2,OC(=O)c1c(Cl)cccc1Cl,1.008318751
188.9515279,C7H4Cl2O2,OC(=O)c1cccc(Cl)c1Cl,1.008318751
188.9515279,C7H4Cl2O2,OC(=O)c1cc(Cl)ccc1Cl,1.008318751
188.9515279,C7H4Cl2O2,OC(=O)c1ccc(Cl)cc1Cl,1.008318751
188.9515279,C7H4Cl2O2,OC(=O)c1cc(Cl)cc(Cl)c1,1.008318751
188.9515279,C7H4Cl2O2,OC(=O)c1ccc(Cl)c(Cl)c1,1.008318751
188.9515279,C7H4Cl2O2,Oc1c(Cl)cc(Cl)cc1C=O,1.008318751
188.9515279,C7H4Cl2O2,OC(=O)c1cc(Cl)ccc1Cl,1.008318751
188.9515076,C7H4Cl2O2,OC(=O)c1c(Cl)cccc1Cl,1.008318751
188.9515076,C7H4Cl2O2,OC(=O)c1cccc(Cl)c1Cl,1.008318751
188.9515076,C7H4Cl2O2,OC(=O)c1cc(Cl)ccc1Cl,1.008318751
188.9515076,C7H4Cl2O2,OC(=O)c1ccc(Cl)cc1Cl,1.008318751
188.9515076,C7H4Cl2O2,OC(=O)c1cc(Cl)cc(Cl)c1,1.008318751
188.9515076,C7H4Cl2O2,OC(=O)c1ccc(Cl)c(Cl)c1,1.008318751
188.9515076,C7H4Cl2O2,Oc1c(Cl)cc(Cl)cc1C=O,1.008318751
188.9515076,C7H4Cl2O2,OC(=O)c1cc(Cl)ccc1Cl,1.008318751
191.1077321,C12H16O2,CCCCCOc1ccc(C=O)cc1,1.019877674
191.1077321,C12H16O2,CCCCCc1ccc(cc1)C(O)=O,1.019877674
191.1077321,C12H16O2,CC(C)(C)c1ccccc1CC(O)=O,1.019877674
191.1077321,C12H16O2,CCc1ccc(cc1)C(=O)C(C)(C)O,1.019877674
191.1077321,C12H16O2,CC(C)C=O.O=CCc1ccccc1,1.019877674
191.1077321,C12H16O2,O=CCOC1CC2CC1C3CC=CC23,1.019877674
191.1077321,C12H16O2,CC(C)(C)c1ccc(OCC=O)cc1,1.019877674
191.1077321,C12H15O2,CC(C)(C)c1ccc(CC([O-])=O)cc1,0.519877674
191.1077321,C12H18O3,CCOc1cc(OCC)cc(OCC)c1,0.019877674
191.1077321,C12H18O3,CCCCCC/C=C/C1CC(=O)OC1=O,0.019877674
191.1077321,C12H18O3,CCCOc1cc(O)cc(OCCC)c1,0.019877674
191.1077321,C12H18O3,CC(C)CCCCCC1=CC(=O)OC1=O,0.019877674
191.1077321,C12H18O3,CCOC(COc1ccccc1)OCC,0.019877674
191.1077321,C12H18O3,CC(COc1ccccc1)OCCCO,0.019877674
191.1077321,C12H18O3,CCCCCCC=O.O=Cc1occc1,0.019877674
191.1077321,C12H18O3,COC(COc1c(C)cccc1C)OC,0.019877674
191.1077321,C12H18O3,CCc1ccc(OCC(OC)OC)cc1,0.019877674
191.1077321,C12H18O3,CCCCC[C@@H](C=C)[C@@H]1CC(=O)OC1=O,0.019877674
191.1077321,C12H18O3,CCCCOCc1ccc(O)c(OC)c1,0.019877674
191.1077321,C11H14,CC1=CC=CC1.C2C=CC=C2,0.019877674
191.1077118,C12H16O2,CCCCCOc1ccc(C=O)cc1,1.019877674
191.1077118,C12H16O2,CCCCCc1ccc(cc1)C(O)=O,1.019877674
191.1077118,C12H16O2,CC(C)(C)c1ccccc1CC(O)=O,1.019877674
191.1077118,C12H16O2,CCc1ccc(cc1)C(=O)C(C)(C)O,1.019877674
191.1077118,C12H16O2,CC(C)C=O.O=CCc1ccccc1,1.019877674
191.1077118,C12H16O2,O=CCOC1CC2CC1C3CC=CC23,1.019877674
191.1077118,C12H16O2,CC(C)(C)c1ccc(OCC=O)cc1,1.019877674
191.1077118,C12H15O2,CC(C)(C)c1ccc(CC([O-])=O)cc1,0.519877674
191.1077118,C12H18O3,CCOc1cc(OCC)cc(OCC)c1,0.019877674
191.1077118,C12H18O3,CCCCCC/C=C/C1CC(=O)OC1=O,0.019877674
191.1077118,C12H18O3,CCCOc1cc(O)cc(OCCC)c1,0.019877674
191.1077118,C12H18O3,CC(C)CCCCCC1=CC(=O)OC1=O,0.019877674
191.1077118,C12H18O3,CCOC(COc1ccccc1)OCC,0.019877674
191.1077118,C12H18O3,CC(COc1ccccc1)OCCCO,0.019877674
191.1077118,C12H18O3,CCCCCCC=O.O=Cc1occc1,0.019877674
191.1077118,C12H18O3,COC(COc1c(C)cccc1C)OC,0.019877674
191.1077118,C12H18O3,CCc1ccc(OCC(OC)OC)cc1,0.019877674
191.1077118,C12H18O3,CCCCC[C@@H](C=C)[C@@H]1CC(=O)OC1=O,0.019877674
191.1077118,C12H18O3,CCCCOCc1ccc(O)c(OC)c1,0.019877674
191.1077118,C11H14,CC1=CC=CC1.C2C=CC=C2,0.019877674
194.0822398,C10H13NO3,C[C@]([NH3+])(Cc1ccc(O)cc1)C([O-])=O,2.80504214
194.0822398,C10H13NO3,CC(N)(Cc1cccc(O)c1)C(O)=O,2.796472925
194.0822398,C10H13NO3,[NH3+][C@@H](COCc1ccccc1)C([O-])=O,2.271124806
194.0822398,C10H13NO3,CC(C)(C)c1ccc(O)c(c1)[N+]([O-])=O,2.014109742
194.0822398,C10H13NO3,CC(=O)Nc1ccc(OCCO)cc1,2.014109742
195.0856171,C10H13NO3,CC(N)(Cc1cccc(O)c1)C(O)=O,0.926303105
195.0856171,C10H13NO3,C[C@]([NH3+])(Cc1ccc(O)cc1)C([O-])=O,0.926303105
195.0856171,C10H13NO3,[NH3+][C@@H](COCc1ccccc1)C([O-])=O,0.926303105
195.0856171,C10H13NO3,CC(C)(C)c1ccc(O)c(c1)[N+]([O-])=O,0.526303105
195.0856171,C10H13NO3,CC(=O)Nc1ccc(OCCO)cc1,0.526303105
195.138972,C12H20O2,OCC1CC2C3CC(CO)C(C3)C2C1,1.019631123
195.138972,C12H22O3,CCC(CO)(COCC=C)COCC=C,0.019631123
195.138972,C12H22O3,CCCCCC(=O)OC(=O)CCCCC,0.019631123
195.138972,C12H22O3,CCCCCC1COCCC1OC(C)=O,0.019631123
195.138972,C12H22O3,CCCCCCC(C(C)=O)C(=O)OCC,0.019631123
195.138972,C12H22O3,CCCCC1COCC(C)C1OC(C)=O,0.019631123
195.138972,C12H22O3,CCCCCCCCC1(C)OC1C(O)=O,0.019631123
195.138972,C12H22O3,CCOC(=O)OC1C(C)CCC(C)C1C,0.019631123
195.138972,C11H18,CCCCC1CC2CC1C=C2,0.019631123
199.0975444,C10H16O4,CC(=O)OC=C.CC(=C)C(O)=O.C=C,1.014109742
199.0975444,C10H16O4,CCOC(=O)C(C)=C.CC(=C)C(O)=O,1.014109742
199.0975444,C10H16O4,CCCCCCOC(=O)\C=C\C(O)=O,1.014109742
199.0975444,C10H18O5,CC(C)(C)OC(=O)OC(=O)OC(C)(C)C,0.014109742
199.0975444,C9H14O2,CCCCCC#CC(=O)OC,0.014109742
199.0975444,C9H14O2,O=C1CCC2(CCCCC2)O1,0.014109742
199.0975444,C9H14O2,C=CC(=O)OC1CCCCC1,0.014109742
199.0975444,C9H14O2,O=C1CCC2CCCCC2O1,0.014109742
199.0975444,C9H14O2,COC(=O)C1(C)CCC=CC1,0.014109742
199.0975444,C9H14O2,OCC1(CO)CC2CC1C=C2,0.014109742
199.0975444,C9H14O2,CC(=O)OC1CC2CCC1C2,0.014109742
199.0975444,C9H14O2,O=COC1CCC\C=C/CC1,0.014109742
201.1131948,C10H18O4,OC(=O)CCCCCCCCC(O)=O,1.014093119
201.1131948,C10H18O4,CCC(CO)(CO)COC(=O)C(C)=C,1.014093119
201.1131948,C10H18O4,OC(=O)CCCCCCCCC(O)=O,1.014093119
201.1131948,C10H18O4,CCOC(=O)CCCCCCC(O)=O,1.014093119
201.1131948,C10H20O5,C1COCCOCCOCCOCCO1,0.014093119
201.1131948,C10H20O5,CCCCC(=O)OCC(CO)(CO)CO,0.014093119
201.1131948,C10H20O5,CCCCC(=O)OCC(CO)(CO)CO,0.014093119
201.1131948,C10H20O5,COCCOC(C)(OCCOC)C(C)=O,0.014093119
201.1131948,C9H16O2,CCOC(=O)C1CCCCC1,0.014093119
201.1131948,C9H16O2,CCCCC[C@H]1CCC(=O)O1,0.014093119
201.1131948,C9H16O2,CCCCCC(=O)OCC=C,0.014093119
201.1131948,C9H16O2,OC(=O)CCC1CCCCC1,0.014093119
201.1131948,C9H16O2,CCCCC\C=C\CC(O)=O,0.014093119
201.1131948,C9H16O2,CCC/C=C/CCOC(C)=O,0.014093119
201.1131948,C9H16O2,CCC/C=C/CCOC(C)=O,0.014093119
201.1131948,C9H16O2,CCCCC/C=C/C(=O)OC,0.014093119
201.1131948,C9H16O2,CCCCCCOC(=O)C=C,0.014093119
201.1131948,C9H16O2,CCCCC1CCCC(=O)O1,0.014093119
201.1131948,C9H16O2,CCCCCC\C=C/C(O)=O,0.014093119
201.1131948,C9H16O2,CCC(CC)COC(=O)C=C,0.014093119
201.1131948,C9H16O2,CC1COC2(CCCCC2)O1,0.014093119
201.1131948,C9H16O2,CCC(CC)C(=O)OCC=C,0.014093119
201.1131948,C9H16O2,COC(OC)C1CCC=CC1,0.014093119
201.1131948,C9H16O2,CCOC(=O)CC(C)(C)C=C,0.014093119
201.1131948,C9H16O2,CC1CCOC(C1)CC(C)=O,0.014093119
201.1131948,C9H16O2,CC(=O)OC1(C)CCCCC1,0.014093119
201.1131948,C9H16O2,CCCC/C=C/COC(C)=O,0.014093119
201.1131948,C9H16O2,CC(C)C(=O)CC(=O)C(C)C,0.014093119
201.1131948,C9H16O2,CCC/C=C/CCC(=O)OC,0.014093119
201.1131948,C9H16O2,CC(=O)CC1(O)CCCCC1,0.014093119
201.1131948,C9H16O2,C/C=C/C(=O)OCCC(C)C,0.014093119
201.1131948,C9H16O2,CC=C.CC(=O)OC=C.C=C,0.014093119
201.1131948,C9H16O2,CC\C=C/CCOC(=O)CC,0.014093119
201.1131948,C9H16O2,CC(C)(OCC=C)OCC=C,0.014093119
201.1131948,C9H16O2,CCCCC/C=C/OC(C)=O,0.014093119
201.1131948,C9H16O2,CCCCC1OC(=O)CC1C,0.014093119
201.1131948,C9H16O2,CC(C)CCC1CCOC1=O,0.014093119
201.1131948,C9H16O2,CCCCC/C=C/C(=O)OC,0.014093119
201.1131948,C9H16O2,CCOC(C)OCC#CCC,0.014093119
201.1131948,C9H16O2,CC(C)C[C@@H]1C[C@@H](C)OC1=O,0.014093119
201.1131948,C9H16O2,CC(C)C(=O)OCC=C(C)C,0.014093119
201.1131948,C9H16O2,CCCC(=O)OCC=C(C)C,0.014093119
201.1131948,C9H16O2,CCC(=O)OCC\C(C)=C\C,0.014093119
201.1131948,C9H16O2,COC1(CCCC=CC1)OC,0.014093119
201.1131948,C9H16O2,C/C=C/C(=O)OCCC(C)C,0.014093119
207.1390991,C13H20O2,CCC(C)(C)c1ccc(OCCO)cc1,1.010114203
207.1390991,C13H20O2,CC1(C)OC1CCC2=CCC(CC2)C=O,1.010114203
207.1390991,C13H20O2,CC1(C)OC1CCC2=CCCC(C2)C=O,1.010114203
207.1390991,C13H22O3,CCCCCC1C(CCC1=O)CC(=O)OC,0.010114203
207.1390991,C13H22O3,CCC1(C)OC1CCC(C)(OC(C)=O)C=C,0.010114203
207.1390991,C13H22O3,CC(C)=CCC/C(C)=C/C1OCC(O)CO1,0.010114203
207.1390991,C13H22O3,CCCCCC1C(CCC1=O)CC(=O)OC,0.010114203
207.1390991,C13H22O3,CCCCCCC1C(CCC1=O)C(=O)OC,0.010114203
207.1390991,C13H22O3,CCCCOC(=O)CCC1CCCCC1=O,0.010114203
207.1390991,C13H22O3,CCCC[C@@H](CC(=O)OC)[C@@H]1CCCC1=O,0.010114203
207.1390991,C12H18,CC(C)c1ccccc1C(C)C,0.010114203
207.1390991,C12H18,C=CC1CCC(C=C)C(C1)C=C,0.010114203
207.1390991,C12H18,CC(C)c1ccc(cc1)C(C)C,0.010114203
207.1390991,C12H18,CCc1cc(CC)cc(CC)c1,0.010114203
207.1390991,C12H18,CCCCCCc1ccccc1,0.010114203
207.1390991,C12H18,CC(C)c1cccc(c1)C(C)C,0.010114203
207.1390991,C12H18,C\1C\C=C/CC\C=C/CC/C=C1,0.010114203
207.1390991,C12H18,Cc1ccc(cc1C)C(C)(C)C,0.010114203
207.1390991,C12H18,C#CCCCCCCCCC#C,0.010114203
207.1390991,C12H18,CC(C)c1ccccc1C(C)C,0.010114203
207.1390991,C12H18,CCc1cc(CC)cc(CC)c1,0.010114203
207.1390991,C12H18,C\C=C\C\C=C\C=C\C\C=C\C,0.010114203
208.0979716,C11H15NO3,CCOC(=O)[C@@H](N)Cc1ccc(O)cc1,1.019624863
208.0979716,C11H15NO3,OC(=O)c1ccccc1.C2COCCN2,1.019624863
208.0979716,C11H15NO3,OCCNCCOC(=O)c1ccccc1,1.019624863
208.0979716,C10H13NO,C1CN(CCO1)c2ccccc2,0.019624863
208.0979716,C10H13NO,CCN(C(C)=O)c1ccccc1,0.019624863
208.0979716,C10H13NO,CN(C(C)=O)c1ccccc1C,0.019624863
208.0979716,C10H13NO,CCCC(=O)Nc1ccccc1,0.019624863
208.0979716,C10H13NO,CCCC(=O)c1ccc(N)cc1,0.019624863
208.0979716,C10H13NO,CC(=O)Nc1ccc(C)cc1C,0.019624863
208.0979716,C10H13NO,CN(C)c1ccc(cc1)C(C)=O,0.019624863
208.0979716,C10H13NO,CC(=O)Nc1c(C)cccc1C,0.019624863
208.0979716,C10H13NO,OCC(N1CC1)c2ccccc2,0.019624863
208.0979716,C10H13NO,CNC(C)C(=O)c1ccccc1,0.019624863
208.0979716,C10H13NO,OC(CN1CC1)c2ccccc2,0.019624863
208.0979716,C10H13NO,C1CC(OCN1)c2ccccc2,0.019624863
208.0979716,C10H13NO,CC1(C)Cc2cccc(N)c2O1,0.019624863
209.1547241,C13H22O2,CCOCC1(O)CC2CC1C3CCCC23,1.019861453
209.1547241,C13H22O2,CC(C)(O)CCCC1=CCC(CC1)C=O,1.019861453
209.1547241,C13H22O2,CC(C)=O.CC(C)=CCC\C(C)=C\C=O,1.019861453
209.1547241,C13H22O2,CC1(O)CCC2C(C)(C)CCC3OC23C1,1.019861453
209.1547241,C13H22O2,CC(C)=O.CC(C)=CCC\C(C)=C\C=O,1.019861453
209.1547241,C13H21O2,CCC(CC)CC1(CCC=C1)CC([O-])=O,0.519861453
209.1547241,C13H24O3,CC(=O)CCCCCCCCCCC(O)=O,0.019861453
209.1547241,C13H24O3,CC(C)C1CCC(C)CC1OC(=O)C(C)O,0.019861453
209.1547241,C13H24O3,CCCCOC(=O)C=C.CC(C)COC=C,0.019861453
209.1547241,C13H24O3,CCC(C)(CCC(C)C)C(=O)OCC1CO1,0.019861453
209.1547241,C13H24O3,CC1CO1.C\C(=C/C=C/O)C(C)(C)C.C=O,0.019861453
209.1547241,C12H20,C1CC2CCCC3CCC(C1)C23,0.019861453
209.1547241,C12H20,CC1C(C)C2CC1C3CCCC23,0.019861453
209.1547241,C12H20,CCCCCC.c1ccccc1,0.019861453
209.1547241,C12H20,CCCCC/C=C/C=C/C(C)=C,0.019861453
209.1547241,C12H20,CCCC/C=C/C=C/C=C(C)C,0.019861453
209.1547241,C12H20,CCCCC/C=C/C=C/C(C)=C,0.019861453
215.1288859,C11H20O4,OC(=O)CCCCCCCCCC(O)=O,3.419900486
215.1288859,C10H18O2,CCC1CCC(CCC(O)=O)C1,0.419900486
215.1288859,C10H18O2,OC(=O)CCCC1CCCCC1,0.419900486
215.1288859,C10H18O2,CCCCC\C=C\CCC(O)=O,0.419900486
215.1288859,C10H18O2,CCCCCC/C(C)=C/C(O)=O,0.419900486
215.1288859,C10H18O2,CCCCC/C=C(C)/CC(O)=O,0.419900486
215.1288859,C10H18O2,CCCCCCC(=C)CC(O)=O,0.419900486
215.1288859,C10H18O2,CCCCCCC/C=C/C(O)=O,0.419900486
215.1288859,C10H18O2,CCCC/C=C/CCCC(O)=O,0.419900486
215.1288859,C10H18O2,CCC/C=C/CCCCC(O)=O,0.419900486
215.1288859,C10H18O2,CC(CCC=C(C)C)CC(O)=O,0.381782048
215.1288859,C10H18O2,CCCCC(CC)C(=O)OC=C,0.220629867
215.1288859,C10H18O2,COC(=O)C1CCCCCCC1,0.105101993
215.1288859,C10H18O2,CCOC(=O)CC1CCCCC1,0.091851
215.1288859,C10H18O2,CCCCCC\C=C/C(=O)OC,0.089363716
215.1288859,C10H18O2,CCCCCC/C=C/C(=O)OC,0.089363716
221.0819906,C12H14O4,CCCCOC(=O)c1ccccc1C(O)=O,1.019192306
221.0819906,C12H14O4,CCCCOC(=O)c1ccc(cc1)C(O)=O,1.019192306
221.0819906,C12H14O4,CC(C)(C)c1cc(cc(c1)C(O)=O)C(O)=O,1.019192306
221.0819906,C12H14O4,CCCOC(=O)C(/O)=C/Oc1ccccc1,1.019192306
221.0819906,C12H14O4,OCc1occc1.Oc2ccccc2.C=O,1.019192306
221.0819906,C12H14O4,CCCCOC(=O)Oc1ccc(C=O)cc1,1.019192306
221.0819906,C12H16O5,CCOC(=O)C(O)c1ccc(OC)c(OC)c1,0.019192306
221.0819906,C11H12O2,CCOC(=O)\C=C\c1ccccc1,0.019192306
221.0819906,C11H12O2,CC(=O)OC\C=C\c1ccccc1,0.019192306
221.0819906,C11H12O2,COc1ccc2C(=O)CCCc2c1,0.019192306
221.0819906,C11H12O2,COc1ccc(\C=C\C(C)=O)cc1,0.019192306
221.0819906,C11H12O2,C=CCOC(=O)Cc1ccccc1,0.019192306
221.0819906,C11H12O2,CC(=C)C(=O)OCc1ccccc1,0.019192306
221.0819906,C11H12O2,C1COC(O1)/C=C/c2ccccc2,0.019192306
221.0819906,C11H12O2,CC(=O)CC(=O)Cc1ccccc1,0.019192306
221.0819906,C11H12O2,COc1ccc(cc1)C(=O)C2CC2,0.019192306
221.0819906,C11H12O2,CC(=O)OC(C=C)c1ccccc1,0.019192306
221.0819906,C11H12O2,Oc1ccc(O)c2[C@H]3CC[C@H](C3)c12,0.019192306
221.0819906,C11H12O2,CC(C)(c1occc1)c2occc2,0.019192306
221.0819906,C11H12O2,C1OCC2Cc3ccccc3C2O1,0.019192306
221.0819906,C11H12O2,CCOC(=O)C(=C)c1ccccc1,0.019192306
221.0819906,C11H12O2,CC(=O)O\C=C(/C)c1ccccc1,0.019192306
221.0819906,C11H12O2,CC(=O)O\C=C(\C)c1ccccc1,0.019192306
221.0819906,C11H12O2,C/C=C/C(=O)OCc1ccccc1,0.019192306
221.0819906,C11H12O2,Cc1ccc(C(O)=O)c2CCCc12,0.019192306
221.0819906,C11H12O2,C/C=C/C(=O)OCc1ccccc1,0.019192306
221.1549021,C14H22O2,CC(C)(C)c1cc(O)c(O)c(c1)C(C)(C)C,1.019844386
221.1549021,C14H22O2,CC(C)(C)c1cc(O)c(cc1O)C(C)(C)C,1.019844386
221.1549021,C14H22O2,CC(C)(C)CC(C)(C)c1cc(O)ccc1O,1.019844386
221.1549021,C14H22O2,CCCCCCCCc1cc(O)ccc1O,1.019844386
221.1549021,C14H22O2,CC(C)(C)c1cc(O)cc(c1O)C(C)(C)C,1.019844386
221.1549021,C14H22O2,CCCCCCCCOc1ccc(O)cc1,1.019844386
221.1549021,C14H24O3,CC(C)C1CCC(C)CC1OC(=O)CC(C)=O,0.019844386
221.1549021,C14H24O3,CCCCCCC1C(CCC1=O)C(=O)OCC,0.019844386
225.1496938,C13H22O3,CC(C)=CCC/C(C)=C/C1OCC(O)CO1,1.019857733
225.1496938,C13H24O4,OC(=O)CCCCCCCCCCCC(O)=O,0.019857733
225.1496938,C13H24O4,CCCCCCC(CCOC(C)=O)OC(C)=O,0.019857733
225.1496938,C13H24O4,CCCCCCCCC(OC(C)=O)OC(C)=O,0.019857733
225.1496938,C13H24O4,CCCCCCCC(COC(C)=O)OC(C)=O,0.019857733
225.1496938,C13H24O4,CCCCCC(C(=O)OCC)C1(C)OCCO1,0.019857733
225.1496938,C13H24O4,CC(C)COC(=O)CCCC(=O)OCC(C)C,0.019857733
225.1496938,C12H20O,O=C1CCCCC1C2CCCCC2,0.019857733
225.1496938,C12H20O,O=C1CCC(CC1)C2CCCCC2,0.019857733
225.1496938,C12H20O,CC(C)=CCC\C(C)=C/CCC=O,0.019857733
225.1496938,C12H20O,CCCCC/C=C/CC\C=C\C=O,0.019857733
225.1496938,C12H20O,CCCCCCC\C=C/C=C/C=O,0.019857733
225.1496938,C12H20O,CCCCCCC/C=C/C=C/C=O,0.019857733
225.1496938,C12H20O,CC(C)=CCCC(C)(CC=O)C=C,0.019857733
225.1496938,C12H20O,CCC(C)C1CCCCC1(O)C#C,0.019857733
225.1496938,C12H20O,CCCC1CC(=CC(C)C1C=O)C,0.019857733
225.1496938,C12H20O,CCCCCC\C=C1/CCCC1=O,0.019857733
225.1496938,C12H20O,CCCC1C(C)C=C(C)CC1C=O,0.019857733
225.1496938,C12H20O,CC(=C)CCC/C(C)=C/CCC=O,0.019857733
225.1496938,C12H20O,CCC1C(C)CC(=O)C(=C1CC)C,0.019857733
225.1496938,C12H20O,CC(CC/C=C(C)/CCC=O)C=C,0.019857733
225.1496938,C12H20O,C[C@H]1C[C@@]2(C)CC[C@@H]1[C@@H](CC=C)O2,0.019857733
225.1496938,C12H20O,C[C@@H]1CC(=CC[C@H]1[C@H](O)CC=C)C,0.019857733
227.129008,C12H20O4,CCCCC(CC)COC(=O)\C=C/C(O)=O,1.018731254
227.129008,C12H20O4,CCCCOC(=O)C(C)=C.CC(=C)C(O)=O,1.018731254
227.129008,C12H20O4,CC(C)(C)OC(=O)C=C.OC(=O)C=C.C=C,1.018731254
227.129008,C12H20O4,CCCCOC(=O)C=C.OC(=O)C=C.C=C,1.018731254
227.129008,C12H20O4,CC(C)CCCCCOC(=O)\C=C/C(O)=O,1.018731254
227.129008,C12H20O4,CC(C)C\C=C(/C)C(O)=O.CC(=C)C(O)=O,1.018731254
227.129008,C8H22NO4P,CCO[P](O)(O)=O.CCN(CC)CC,0.519822313
227.129008,C12H22O5,OOC1(CCCCC1)OOC2(O)CCCCC2,0.018731254
227.129008,C12H22O5,CCCCOC(=O)CC(O)C(=O)OCCCC,0.018731254
227.129008,C12H22O5,CCOCCOCCOCCOC(=O)C(C)=C,0.018731254
227.129008,C12H22O5,CC(COCC(C)OCC1CO1)OCC2CO2,0.018731254
227.129008,C11H18O2,CC(C)=CCC\C(C)=C\COC=O,0.018731254
227.129008,C11H18O2,CC(C)=CCCC(C)(OC=O)C=C,0.018731254
227.129008,C11H18O2,COC(=O)/C=C(C)/CCC=C(C)C,0.018731254
227.129008,C11H18O2,CC1(C)C2CCC1(C)[C@H](C2)OC=O,0.018731254
227.129008,C11H18O2,COC(=O)\C=C(C)/CCC=C(C)C,0.018731254
227.129008,C11H18O2,CC(C)=CCC\C(C)=C\C(O)C=O,0.018731254
227.129008,C11H18O2,CCCCC\C=C/C=C/C(=O)OC,0.018731254
227.129008,C11H18O2,CCCCC/C=C/C=C/C(=O)OC,0.018731254
227.129008,C11H18O2,COC(=O)\C=C1\CCCC(C)(C)C1,0.018731254
227.129008,C11H18O2,COC(=O)\C=C1\CCCC(C)(C)C1,0.018731254
227.129008,C11H18O2,COC(=O)C1C(=CCCC1(C)C)C,0.018731254
227.129008,C11H18O2,COC(=O)C1CC2CC1C(C)(C)C2,0.018731254
227.129008,C11H18O2,CC/C=C/CCOC(=O)C=C(C)C,0.018731254
227.129008,C11H18O2,CC(=C)C1CCC(C)(CC1)OC=O,0.018731254
227.129008,C11H18O2,C[C](C)=[C]1CC[C](C)(CC1)OC=O,0.018731254
227.129008,C11H18O2,CC1C=C(C)CCC1C2OCCO2,0.018731254
227.129008,C11H18O2,CC(C)C1CCC(=CC1OC=O)C,0.018731254
227.129008,C11H18O2,CC\C=C/CC\C=C\COC(C)=O,0.018731254
227.129008,C11H18O2,CCCCCCC1OCC#CCO1,0.018731254
227.129008,C11H18O2,C/C=C/C=C/C1OCC(C)(C)CO1,0.018731254
227.129008,C11H18O2,C/C=C/C=C/COC(=O)CC(C)C,0.018731254
227.129008,C11H18O2,CCCCCOC1=C(C)CCC1=O,0.018731254
227.129008,C11H18O2,CC\C=C\CCC1(C)CCC(=O)O1,0.018731254
227.129008,C11H18O2,CC/C=C/CCC1CCCC(=O)O1,0.018731254
227.129008,C11H18O2,CC/C=C/C/C=C/CCOC(C)=O,0.018731254
227.129008,C11H18O2,CC(C)=CC(OC(C)=O)C=C(C)C,0.018731254
227.129008,C11H18O2,CC1OCC2(CO1)CC3CCC2C3,0.018731254
227.129008,C11H18O2,CC(C)OC(=O)CC1=CCCCC1,0.018731254
229.0718282,C10H14O6,CCOC(=O)\C=C/C(O)=O.CC(=O)OC=C,1.014034485
229.0718282,C10H14O6,CC(=C)C(=O)OCCOC(=O)CCC(O)=O,1.014034485
229.0718282,C10H14O6,CCOC(=O)C=C.OC(=O)CC(=C)C(O)=O,1.014034485
229.0718282,C9H12O4,C=CC(=O)OCCCOC(=O)C=C,0.014034485
229.1445719,C12H22O4,OC(=O)CCCCCCCCCCC(O)=O,1.018913639
229.1445719,C12H22O4,CCOC(=O)CCCCCCCCC(O)=O,1.018913639
229.1445719,C12H22O4,CCCCCCC(COC(C)=O)CC(O)=O,1.018913639
229.1445719,C12H22O4,CCCCCC(OC(C)=O)C(C)CC(O)=O,1.018913639
229.1445719,C12H24B2O5,CC1CC(C)(C)OB(OB2OC(C)CC(C)(C)O2)O1,0.018913639
229.1445719,C12H24O5,CCCCO.CC1CO1.OC(=O)C=C.C2CO2,0.018913639
229.1445719,C11H20O2,CCCCC(CC)COC(=O)C=C,0.018913639
229.1445719,C11H20O2,CCCCCCC[C@H]1CCC(=O)O1,0.018913639
229.1445719,C11H20O2,CC(CCOC=O)CCC=C(C)C,0.018913639
229.1445719,C11H20O2,OC(=O)CCCCCCCCC=C,0.018913639
229.1445719,C11H20O2,CC(CCCC(C)=C)CCOC=O,0.018913639
229.1445719,C11H20O2,CC(C)(C)C(=O)CC(=O)C(C)(C)C,0.018913639
229.1445719,C11H20O2,O=C1CCCCCCCCCCO1,0.018913639
229.1445719,C11H20O2,CCC(OC(C)=O)C1CCCCC1,0.018913639
229.1445719,C11H20O2,CCCCCCCCOC(=O)C=C,0.018913639
229.1445719,C11H20O2,CCOC(=O)C(C)C1CCCCC1,0.018913639
229.1445719,C11H20O2,CCCCC(CC)COC(=O)C=C,0.018913639
229.1445719,C11H20O2,CCCCCCCC(=O)OCC=C,0.018913639
229.1445719,C11H20O2,CCCCCCCOC(=O)C(C)=C,0.018913639
229.1445719,C11H20O2,CCCCCCC1(C)CCC(=O)O1,0.018913639
229.1445719,C11H20O2,CC(C)CC(=O)OC1CCCCC1,0.018913639
229.1445719,C11H20O2,CCCCCCOC(=O)C(/C)=C/C,0.018913639
229.1445719,C11H20O2,CCCCCCCOC(=O)\C=C\C,0.018913639
229.1445719,C11H20O2,CCCCCCOC(=O)C=C(C)C,0.018913639
229.1445719,C11H20O2,C[C@H]1C[C@H](CC(C)(C)C1)OC(C)=O,0.018913639
229.1445719,C11H20O2,C[C@@H]1C[C@H](CC(C)(C)C1)OC(C)=O,0.018913639
229.1445719,C11H20O2,CC(OC=O)C1CCCC(C)(C)C1,0.018913639
229.1445719,C11H20O2,CC(CCCC(C)(C)OC=O)C=C,0.018913639
229.1445719,C11H20O2,CC(C)CCCCCOC(=O)C=C,0.018913639
229.1445719,C11H20O2,CCCCCC\C=C\COC(C)=O,0.018913639
229.1445719,C11H20O2,CCCCCCC(OC(C)=O)C=C,0.018913639
229.1445719,C11H20O2,CC(CC=C(C)C)C(C)OC(C)=O,0.018913639
229.1445719,C11H20O2,CC\C=C/CCOC(=O)CC(C)C,0.018913639
229.1445719,C11H20O2,CCCCC(=O)OCC\C=C\CC,0.018913639
229.1445719,C11H20O2,O=C1CCCCCCCCCCO1,0.018913639
229.1445719,C11H20O2,CCC/C=C/COC(=O)CC(C)C,0.018913639
229.1445719,C11H20O2,CC/C(C)=C/CC(C)(C)C(=O)OC,0.018913639
229.1445719,C11H20O2,CC(C)CC(=O)CC(=O)C(C)(C)C,0.018913639
229.1445719,C11H20O2,CCCCCC(=O)OCC=C(C)C,0.018913639
229.1445719,C11H20O2,CCC#CCCCC(C)(OC)OC,0.018913639
229.1445719,C11H20O2,CC(C)=CCC[C@]1(C)CC[C@@H](O)O1,0.018913639
229.1445719,C11H20O2,CCOC(OCC)\C=C\C=C\CC,0.018913639
229.1445719,C11H20O2,CCC(=C)CCCC(C)(C)OC=O,0.018913639
229.1445719,C11H20O2,COC(OC)[C@@H]1CCC(=C[C@H]1C)C,0.018913639
229.1445719,C11H20O2,CCC/C=C/C(=O)OCCC(C)C,0.018913639
229.1445719,C11H20O2,CC/C=C/CCCCCOC(C)=O,0.018913639
229.1445719,C11H20O2,CCCCC1COC2(CCCC2)O1,0.018913639
229.1445719,C11H20O2,CC(C)([C@@H]1CCCO1)[C@@H]2CCCO2,0.018913639
229.1445719,C11H20O2,CCCC/C=C/CCOC(=O)CC,0.018913639
231.0874329,C9H14O4,CCOC(=O)C\C=C/C(=O)OCC,0.678350204
231.0874329,C9H14O4,CC1(C)COC(=O)CCC(=O)OC1,0.678350204
231.0874329,C9H14O4,COC(=O)C(C)=C.CC(=C)C(O)=O,0.678350204
231.0874329,C9H14O4,CCOC(=O)C=C.CC(=O)OC=C,0.678350204
231.0874329,C9H14O4,CCOC(=O)C=C.CC(=C)C(O)=O,0.678350204
231.0874329,C9H14O4,CCCCOC(=O)CC(=C)C(O)=O,0.678350204
231.0874329,C9H14O4,COC(=O)C=C.OC(=O)C=C.C=C,0.678350204
233.1546936,C15H22O2,CCCCCCCCc1ccc(cc1)C(O)=O,1.006796888
233.1546936,C15H22O2,CCCCCCCCOc1ccc(C=O)cc1,1.006796888
233.1546936,C15H24O3,CCCCCC1CC(=O)C=C(C)C1C(=O)OCC,0.006796888
233.1546936,C15H24O3,CC1CO1.CC(C)(C)Cc2ccc(O)cc2.C=O,0.006796888
233.1546936,C14H20,Cc1ccc2c(c1)C(C)(C)CC2(C)C,0.006796888
233.1546936,C14H20,CC1C(C)(C)c2ccccc2C1(C)C,0.006796888
233.1546936,C14H20,CC1(C)CCC(C)(C)c2ccccc12,0.006796888
233.1546936,C14H20,C1CC(CC=C1)\C=C\C2CCC=CC2,0.006796888
234.15802,C15H22O2,CCCCCCCCc1ccc(cc1)C(O)=O,0.526228894
234.15802,C15H22O2,CCCCCCCCOc1ccc(C=O)cc1,0.526228894
237.1166941,C10H22O4S,CCCCCCCCCCO[S](O)(=O)=O,1.018861502
239.0674032,C10H12N2O5,CC(C)c1cc(c(C)c(c1O)[N+]([O-])=O)[N+]([O-])=O,1.01405748
239.0674032,C10H12N2O5,CCC(C)c1cc(cc(c1O)[N+]([O-])=O)[N+]([O-])=O,1.01405748
239.0674032,C9H10N2O3,Nc1ccc(cc1)C(=O)NCC(O)=O,0.01405748
239.0674032,C9H10N2O3,CC(=O)Nc1ccc(C)cc1[N+]([O-])=O,0.01405748
239.0674032,C9H10N2O3,CC(=O)Nc1ccc(cc1C)[N+]([O-])=O,0.01405748
239.0674032,C9H10N2O3,CC(=O)Nc1ccc(N)c(c1)C(O)=O,0.01405748
239.1289012,C12H18O2,CC(=O)OC1CC2CC(C1=C)C2(C)C,0.019271914
239.1289012,C12H18O2,CC(=O)OCC1=CCC2CC1C2(C)C,0.019271914
239.1289012,C12H18O2,CC(=C)C1CC=C(C)C(C1)OC(C)=O,0.019271914
239.1289012,C12H18O2,CC(C)c1ccc(cc1)C(C)(C)OO,0.019271914
239.1289012,C12H18O2,CCCCCCc1ccc(O)cc1O,0.019271914
239.1289012,C12H18O2,CC(=C)[C@@H]1CC=C(C)[C@@H](C1)OC(C)=O,0.019271914
239.1289012,C12H18O2,CC(C)(O)c1cccc(c1)C(C)(C)O,0.019271914
239.1289012,C12H18O2,CCOC(C)OCCc1ccccc1,0.019271914
239.1289012,C12H18O2,CC(C)(O)c1ccc(cc1)C(C)(C)O,0.019271914
239.1289012,C12H18O2,CC(=C)C(=O)OCC1CC2CCC1C2,0.019271914
239.1289012,C12H18O2,CCOC(Cc1ccccc1)OCC,0.019271914
239.1289012,C12H18O2,CC(C)Oc1ccc(OC(C)C)cc1,0.019271914
239.1289012,C12H18O2,CC(C)(C)c1ccc(OCCO)cc1,0.019271914
239.1289012,C12H18O2,CCC(C)(C)c1ccc(O)cc1.C=O,0.019271914
239.1289012,C12H18O2,Cc1cc(CO)c(O)c(c1)C(C)(C)C,0.019271914
239.1289012,C12H18O2,CC(=O)OC1CC2CC(C1=C)C2(C)C,0.019271914
239.1289012,C12H18O2,CC(C)=CCCC(C)(OC(C)=O)C#C,0.019271914
239.1289012,C12H18O2,CCOC(=O)C1C(=CC=CC1(C)C)C,0.019271914
239.1289012,C12H18O2,CCOC(=O)C1C(=C)C=CCC1(C)C,0.019271914
239.1289012,C12H18O2,CCOC(=O)C1=C(C)C=CCC1(C)C,0.019271914
239.1289012,C12H18O2,CC(=O)O[C@@H]1C[C@H]2C[C@@H](C1=C)C2(C)C,0.019271914
239.1289012,C12H18O2,CC1(C)C2CC=C(CCOC=O)C1C2,0.019271914
239.1289012,C12H18O2,OCCOC1CCC2C3CC(C=C3)C12,0.019271914
239.1289012,C12H18O2,CC(C)C1=CCC(=CC1)CCOC=O,0.019271914
239.1289012,C12H18O2,CCC(=O)OC1C2CC3C1C3(CC)C2,0.019271914
239.1289012,C12H18O2,COC1CC2CC1C3CC(CC23)C=O,0.019271914
239.1289012,C12H18O2,CC(C)C(=O)OC1(CCCCC1)C#C,0.019271914
239.1289012,C12H18O2,CCCCCCC#CC(=O)OCC=C,0.019271914
239.1289012,C12H18O2,CCC(=O)OC1CC2CC1C\C2=C/C,0.019271914
239.1289012,C12H18O2,CCC(=O)OC1CC2CC1C(/C2)=C/C,0.019271914
239.1289012,C12H18O2,CCOC(=O)\C=C\C=C\C\C=C\CC,0.019271914
241.144516,C13H22O4,CC(C)CC(=C)C(O)=O.CC(=C)C(O)=O.C=C,1.010114203
241.144516,C13H21O4,COC(=O)C(C)=C.CC(C)C\C=C(/C)C([O-])=O,0.510114203
241.144516,C12H20O2,CC(=O)OC1CC2CCC1(C)C2(C)C,0.010114203
241.144516,C12H20O2,CC(=O)OC(C)(C)C1CCC(=CC1)C,0.010114203
241.144516,C12H20O2,CCOC(=O)C1C(C=C(C)C)C1(C)C,0.010114203
241.144516,C12H20O2,CC(=O)OC/C=C(C)/CCC=C(C)C,0.010114203
241.144516,C12H20O2,CC(C)=CCCC(C)(OC(C)=O)C=C,0.010114203
241.144516,C12H20O2,CC(=O)O[C@H]1C[C@H]2CC[C@@]1(C)C2(C)C,0.010114203
241.144516,C12H20O2,CC(=O)OC\C=C(C)/CCC=C(C)C,0.010114203
241.144516,C12H20O2,CC(C)C1CC=CC(C)C1OC(C)=O,0.010114203
241.144516,C12H20O2,CC(=O)OC(C)(C)CCCC(=C)C=C,0.010114203
241.144516,C12H20O2,CC(=O)O[C@@H]1C[C@@H]2CC[C@@]1(C)C2(C)C,0.010114203
241.144516,C12H20O2,C=CCOC(=O)CCC1CCCCC1,0.010114203
241.144516,C12H20O2,CC(C)C1(CCC(=CC1)C)OC(C)=O,0.010114203
241.144516,C12H20O2,CC(=O)OC(C)(C)C1CCC(=CC1)C,0.010114203
241.144516,C12H20O2,CCCCC/C=C/C=C/C(=O)OCC,0.010114203
241.144516,C12H20O2,CC(=C)C1CCC(C)(CC1)OC(C)=O,0.010114203
241.144516,C12H20O2,CC1CCC(CC1OC(C)=O)C(C)=C,0.010114203
241.144516,C12H20O2,CC(C)=CCC(COC(C)=O)C(C)=C,0.010114203
241.144516,C12H20O2,CC1CCC(CC1OC(C)=O)C(C)=C,0.010114203
241.144516,C12H20O2,CCCCCC1=C(CCC1)OC(C)=O,0.010114203
241.144516,C12H20O2,CC(C)=CCC(COC(C)=O)C(C)=C,0.010114203
241.144516,C12H20O2,OCC1CC2C3CC(CO)C(C3)C2C1,0.010114203
241.144516,C12H20O2,CC(CC/C=C(C)/COC(C)=O)C=C,0.010114203
241.144516,C12H20O2,CCOC(=O)/C=C(C)/CCC=C(C)C,0.010114203
241.144516,C12H20O2,CCOC(=O)/C=C/1CCCC(C)(C)C1,0.010114203
241.144516,C12H20O2,CC(=O)OC(C)(C)[C@H]1CCC(=CC1)C,0.010114203
241.144516,C12H20O2,CC(C)C1CCC(C)C=C1OC(C)=O,0.010114203
241.144516,C12H20O2,CC(=O)OC/C=C(C)/CCC=C(C)C,0.010114203
241.144516,C12H20O2,CC(=O)OC/C=C(C)/CCC=C(C)C,0.010114203
241.144516,C12H20O2,CC(=O)OC(C)(C)CCCC(=C)C=C,0.010114203
241.144516,C12H20O2,CC/C=C/CCOC(=O)C(/C)=C\CC,0.010114203
241.144516,C12H20O2,CC(=O)OC(C)(C)CC\C=C(/C)C=C,0.010114203
241.144516,C12H20O2,CCOC(=O)C1=C(C)CCCC1(C)C,0.010114203
241.144516,C12H20O2,CC(=O)OC1C2(C)CCCC1(C)CC2,0.010114203
241.144516,C12H20O2,CCOC(=O)C[C@@H]1CC=C(C)C1(C)C,0.010114203
241.144516,C12H20O2,C[C@@H]1[C@@H](CC[C@]1(C)OC(C)=O)C(C)=C,0.010114203
241.144516,C12H20O2,CC1CC(CC(C)(C)C1)OC(=O)C=C,0.010114203
241.144516,C12H20O2,C[C@@H]1CC[C@H]2C[C@@H]1CC[C@@H]2OC(C)=O,0.010114203
241.144516,C13H22O4,CC(C)CC(=C)C(O)=O.CC(=C)C(O)=O.C=C,1.010114203
241.144516,C13H21O4,COC(=O)C(C)=C.CC(C)C\C=C(/C)C([O-])=O,0.510114203
241.144516,C12H20O2,CC(=O)OC1CC2CCC1(C)C2(C)C,0.010114203
241.144516,C12H20O2,CC(=O)OC(C)(C)C1CCC(=CC1)C,0.010114203
241.144516,C12H20O2,CCOC(=O)C1C(C=C(C)C)C1(C)C,0.010114203
241.144516,C12H20O2,CC(=O)OC/C=C(C)/CCC=C(C)C,0.010114203
241.144516,C12H20O2,CC(C)=CCCC(C)(OC(C)=O)C=C,0.010114203
241.144516,C12H20O2,CC(=O)O[C@H]1C[C@H]2CC[C@@]1(C)C2(C)C,0.010114203
241.144516,C12H20O2,CC(=O)OC\C=C(C)/CCC=C(C)C,0.010114203
241.144516,C12H20O2,CC(C)C1CC=CC(C)C1OC(C)=O,0.010114203
241.144516,C12H20O2,CC(=O)OC(C)(C)CCCC(=C)C=C,0.010114203
241.144516,C12H20O2,CC(=O)O[C@@H]1C[C@@H]2CC[C@@]1(C)C2(C)C,0.010114203
241.144516,C12H20O2,C=CCOC(=O)CCC1CCCCC1,0.010114203
241.144516,C12H20O2,CC(C)C1(CCC(=CC1)C)OC(C)=O,0.010114203
241.144516,C12H20O2,CC(=O)OC(C)(C)C1CCC(=CC1)C,0.010114203
241.144516,C12H20O2,CCCCC/C=C/C=C/C(=O)OCC,0.010114203
241.144516,C12H20O2,CC(=C)C1CCC(C)(CC1)OC(C)=O,0.010114203
241.144516,C12H20O2,CC1CCC(CC1OC(C)=O)C(C)=C,0.010114203
241.144516,C12H20O2,CC(C)=CCC(COC(C)=O)C(C)=C,0.010114203
241.144516,C12H20O2,CC1CCC(CC1OC(C)=O)C(C)=C,0.010114203
241.144516,C12H20O2,CCCCCC1=C(CCC1)OC(C)=O,0.010114203
241.144516,C12H20O2,CC(C)=CCC(COC(C)=O)C(C)=C,0.010114203
241.144516,C12H20O2,OCC1CC2C3CC(CO)C(C3)C2C1,0.010114203
241.144516,C12H20O2,CC(CC/C=C(C)/COC(C)=O)C=C,0.010114203
241.144516,C12H20O2,CCOC(=O)/C=C(C)/CCC=C(C)C,0.010114203
241.144516,C12H20O2,CCOC(=O)/C=C/1CCCC(C)(C)C1,0.010114203
241.144516,C12H20O2,CC(=O)OC(C)(C)[C@H]1CCC(=CC1)C,0.010114203
241.144516,C12H20O2,CC(C)C1CCC(C)C=C1OC(C)=O,0.010114203
241.144516,C12H20O2,CC(=O)OC/C=C(C)/CCC=C(C)C,0.010114203
241.144516,C12H20O2,CC(=O)OC/C=C(C)/CCC=C(C)C,0.010114203
241.144516,C12H20O2,CC(=O)OC(C)(C)CCCC(=C)C=C,0.010114203
241.144516,C12H20O2,CC/C=C/CCOC(=O)C(/C)=C\CC,0.010114203
241.144516,C12H20O2,CC(=O)OC(C)(C)CC\C=C(/C)C=C,0.010114203
241.144516,C12H20O2,CCOC(=O)C1=C(C)CCCC1(C)C,0.010114203
241.144516,C12H20O2,CC(=O)OC1C2(C)CCCC1(C)CC2,0.010114203
241.144516,C12H20O2,CCOC(=O)C[C@@H]1CC=C(C)C1(C)C,0.010114203
241.144516,C12H20O2,C[C@@H]1[C@@H](CC[C@]1(C)OC(C)=O)C(C)=C,0.010114203
241.144516,C12H20O2,CC1CC(CC(C)(C)C1)OC(=O)C=C,0.010114203
241.144516,C12H20O2,C[C@@H]1CC[C@H]2C[C@@H]1CC[C@@H]2OC(C)=O,0.010114203
242.1762848,C12H23NO,O=C1CCCCCCCCCCCN1,0.019842283
242.1762848,C12H23NO,CCCCCCCCN1CCCC1=O,0.019842283
242.1762848,C12H23NO,O=C1CCCCCCCCCCCN1,0.019842283
242.1762848,C12H23NO,CCCCCCCCCOCCC#N,0.019842283
242.1762848,C12H23NO,CC(C)CCCCCCOCCC#N,0.019842283
243.0876261,C11H16O6,OCC(CO)(COC(=O)C=C)COC(=O)C=C,1.012818435
243.0876261,C11H18O7,CCOC(=O)\C=C(OCCO)/C(=O)OCC(C)O,0.012818435
243.1602122,C13H24O4,OC(=O)CCCCCCCCCCCC(O)=O,3.019880298
243.1602122,C12H22O2,CCCCCCC(\CC)=C(/C)C(O)=O,2.018329663
243.1602122,C12H22O2,COC(=O)CCCCCCCCC=C,1.937885127
243.1602122,C12H22O2,CCCCCCCCC1CCC(=O)O1,1.935570834
243.1602122,C12H22O2,CCCCCCCCC(=O)OCC=C,1.92063112
243.1602122,C12H22O2,COC(=O)CCCCCCC\C=C\C,1.854475763
243.1602122,C12H22O2,CCCCC1(CCCC)CCC(=O)O1,1.80536564
243.1602122,C12H22O2,CCCCCCCCCOC(=O)C=C,1.786962427
243.1602122,C12H22O2,CCCCCCCC1CC(C)OC1=O,1.773785129
243.1602122,C12H22O2,CCCC(=O)OC(C)C1CCCCC1,1.693295294
243.1602122,C12H22O2,CCCCCCC(=O)OCC=C(C)C,1.67740018
243.1602122,C12H22O2,CCCCCCCCOC(=O)\C=C/C,1.598917528
243.1602122,C12H22O2,CCC(C)(C)CCCC(=O)OCC=C,1.590479309
243.1602122,C12H22O2,CCC(=O)OC1CCC(CC1)C(C)C,1.57421452
243.1602122,C12H22O2,CCCCCC(=O)OCC\C=C/CC,1.568099576
243.1602122,C12H22O2,CCCCC(CC)COC(=O)C(C)=C,1.559590282
243.1602122,C12H22O2,CCCCC(CC)COC(=O)C(C)=C,1.559590282
243.1602122,C12H22O2,CCCCC/C=C/CCC(=O)OCC,1.533945397
243.1602122,C12H22O2,CC(CCCC(C)=C)CCOC(C)=O,1.528882397
243.1602122,C12H22O2,CCCCCCOC(=O)C(C)\C=C\C,1.526121199
243.1602122,C12H22O2,CCCCCCC/C=C/COC(C)=O,1.519412849
243.1602122,C12H22O2,CC(C)CCCCCOC(=O)C(C)=C,1.500857662
243.1602122,C12H22O2,CCCCCCC/C=C/C(=O)OCC,1.485338366
243.1602122,C12H22O2,CCCCCC\C=C/CCOC(C)=O,1.475580052
243.1602122,C12H22O2,CC(C)CCCC(=O)OCC=C(C)C,1.465863603
243.1602122,C12H22O2,CC(C)CCCC(C)(OC(C)=O)C=C,1.404302794
243.1602122,C12H22O2,CCC(=O)OC(C)C(C)CC=C(C)C,1.379649911
243.1602122,C12H22O2,CC1CCC(CC1)C(C)(C)OC(C)=O,1.356497585
243.1602122,C12H22O2,CC(OC(C)=O)C1CCCC(C)(C)C1,1.350307675
243.1602122,C12H22O2,CC(C)C1CCC(C)(CC1)OC(C)=O,1.338987966
243.1602122,C12H22O2,CCCC/C=C/CCCCOC(C)=O,1.331437228
243.1602122,C12H22O2,CC(CCOCC=O)CCC=C(C)C,1.32476496
243.1602122,C12H22O2,CC(=O)OC1CCC(CC1)C(C)(C)C,1.291133894
243.1602122,C12H22O2,CC(=O)OC1CCC(CC1)C(C)(C)C,1.291133894
243.1602122,C12H22O2,CC(=O)OC1CCC(CC1)C(C)(C)C,1.291133894
243.1602122,C12H22O2,COC(OC)\C=C(C)\CCC=C(C)C,1.264496356
243.1602122,C12H22O2,CCCC(/COC(C)=O)=C\[C@@H](C)CC,1.254769416
243.1602122,C12H22O2,CC(CCOC(C)=O)CCC=C(C)C,1.246930103
243.1602122,C12H22O2,CC(=O)OC1CCCCC1C(C)(C)C,1.227727302
243.1602122,C12H22O2,CC(=O)O[C@@H]1CCCC[C@@H]1C(C)(C)C,1.227727302
243.1602122,C12H22O2,CC(=O)O[C@@H]1CCCC[C@H]1C(C)(C)C,1.227727302
243.1602122,C12H22O2,CC(=O)OC1CCCC(C1)C(C)(C)C,1.224297482
243.1602122,C12H22O2,CC(C)[C@H]1CC[C@H](C)C[C@@H]1OC(C)=O,1.222884299
243.1602122,C12H22O2,CC(C)C1CCC(C)CC1OC(C)=O,1.222884299
243.1602122,C12H22O2,CC(C)[C@@H]1CC[C@@H](C)C[C@H]1OC(C)=O,1.222884299
243.1602122,C12H22O2,CC(C)[C@H]1CC[C@@H](C)C[C@H]1OC(C)=O,1.222884299
243.1602122,C12H22O2,C[C@@H](CCC=C(C)C)CC1OCCO1,1.154777203
243.1602122,C12H22O2,CC(C)(C)C1CCC2(CC1)OCCO2,1.123272289
245.0720571,C16H12N2O2,Cc1cc(ccc1N=C=O)c2ccc(N=C=O)c(C)c2,0.156294595
245.0720571,C16H12N2O2,Cc1ccc(Cc2ccc(cc2)N=C=O)cc1N=C=O,0.034289083
245.1030629,C10H16O4,CCOC(=O)C(C)=C.CC(=C)C(O)=O,1.297710796
245.1030629,C10H16O4,COC(=O)C1CCC(CC1)C(=O)OC,1.281684129
245.1030629,C10H16O4,COC(=O)C1CCC(CC1)C(=O)OC,1.281684129
245.1030629,C10H16O4,CCOC(=O)C1(CCC1)C(=O)OCC,1.24429005
245.1030629,C10H16O4,CCOC(=O)C(CC=C)C(=O)OCC,1.211300761
245.1030629,C10H16O4,CCCCCCOC(=O)\C=C\C(O)=O,1.159768442
245.1030629,C10H16O4,CCOC(=O)C(C)=C.COC(=O)C=C,1.136886997
245.1030629,C10H16O4,CCCOC(=O)\C=C/C(=O)OCCC,1.135881535
245.1030629,C10H16O4,CC(=C)C(=O)OCC1COC(C)(C)O1,0.825730174
245.1030629,C10H16O4,CC(=O)OC=C.CC(=C)C(O)=O.C=C,0.613927453
246.0753123,C16H12N2O2,Cc1cc(ccc1N=C=O)c2ccc(N=C=O)c(C)c2,0.256289008
246.0753123,C16H12N2O2,Cc1ccc(Cc2ccc(cc2)N=C=O)cc1N=C=O,0.134283496
249.1497142,C15H22O3,CCCCC(CC)COC(=O)c1ccccc1O,1.019480604
249.1497142,C15H22O3,CCCCC(CC)COC(=O)c1ccc(O)cc1,1.019480604
249.1497142,C15H22O3,CCCCCCCCOC(=O)c1ccccc1O,1.019480604
249.1497142,C15H22O3,CCCCCCCCC(=O)c1cc(O)ccc1O,1.019480604
249.1497142,C15H22O3,CC(C)(C)c1cc(C(O)=O)c(O)c(c1)C(C)(C)C,1.019480604
249.1497142,C15H22O3,CC(C)(C)c1cc(C(O)=O)c(O)c(c1)C(C)(C)C,1.019480604
249.1497142,C14H20O,CC(Cc1ccc(cc1)C(C)(C)C)C=O,0.019480604
249.1497142,C14H20O,CC(=O)c1c(C)cc(C)cc1C(C)(C)C,0.019480604
249.1497142,C14H20O,CCCCC\C(CO)=C/c1ccccc1,0.019480604
249.1497142,C14H20O,CC(=O)c1c(C)cc(cc1C)C(C)(C)C,0.019480604
249.1497142,C14H20O,CC(C)Cc1ccc(CC(C)C=O)cc1,0.019480604
249.1497142,C14H20O,CCCC(=O)C(CC)Cc1ccccc1,0.019480604
249.1497142,C14H20O,Cc1ccc(O)c(c1)C2(C)CCCCC2,0.019480604
249.1497142,C14H20O,CC1C2CCCC(C2=O)C3=C1CCCC3,0.019480604
249.1497142,C14H20O,O=CCC\C=C1/CC2CC1C3CCCC23,0.019480604
249.1497142,C14H20O,CCCCCCc1ccc(cc1)C(C)=O,0.019480604
249.1497142,C14H20O,CC1OC12CC3CC2C4CC=C(C)CC34,0.019480604
249.1497142,C14H20O,CC1OC12CC3CC2C4CC(=CCC34)C,0.019480604
249.1497142,C14H20O,CC(C)(C)c1ccc2CC(O)CCc2c1,0.019480604
249.1497142,C14H20O,C1CCC(CC1)OCCc2ccccc2,0.019480604
249.1497142,C14H20O,CC(O)C\C=C1/CC2CC1C3C=CCC23,0.019480604
250.1449483,C13H19NO,CCCN(CCC)c1ccc(C=O)cc1,0.01972814
250.144928,C13H19NO,CCCN(CCC)c1ccc(C=O)cc1,0.01972814
253.1446838,C14H24O5,CCCC(OC=C)OC=C.CC(=O)OC=C.OC=C,0.032511642
253.2174021,C16H30O2,CCCCCC/C=C/CCCCCCCC(O)=O,1.014917331
253.2174021,C16H30O2,CC1(C)CCCC2(C)C1CCC(C)(O)C2CCO,1.014917331
253.2174021,C16H30O2,CC(C)CCC(C)(O)C#CC(C)(O)CCC(C)C,1.014917331
253.2174021,C16H32O3,CCCCCCCCCCCC(=O)OCCOCC,0.014917331
253.2174021,C16H32O3,CCCCCCCCCCCCCC(=O)OCCO,0.014917331
253.2174021,C16H32O3,CCOC(COCCC(C)CCC=C(C)C)OCC,0.014917331
253.2174021,C16H32O3,CCCCC/C=C/[C@@H](CC(OCC)OCC)OCC,0.014917331
253.2174021,C15H28,CCCCCCCCCCCCCC#C,0.014917331
253.1446075,C14H24O5,CCCC(OC=C)OC=C.CC(=O)OC=C.OC=C,0.220542117
255.0873159,C12H16O6,OC[C@H]1O[C@@H](Oc2ccccc2)[C@H](O)[C@@H](O)[C@@H]1O,0.597043395
255.233134,C16H32O2,CCCCCCCCCCCCCCCC(O)=O,1.018954959
255.233134,C16H32O2,CCCCCCCCC(CCCCCC)C(O)=O,1.018954959
255.233134,C16H32O2,CCCCCCCCCCCCC(CC)C(O)=O,1.018223642
255.233134,C16H32O2,CCCCCCCCCCCCCC(C)C(O)=O,0.994407962
255.233134,C16H32O2,CC(C)CCCCCCCCCCCCC(O)=O,0.982053889
255.233134,C16H32O2,CCCCCCC(O)(CCCC)C(=O)CCCC,0.914046166
255.233134,C16H32O2,CCCCC[C@@H](CCC)CC[C@H](CC)CC(O)=O,0.898463948
255.233134,C16H32O2,CCCCC(CC)C(O)C(=O)C(CC)CCCC,0.387737772
255.233134,C16H34O3,CCCCCCCCCCCCOCCOCCO,0.018954959
257.1758423,C13H24O2,CC(=O)OCCCCCCCCCC=C,0.01963211
257.1758423,C13H24O2,CCC(=O)OCCC(C)CCC=C(C)C,0.01963211
257.1758423,C13H24O2,CCOC(=O)CCCCCCCCC=C,0.01963211
257.1758423,C13H24O2,CC(C)CCCCCCCOC(=O)C=C,0.01963211
257.1758423,C13H24O2,O=C1CCCCCCCCCCCCO1,0.01963211
257.1758423,C13H24O2,CCCCCCCCCOC(=O)C(C)=C,0.01963211
257.1758423,C13H24O2,CCC(=O)O[C@@H]1C[C@H](C)CC[C@H]1C(C)C,0.01963211
257.1758423,C13H24O2,CCC(C)(C)C1CCC(CC1)OC(C)=O,0.01963211
257.1758423,C13H24O2,CC(CCOC(=O)C(C)=C)CC(C)(C)C,0.01963211
257.1758423,C13H24O2,CC(CC1CCCCC1)C(C)OC(C)=O,0.01963211
257.1758423,C13H24O2,CCCCCCC(C)COC(=O)C(C)=C,0.01963211
257.1758423,C13H24O2,CCC(=O)OC1CCCCC1C(C)(C)C,0.01963211
257.1758423,C13H24O2,CCC(=O)OCCCCCCCCC=C,0.01963211
257.1758423,C13H24O2,CCCCCCCC/C=C/COC(C)=O,0.01963211
257.1758423,C13H24O2,CCC(=O)OC1CC(C)CCC1C(C)C,0.01963211
257.1758423,C13H24O2,CCC(=O)OC1CCC(CC1)C(C)(C)C,0.01963211
257.1758423,C13H24O2,CCCCCC/C=C/COC(=O)CCC,0.01963211
257.1758423,C13H24O2,CCC(C)C1CCCCC1(C)OC(C)=O,0.01963211
257.1758423,C13H24O2,CCCCCC1C(C)CCC1OC(C)=O,0.01963211
257.1758423,C13H24O2,CC1CCC(OC(C)=O)C(C1)C(C)(C)C,0.01963211
259.0824687,C10H14O5,C=CC(=O)OCCOCCOC(=O)C=C,0.596696787
259.0824687,C10H14O5,CC(=O)CC(=O)OCCOC(=O)C(C)=C,0.596696787
259.0824687,C10H14O5,CCOC(=O)CCC(=O)[C@@H]1COC(=O)C1,0.596696787
261.0670675,C16H12N2O3,CC(=O)c1cc(N)c2C(=O)c3ccccc3C(=O)c2c1N,0.019866869
261.134552,C12H22O6,OCC1CCC(CO)CC1.OC(=O)CCC(O)=O,1.019817165
261.134552,C12H24O7,CCC(CO)(CO)CO.OC(=O)CCCCC(O)=O,0.019817165
261.134552,C12H24O7,CCC(CO)(CO)CO.OC(=O)CCCCC(O)=O,0.019817165
261.134552,C11H20O4,CC(C)(C)OC(=O)CC(=O)OC(C)(C)C,0.019817165
261.134552,C11H20O4,CCOC(=O)C(CC)(CC)C(=O)OCC,0.019817165
261.134552,C11H20O4,OC(=O)CCCCCCCCCC(O)=O,0.019817165
261.134552,C11H20O4,CCC(=O)OCC(C)(C)COC(=O)CC,0.019817165
261.134552,C11H20O4,CCCCOC(=O)C(C)OC(=O)CCC,0.019817165
261.134552,C11H20O4,CCOC(=O)C(CC(C)C)C(=O)OCC,0.019817165
261.134552,C11H20O4,CC(C)(COCC1CO1)COCC2CO2,0.019817165
261.134552,C11H20O4,CCOC(=O)CC(C)(C)CC(=O)OCC,0.019817165
263.1324056,C12H24O4S,CCCCCCCCC/C=C/CO[S](O)(=O)=O,1.018657633
263.1324056,C11H22O2S,CCCCCCCCCOC(=O)CS,0.018657633
263.1324056,C11H22O2S,CCCCCCCCSCCC(O)=O,0.018657633
263.1324056,C11H22O2S,CC(C)CCCCCOC(=O)CCS,0.018657633
263.1324056,C11H22O2S,CCCCCCCCC(=O)OCCS,0.018657633
263.1324056,C11H22O2S,CCCCC(CC)COC(=O)CCS,0.018657633
267.1965637,C16H30O4,OC(=O)CCCCCCCCCCCCCCC(O)=O,0.514542163
267.1966044,C16H30O4,OC(=O)CCCCCCCCCCCCCCC(O)=O,0.018927915
267.1966044,C16H30O4,CC(C)(C)OOC(C)(C)C#CC(C)(C)OOC(C)(C)C,0.018927915
267.1966044,C16H30O4,CCCCCCCC(=O)OOC(=O)CCCCCCC,0.018927915
267.1966044,C16H30O4,COC(=O)CCCCCCCCCCCCC(=O)OC,0.018927915
267.1966044,C16H30CrO4,[Cr++].CCCCCCCC([O-])=O.CCCCCCCC([O-])=O,0.018927915
267.1966044,C16H30O4,CC(C)C(OC(=O)C(C)C)C(C)(C)COC(=O)C(C)C,0.018927915
267.1966044,C16H30O4,CC(C)OC(=O)CCCCCCCCC(=O)OC(C)C,0.018927915
267.1966044,C15H26O,C[C@@H]1CC[C@H]2C(C)(C)[C@H]3C[C@@]12CC[C@@]3(C)O,0.018927915
267.1966044,C15H26O,CC(C)=CCC\C(C)=C\CC\C(C)=C\CO,0.018927915
267.1966044,C15H26O,CC(C)=CCC\C(C)=C/CC[C@](C)(O)C=C,0.018927915
267.1966044,C15H26O,CC1(C)CC2C1CCC3(C)CCCC2(O)C3,0.018927915
267.1966044,C15H26O,CC(C)(O)[C@@H]1CC[C@@]2(C)CCCC(=C)[C@@H]2C1,0.018927915
267.1966044,C15H26O,CC1=CCC[C@]2(C)CC[C@H](C[C@@H]12)C(C)(C)O,0.018927915
267.1966044,C15H26O,C[C@H]1CC[C@H](CC2=C1CC[C@@H]2C)C(C)(C)O,0.018927915
267.1966044,C15H26O,CC(=C)[C@@H]1C[C@@H](CC[C@@]1(C)C=C)C(C)(C)O,0.018927915
267.1966044,C15H26O,CC(C)=CCC/C(C)=C/CC[C@](C)(O)C=C,0.018927915
267.1966044,C15H26O,CC1CCC2OC2(C)CCC3C1CC3(C)C,0.018927915
267.1966044,C15H26O,CC(C)=CCC\C(C)=C\CC\C(C)=C\CO,0.018927915
267.1966044,C15H26O,C[C@H]1CCC2(O)C(C)(C)C3CC[C@@]2(C)C1C3,0.018927915
267.1966044,C15H26O,CC(C)=CCC\C(C)=C\CCC(C)(O)C=C,0.018927915
267.1966044,C15H26O,C[C@H]1CC[C@@H]2CC3(OC2(C)C)[C@@H](C)CC[C@H]13,0.018927915
267.1966044,C15H26O,CC1CCC2=C(C)CCC(CC12)C(C)(C)O,0.018927915
267.1966044,C15H26O,C1CCCCCC2=C(CCCC1)CCCO2,0.018927915
267.1966044,C15H26O,CC(CO)CCCC1(C)C2CCC(C2)C1=C,0.018927915
267.1966044,C15H26O,CCOC(C)\C=C\C1=C(C)CCCC1(C)C,0.018927915
267.1966044,C15H26O,CC1(C)OCCC2CC3CCCCC3CC12,0.018927915
267.1966044,C15H26O,CC1(C)OCCC2CCC3CCCCC3C12,0.018927915
267.1966044,C15H26O,CCOC1(C)CCC2C(=C)C1CCC2(C)C,0.018927915
267.1966044,C15H26O,CCC1=C(C)C(=O)CC(C)(C)C1(CC)CC,0.018927915
267.1966044,C15H26O,CC1CC2C(CC1=O)C(C)(C)CCC2(C)C,0.018927915
267.1966044,C15H26O,CC1(C)C2CCC1C(C2)C3CCCCC3O,0.018927915
267.1966044,C15H26O,C[C@@H]1C\C=C(/C)CCC(=C/CCC[C@@H]1O)/C,0.018927915
267.1966044,C15H26O,O=C1CCCCCC\C=C/CCCCCC1,0.018927915
267.1966044,C15H26O,C[C@@H]1CC(C)(C)[C@@H]2CC[C@H](C[C@@H]12)CC(C)=O,0.018927915
269.2122396,C16H32O4,CCCCCCCCCCCC(=O)OCCOCCO,0.019881441
269.2122396,C16H32O4,CCCCCCCCCCCCOCCOCC(O)=O,0.019881441
269.2122396,C15H28O,O=C1CCCCCCCCCCCCCC1,0.019881441
269.2122396,C15H28O,CCCCCC(=O)CC(C)CCC=C(C)C,0.019881441
269.2122396,C15H28O,CCCCCCCCC[C@@](C)(CC=C)C=O,0.019881441
269.2122396,C16H32O4,CCCCCCCCCCCC(=O)OCCOCCO,0.019881441
269.2122396,C16H32O4,CCCCCCCCCCCCOCCOCC(O)=O,0.019881441
269.2122396,C15H28O,O=C1CCCCCCCCCCCCCC1,0.019881441
269.2122396,C15H28O,CCCCCC(=O)CC(C)CCC=C(C)C,0.019881441
269.2122396,C15H28O,CCCCCCCCC[C@@](C)(CC=C)C=O,0.019881441
270.2156779,C16H32O4,CCCCCCCCCCCC(=O)OCCOCCO,0.019327042
270.2156779,C16H32O4,CCCCCCCCCCCCOCCOCC(O)=O,0.019327042
270.2156779,C15H28O,O=C1CCCCCCCCCCCCCC1,0.019327042
270.2156779,C15H28O,CCCCCC(=O)CC(C)CCC=C(C)C,0.019327042
270.2156779,C15H28O,CCCCCCCCC[C@@](C)(CC=C)C=O,0.019327042
271.228007,C16H32O3,CCCCCCCCCCCCCC(=O)OCCO,1.019429605
271.228007,C16H31BrO2,CCCCCCCCCCCCCCC(Br)C(O)=O,0.519429605
271.228007,C16H34O4,CC(C)(C)OOC(C)(C)CCC(C)(C)OOC(C)(C)C,0.019429605
271.228007,C15H30O,CCCCCCCCCCCCCC(C)=O,0.019429605
271.228007,C15H30O,CCCCCCCCCCCCCCC=O,0.019429605
271.228007,C15H30O,OC1CCCCCCCCCCCCCC1,0.019429605
271.228007,C15H30O,CCCCCCCCCCCCCC1CO1,0.019429605
271.228007,C15H30O,CCCC(O)CCC1C(C)CCCC1(C)C,0.019429605
272.2315267,C16H31BrO2,CCCCCCCCCCCCCCC(Br)C(O)=O,0.507518955
273.1342061,C13H22O6,COCCOC(=O)C(C)=C.CC(=C)C(=O)OCCO,0.822064715
277.1445211,C16H22O4,CCCCCCC(C)OC(=O)c1ccccc1C(O)=O,2.032328515
277.1445211,C15H20O2,Oc1ccccc1.C=O.C=CC2CCC=CC2,1.860749163
277.1445211,C15H20O2,CCCCOC(=O)C=C.C=Cc1ccccc1,1.508079781
277.1445211,C16H24O5,CCCCCCC1=CCC(C(C(=O)OC)C(=O)OC)C1=O,1.354388975
277.1445211,C15H20O2,CCCCOC1CC(C=CO1)c2ccccc2,1.260769565
277.1481018,C12H24O2S,CCCCCCCCCCOC(=O)CS,0.016882914
277.1481018,C12H24O2S,CC(C)CCCCCCCOC(=O)CS,0.016882914
277.1481018,C12H24O2S,CCCCCCCCCC(=O)OCCS,0.016882914
277.1481018,C12H24O2S,CCCCCCCCSCCC(=O)OC,0.016882914
281.2485453,C18H34O2,CCCCCCCC/C=C/CCCCCCCC(O)=O,1.018169694
281.2485453,C18H34O2,CCCCCCCC/C=C/CCCCCCCC(O)=O,1.018169694
281.2485453,C18H34O2,CCCCC(CC)C(O)C#CC(O)C(CC)CCCC,1.018169694
281.2485453,C18H34O2,CCCCCCCCC\C=C/CCCCCCC(O)=O,1.018169694
281.2485453,C18H34O2,CCCCCCCC\C=C/CCCCCCCC(O)=O,1.018169694
281.2485453,C18H36O3,CCCCCCC(O)CCCCCCCCCCC(O)=O,0.018169694
281.2485453,C18H36O3,CCCCCCCCCCCCC(O)CCCCC(O)=O,0.018169694
281.2485453,C18H36O3,CCCCCCC(O)CCCCCCCCCCC(O)=O,0.018169694
283.13738,C15H24O3S,CCCCCCCCCc1ccc(cc1)[S](O)(=O)=O,1.00580603
283.2641703,C18H36O2,CCCCCCCCCCCCCCCCCC(O)=O,1.000980756
283.2641703,C18H36O2,CCCCCCCCC(CCCCCCCC)C(O)=O,1.000980756
283.2641703,C18H36O2,CC(C)CCCCCCCCCCCCCCC(O)=O,1.000980756
283.2641703,C18H36O2,CCCCCCCCCCCCCCCCCC(O)=O,1.000980756
283.2641703,C18H36O2,CCCCC(CC)CCCCCC(C)CCCC(O)=O,1.000980756
283.2641703,C18H36O2,CCCCCCCCCCCCCCCCCC(O)=O,1.000980756
283.2641703,C18H38O3,CCCCCCCCC(O)C(O)CCCCCCCCO,0.000980756
283.2641703,C17H34,CCCCCCCCCCCCCCCC=C,0.000980756
283.2641703,C17H34,CCCCCCCCCCCCC\C=C\CC,0.000980756
285.0990499,C14H14N4O3,COc1cc(N=Nc2ccc(cc2)[N+]([O-])=O)c(C)cc1N,0.00838898
285.2071737,C16H30O4,OC(=O)CCCCCCCCCCCCCCC(O)=O,1.004979044
285.2071737,C16H30CrO4,[Cr++].CCCCCCCC([O-])=O.CCCCCCCC([O-])=O,1.004979044
285.2071737,C16H32O5,OCCCCCCC(O)C(O)CCCCCCCC(O)=O,0.004979044
285.2071737,C15H28O2,CC(C)(C1CCC(O)CC1)C2CCC(O)CC2,0.004979044
285.2071737,C15H28O2,O=C1CCCCCCCCCCCCCCO1,0.004979044
285.2071737,C15H28O2,CCCCC(=O)OCCC(C)CCC=C(C)C,0.004979044
285.2071737,C15H28O2,CC(C)CC(=O)OCCC(C)CCCC(C)=C,0.004979044
285.2071737,C15H28O2,CC(C)CC(=O)O[C@@H]1C[C@H](C)CC[C@H]1C(C)C,0.004979044
285.2071737,C15H28O2,CCCCCCCCCC\C=C\COC(C)=O,0.004979044
285.2071737,C15H28O2,CC(CCC1C(C)CCCC1(C)C)OC(C)=O,0.004979044
285.2071737,C15H28O2,CCCCCCCCCCC1CCC(=O)OC1,0.004979044
285.2071737,C15H28O2,CC(C)CC(=O)OCCC(C)CCC=C(C)C,0.004979044
285.2071737,C15H28O2,CC(C)CCCC(C)CCOC(=O)C=C(C)C,0.004979044
285.2071737,C15H28O2,CCCCCCCC\C=C\CCCOC(C)=O,0.004979044
285.2071737,C16H30O4,OC(=O)CCCCCCCCCCCCCCC(O)=O,1.004979044
285.2071737,C16H30CrO4,[Cr++].CCCCCCCC([O-])=O.CCCCCCCC([O-])=O,1.004979044
285.2071737,C16H32O5,OCCCCCCC(O)C(O)CCCCCCCC(O)=O,0.004979044
285.2071737,C15H28O2,CC(C)(C1CCC(O)CC1)C2CCC(O)CC2,0.004979044
285.2071737,C15H28O2,O=C1CCCCCCCCCCCCCCO1,0.004979044
285.2071737,C15H28O2,CCCCC(=O)OCCC(C)CCC=C(C)C,0.004979044
285.2071737,C15H28O2,CC(C)CC(=O)OCCC(C)CCCC(C)=C,0.004979044
285.2071737,C15H28O2,CC(C)CC(=O)O[C@@H]1C[C@H](C)CC[C@H]1C(C)C,0.004979044
285.2071737,C15H28O2,CCCCCCCCCC\C=C\COC(C)=O,0.004979044
285.2071737,C15H28O2,CC(CCC1C(C)CCCC1(C)C)OC(C)=O,0.004979044
285.2071737,C15H28O2,CCCCCCCCCCC1CCC(=O)OC1,0.004979044
285.2071737,C15H28O2,CC(C)CC(=O)OCCC(C)CCC=C(C)C,0.004979044
285.2071737,C15H28O2,CC(C)CCCC(C)CCOC(=O)C=C(C)C,0.004979044
285.2071737,C15H28O2,CCCCCCCC\C=C\CCCOC(C)=O,0.004979044
285.2436218,C17H34O3,CCCCCCCCCCCCCCOC(=O)C(C)O,1.019762602
285.2436218,C17H34O3,CCCCCCCCCCCCCC(=O)OCC(C)O,1.019762602
285.2436218,C17H34O3,CCCCCCCCC(=O)OCC(C)(C)[C@H](O)C(C)C,1.019762602
285.2436218,C16H32O,CCCCCCCCCCCCCCCC=O,0.019762602
285.2436218,C16H32O,CC(C)COC1CCCCCCCCCCC1,0.019762602
285.2436218,C16H32O,CCCCCC\C=C/CCCCCCCCO,0.019762602
285.2436218,C16H32O,CCCCCCCCCCCCCCC1CO1,0.019762602
285.2436218,C16H32O,CCCC\C=C/CCCCCCCCCCO,0.019762602
287.1137797,C12H18O5,OC(CCCCOC(=O)C=C)COC(=O)C=C,1.547431573
287.1137797,C12H18O5,CC(=C)C(=O)OCCOCCOC(=O)C(C)=C,1.317372295
287.1137797,C12H18O5,CCC(CO)(COC(=O)C=C)COC(=O)C=C,1.245238486
287.2230225,C16H32O4,CCCCCCCCCCCCOCCOCC(O)=O,2.413359062
287.2230225,C16H32O4,CCCCCCCCCCCC(=O)OCCOCCO,2.225198849
287.2230225,C16H34O5,CCCCCCCCOCCOCCOCCOCCO,0.82073165
287.2230225,C16H34O5,CCCCOCCOCCOCCOCCOCCCC,0.523211981
291.1637166,C14H30O5S,CCCCCCCCCCCCOCCO[S](O)(=O)=O,0.017063582
291.1637166,C13H26O2S,CC(C)CCCCCCCOC(=O)CCS,0.017063582
293.2123617,C18H32O4,CCCCCCCCCCCC(=O)OC=C.CC(=O)OC=C,2.400692323
293.2123617,C18H32O4,CCCCOC(=O)C=C.CCCCC(CC)COC(=O)C=C,2.14768669
293.2123617,C18H30O3,CCCCCCCCCc1ccc(O)cc1.C=O.C2CO2,2.135129174
293.2123617,C18H30O3,CC(C)(C)CC(C)(C)c1ccc(OCCOCCO)cc1,2.034508816
293.2123617,C18H30O3,CC(C)(C)CC(C)(C)c1ccc(OCCOCCO)cc1,2.034508816
293.2123413,C18H30O3,CC(C)(C)CC(C)(C)c1ccc(OCCOCCO)cc1,1.019632025
293.2123413,C18H30O3,CCCCCCCCCc1ccc(O)cc1.C=O.C2CO2,1.019632025
293.2123413,C18H30O3,CC(C)(C)CC(C)(C)c1ccc(OCCOCCO)cc1,1.019632025
293.2123413,C18H32O4,CCCCCCCCCCCC(=O)OC=C.CC(=O)OC=C,0.019632025
293.2123413,C18H32O4,CCCCOC(=O)C=C.CCCCC(CC)COC(=O)C=C,0.019632025
293.2123413,C17H28O,CC(C)c1cc(c(O)c(c1)C(C)(C)C)C(C)(C)C,0.019632025
293.2123413,C17H28O,CC(C)c1cc(O)c(cc1C(C)(C)C)C(C)(C)C,0.019632025
293.2123413,C17H28O,CCC(C)(C)c1cc(C)cc(c1O)C(C)(C)CC,0.019632025
293.2123413,C17H28O,CC1CC(CCC1=O)CC2C3CCC(C3)C2(C)C,0.019632025
293.2123413,C17H28O,C[C@@H]1CC[C@H]2C(C)(C)[C@H]3CC12CC[C@]3(C)C(C)=O,0.019632025
293.1793213,C14H30O4S,CCCCCCCCCCCCCCO[S](O)(=O)=O,1.618863926
295.2279663,C18H34O4,OC(=O)CCCCCCCCCCCCCCCCC(O)=O,1.572784695
295.2279663,C18H34O4,CCC[C@@H](CC)OC(=O)CCCCC(=O)OCC[C@H](C)CC,0.925650618
295.2279663,C18H34O4,CCCCCCCCC(=O)OOC(=O)CCCCCCCC,0.876581432
297.1532796,C16H26O3S,CCCCCCCCCCc1ccc(cc1)[S](O)(=O)=O,2.448407162
297.243632,C18H34O3,CCCCCC[C@@H](O)C\C=C/CCCCCCCC(O)=O,2.019896107
297.243632,C18H34O3,CCCCCC[C@H](O)C/C=C/CCCCCCCC(O)=O,2.019896107
297.243632,C18H33BO3,C1CCC(CC1)OB(OC2CCCCC2)OC3CCCCC3,0.519896107
297.1528625,C16H26O3S,CCCCCCCCCCc1ccc(cc1)[S](O)(=O)=O,0.988551444
