"mz","rt","X500_700_Neg_JeansA.mzXML","X500_700_Neg_JeansB.mzXML","X500_700_Neg_JeansC.mzXML","X500_700_Neg_JeansD.mzXML","X500_700_Neg_JeansDx.mzXML","X500_700_Neg_JeansE.mzXML","X500_700_Neg_JeansF.mzXML","X500_700_Neg_JeansG.mzXML","X500_700_Neg_JeansGx.mzXML","SampleID","formula.pred","isoscore","mserror","ms1score","SMILES","DbID","Adducts","neutralscore","ionmodescore","adductscore","MS2score","rtscore","allscore"
504.354573567708,4.47685,100,100,443680.21875,7615.93505859375,100,100,4780.99365234375,4266.21337890625,100,3,"0","0","0","0","0","0","0","0","0","0","0",0,"0"
505.357950846354,4.47685,100,100,132705.5,4687.982421875,100,100,3705.69750976562,100,100,3,"0","0","0","0","0","0","0","0","0","0","0",0,"0"
506.36952718099,5.89495,100,152434.921875,776492.1875,242960.875,50123.91796875,189054.65625,40642.53125,29991.859375,15369.552734375,3,"0","0","0","0","0","0","0","0","0","0","0",0,"0"
506.889099121094,7.30108333333333,100,100,100,100,100,100,86644.34375,114915.1015625,32631.30078125,8,"C16H13N3S7S2","-0.726386462824401","-4.53973861069221","-5.26612507351661","Nc1ccc2C(=S)C(=N/Nc3ccccc3[S](S)(=S)=S)\C(=Cc2c1)[S](S)(=S)=S","14379","[M+Cl]-","0","-0.5","0","0",0,"0"
509.239959716797,6.42365,77364.4765625,59575.3359375,175723.34375,62473.671875,47989.14453125,47215.8828125,208849.640625,49635.80859375,50004.28125,7,"C28H47NS4;C28H46S4;C28H46S4;C28H46S4;C28H46S4;C28H46S4;C28H46S4","NA;-0.0102740529240469;-0.0102740529240469;-0.0102740529240469;-0.0102740529240469;-0.0102740529240469;-0.0102740529240469","0.00995033085316809;-4.55862343683365;-4.55862343683365;-4.55862343683365;-4.55862343683365;-4.55862343683365;-4.55862343683365","-0.00032372207087885;-4.5688974897577;-4.5688974897577;-4.5688974897577;-4.5688974897577;-4.5688974897577;-4.5688974897577","CCCCCCCCCCCCCCCCCCNc1cc(cc(c1)C(=S)SC)C(=S)SC;CCCCCCCCCCSC(=S)c1ccccc1C(=S)SCCCCCCCCCC;CC(C)CCCCCCCSC(=S)c1ccccc1C(=S)SCCCCCCCC(C)C;CC(C)CCCCCCCSC(=S)c1ccccc1C(=S)SCCCCCCCC(C)C;CCCCC(CCC)CCSC(=S)c1ccccc1C(=S)SCC(CCC)CC(C)CC;CCCCCCCCCCCSC(=S)c1ccccc1C(=S)SCCCCCCCCC;CC(C)CCCCCCCSC(=S)c1ccccc1C(=S)SCCCCCCCC(C)C","23342;1296;18193;29008;29013;46137;46687","[M-H-H2O]-;[M-H]-;[M-H]-;[M-H]-;[M-H]-;[M-H]-;[M-H]-","0","0;-0.5;-0.5;-0.5;-0.5;-0.5;-0.5","0;1;1;1;1;1;1","0",0,"-0.00032372207087885;0;0;0;0;0;0"
509.420379638672,7.89076666666667,55880.765625,96679.1015625,111555.125,104760.65625,46415.453125,42636.7890625,97217.3203125,115921.5234375,61405.84375,8,"0","0","0","0","0","0","0","0","0","0","0",0,"0"
511.167419433594,7.25221666666667,29746.701171875,14569.7353515625,106181.640625,44024.17578125,12486.583984375,100,9044.1240234375,8242.578125,7113.1611328125,3,"0","0","0","0","0","0","0","0","0","0","0",0,"0"
511.363932291667,7.85448333333333,8849.2353515625,9838.28125,11158.0576171875,15437.2255859375,4608.28857421875,4938.8564453125,193649.21875,141232.53125,51470.234375,7,"0","0","0","0","0","0","0","0","0","0","0",0,"0"
513.310343424479,9.66028333333333,1167507.375,560839.5625,3652126.75,1072449.5,603705.4375,159502.234375,1959277.375,1359156.5,684924.375,3,"C25H53ClN2S3;C33H41N3S","-0.601210502091343;-0.547590205453873","0.00995033085316809;-4.52554512977554","-1.06494438176449;-6.07313533522941","[Cl-].CCCCCCCCCCCCCCCCCC(=S)NCCC([NH3+])(CCS)CCS;CCNc1ccc(c2ccccc12)C(S)(c3ccc(cc3)N(CC)CC)c4ccc(cc4)N(CC)CC","35567;449","[M]-;[M]-",";0;0","0;0","0.5;0.5","1;0",0,"0.43505561823551;-5.57313533522941"
513.379516601562,8.47435,4883.45263671875,23908.814453125,4406.57177734375,16189.1357421875,100,12734.9873046875,118880.2109375,78152.9609375,35670.765625,7,"0","0","0","0","0","0","0","0","0","0","0",0,"0"
514.313456217448,9.68993333333333,323059.875,166227.109375,1007798.9375,272236.1875,196474.484375,42210.375,526709.8125,378036.28125,184041.4375,3,"0","0","0","0","0","0","0","0","0","0","0",0,"0"
515.130594889323,5.68015,110081.2109375,73503.8203125,52641.56640625,87179.390625,82193.2109375,93739.7109375,151516.90625,80827.1171875,113637.65625,7,"C30H27ClN2S2;C30H26N2S2;C30H26N2S2","-0.627055463049808;-0.627055463049808;-0.627055463049808","-3.65753130707192;-4.0188563358195;-4.0188563358195","-4.28458677012173;-4.64591179886931;-4.64591179886931","[Cl-].CCN1/C(Sc2ccc3ccccc3c12)=C/C(C)=Cc4sc5ccc6ccccc6c5[n+]4CC;Cc1ccc(Nc2ccc(Nc3ccc(C)cc3C)c4C(=S)c5ccccc5C(=S)c24)c(C)c1;CCc1ccc(Nc2cccc3C(=S)c4c(Nc5ccc(CC)cc5)cccc4C(=S)c23)cc1","5552;25188;38663","[M-H]-;[M+Cl]-;[M+Cl]-","0","-0.5;-0.5;-0.5","1;0;0","0",0,"0;0;0"
515.316487630208,9.68993333333333,34006.015625,19284.537109375,108708.71875,48705.28515625,18884.345703125,7356.9765625,85124.75,45740.75,19120.42578125,3,"0","0","0","0","0","0","0","0","0","0","0",0,"0"
516.353983561198,5.30935,100,27216.201171875,180419.84375,100,100,100,19857.740234375,13327.5234375,5680.4443359375,3,"0","0","0","0","0","0","0","0","0","0","0",0,"0"
518.369710286458,5.66046666666667,100,1332123.375,3626744.5,144840.1875,30673.947265625,8025.58740234375,688049.1875,251422.640625,83484.03125,3,"0","0","0","0","0","0","0","0","0","0","0",0,"0"
519.373067220052,5.66046666666667,100,414663.6875,1143205,37727.15234375,8501.4375,100,200297.75,93983.875,27652.306640625,3,"0","0","0","0","0","0","0","0","0","0","0",0,"0"
520.375895182292,5.66046666666667,100,77048.6484375,201090.859375,9523.55859375,100,100,17756.921875,10232.052734375,100,3,"0","0","0","0","0","0","0","0","0","0","0",0,"0"
519.373046875,5.66046666666667,100,77048.6484375,201090.859375,9523.55859375,100,100,25545.001953125,10232.052734375,100,3,"0","0","0","0","0","0","0","0","0","0","0",0,"0"
520.385477701823,6.18818333333333,18538.67578125,1023188.6875,3185848.25,3101609.75,755001.8125,826305.75,1280610.375,319547.3125,154515.375,3,"C30H60S2;C30H60S2;C30H60S2;C30H60S2","-0.577880026555389;-0.577880026555389;-0.577880026555389;-0.577880026555389","-4.52969020384226;-4.52969020384226;-4.52969020384226;-4.52969020384226","-5.10757023039765;-5.10757023039765;-5.10757023039765;-5.10757023039765","CCCCCCCCCCCCCCCCSC(=S)CCCCCCCCCCCCC;CCCCCCCCCCCCCCCC(=S)SCCCCCCCCCCCCCC;CCCCCCCCCCCCCCCCCC(=S)SCCCCCCCCCCCC;CCCCCCCCCCCCCCCCCC(=S)SC(CC(C)C)CC(C)CC(C)C","9191;11558;27288;31826","[M+Cl]-;[M+Cl]-;[M+Cl]-;[M+Cl]-","0","-0.5;-0.5;-0.5;-0.5","0;0;0;0","0",0,"0;0;0;0"
521.388712565104,6.18818333333333,7471.57763671875,304668.34375,976727.6875,908895.0625,230843.953125,255437.015625,25241.599609375,19747.443359375,46220.296875,3,"0","0","0","0","0","0","0","0","0","0","0",0,"0"
522.391743977865,6.18818333333333,100,65944.015625,191084.703125,179997.109375,38681.77734375,49537.9453125,9407.4150390625,17267.109375,9722.494140625,3,"0","0","0","0","0","0","0","0","0","0","0",0,"0"
523.363891601562,7.50661666666667,5216.40625,8755.5107421875,100,6396.2119140625,5016.3876953125,4532.63134765625,170205.734375,179905.671875,55978.9453125,8,"0","0","0","0","0","0","0","0","0","0","0",0,"0"
523.006530761719,7.88386666666667,100,100,100,100,100,100,105052.078125,24434.01953125,11658.5302734375,7,"C22H21N3S5;C22H27ClS5;C20H26N2S6S;C20H26N2S6S;C20H26N2S6S;C20H26N2S6S;C22H27ClS5","-1.20954569560845;-4.59500680452438;-3.43077200013353;-3.43077200013353;-3.43077200013353;-3.43077200013353;-4.59500680452438","0.00995033085316809;0.00995033085316809;-3.54651257804521;-3.54651257804521;-3.54651257804521;-3.54651257804521;-4.40506089156532","-1.19959536475528;-4.58505647367121;-6.97728457817874;-6.97728457817874;-6.97728457817874;-6.97728457817874;-9.00006769608969","CC(C)SCCCN1C(=S)c2c(N)c3C(=S)c4ccccc4C(=S)c3c(N)c2C1=S;CC(=C)C(S)=S.CC(C)(c1ccc(S)cc1)c2ccc(S)cc2.ClCC3CS3;CSc1ccc2nccc(C(S)C3CC4CCN3CC4C=C)c2c1.S[S](S)(=S)=S;CSc1ccc2nccc(C(S)C3CC4CCN3CC4C=C)c2c1.S[S](S)(=S)=S;CSc1ccc2nccc([C@H](S)[C@H]3CC4CCN3C[C@@H]4C=C)c2c1.S[S](S)(=S)=S;CSc1ccc2nccc([C@@H](S)[C@@H]3CC4CCN3C[C@@H]4C=C)c2c1.S[S](S)(=S)=S;CC(=C)C(S)=S.CC(C)(c1ccc(S)cc1)c2ccc(S)cc2.ClCC3CS3","32338;21486;15;5072;6125;13383;21486","[M+Cl]-;[M+Cl]-;[M+Cl]-;[M+Cl]-;[M+Cl]-;[M+Cl]-;[M+Cl]-","0","-0.5;0;-0.5;-0.5;-0.5;-0.5;0","0;0;0;0;0;0;0","0",0,"0;0;0;0;0;0;0"
525.379638671875,8.00048333333333,16288.3046875,65169.42578125,20687.01953125,53102.6171875,20937.671875,6905.2705078125,1870692.25,1125839.125,556017.4375,7,"0","0","0","0","0","0","0","0","0","0","0",0,"0"
526.383056640625,8.00048333333333,8563.625,20333.025390625,4915.2451171875,20059.447265625,6503.61572265625,4069.73876953125,614481.125,383485.625,166299.40625,7,"0","0","0","0","0","0","0","0","0","0","0",0,"0"
525.004272460938,7.88386666666667,100,100,100,100,100,100,100484.0546875,31805.703125,8126.90966796875,7,"C20H30S8","-0.727643532792227","0.00995033085316809","-0.717693201939059","SCCS.SCCSCCS.S=C1SC(=S)C=C1.C2C=CC3C4CC(C=C4)C23","24858","[M-H]-","0","0","1","0",0,"0"
527.326477050781,10.7053166666667,158391.75,823037.3125,1313673,959337.25,265542.125,6670.35888671875,442725.84375,925007.0625,486893.53125,3,"0","0","0","0","0","0","0","0","0","0","0",0,"0"
527.326477050781,10.7053166666667,2480558,823037.3125,10957911,959337.25,265542.125,6670.35888671875,442725.84375,36876.74609375,486893.53125,3,"0","0","0","0","0","0","0","0","0","0","0",0,"0"
527.395345052083,8.6509,21620.77734375,84859.9609375,16820.236328125,84080.8359375,30123.736328125,33522.6015625,738026.1875,469796.625,196011.890625,7,"C30H58S2;C30H58S2","0.00449171862709929;0.00449171862709929","-4.41079175123777;-4.41079175123777","-5.07296669927733;-5.07296669927733","CCCCCCCCCCCCSC(=S)CCCCCCC\C=C\CCCCCCCC;CCCCCCCCCCCCSC(=S)CCCCCCC\C=C/CCCCCCCC","21425;27282","[M+CH2O2-H]-;[M+CH2O2-H]-",";0;0","0;0","0;0","1;1",0,"-4.07296669927733;-4.07296669927733"
528.329610188802,10.7053166666667,674664,231612.546875,3117561.25,299766.9375,69308.4375,3907.24658203125,110682.109375,250185.796875,120454.734375,3,"0","0","0","0","0","0","0","0","0","0","0",0,"0"
529.146769205729,6.18083333333333,100495.78125,52586.34375,34524.26953125,30500.90625,47527.09765625,69676.3984375,71639.34375,61278.82421875,50849.52734375,1,"0","0","0","0","0","0","0","0","0","0","0",0,"0"
529.146769205729,6.18083333333333,100495.78125,52586.34375,34524.26953125,48458.9609375,30385.07421875,69676.3984375,71639.34375,61278.82421875,33379.13671875,1,"0","0","0","0","0","0","0","0","0","0","0",0,"0"
529.305155436198,6.54231666666667,283657.25,225529,1172386.125,223772.90625,208148.515625,201065.171875,1113405.25,267164.21875,254274.453125,3,"0","0","0","0","0","0","0","0","0","0","0",0,"0"
527.326354980469,10.7053166666667,71437.484375,27929.35546875,286510.40625,25589.931640625,10043.2998046875,100,16971.330078125,28068.61328125,11611.2158203125,3,"0","0","0","0","0","0","0","0","0","0","0",0,"0"
528.32958984375,10.7053166666667,79041.78125,33839.703125,412409.46875,42083.4140625,13311.5068359375,100,22749.5546875,34598.88671875,14022.1796875,3,"0","0","0","0","0","0","0","0","0","0","0",0,"0"
530.308471679688,6.54231666666667,75031.9765625,61767.52734375,305591.0625,63739.7578125,59148.3046875,53556.7421875,303505.90625,70890.1953125,70772.1171875,3,"0","0","0","0","0","0","0","0","0","0","0",0,"0"
530.33095296224,5.63131666666667,100,100,397921.59375,52810.1484375,7248.654296875,100,16949.6328125,19995.134765625,11971.4638671875,3,"0","0","0","0","0","0","0","0","0","0","0",0,"0"
531.302958170573,8.7173,177183.828125,143010.59375,112038.1171875,222873.28125,221843.09375,160588.9375,215031.90625,224595.09375,65885.1796875,8,"0","0","0","0","0","0","0","0","0","0","0",0,"0"
531.302917480469,5.10466666666667,514438.34375,547742.375,1631502.625,482498.25,449477.9375,432998.53125,424204.625,368909.59375,480735.25,3,"0","0","0","0","0","0","0","0","0","0","0",0,"0"
531.302958170573,8.7173,165036.078125,136507.390625,8569.119140625,120665.1171875,147217.21875,120939.953125,75847.3125,224595.09375,107330.9453125,8,"0","0","0","0","0","0","0","0","0","0","0",0,"0"
532.306131998698,5.10466666666667,150575.265625,152230.421875,488726.6875,123622.7421875,122774.0703125,114489.8046875,102082.4296875,93212.21875,127572.296875,3,"C29H54S4;C27H50ClNS2;C32H36N8","-0.710328067489858;-4.32288832507033;-4.30080915471611","-4.56221959548264;-2.9640683644462;-3.24678570598037","-5.2725476629725;-7.28695668951653;-7.54759486069648","CCCCCCCCCCCCCSC(=S)CC(\C=C\CCCCCCCCCC)C(S)=S;[Cl-].CCCCCCCCCCCCCC[N+](CC(C)S)(CC(C)S)Cc1ccccc1;CN(C)c1cc(C)c(N=Nc2ccc(cc2)N=Nc3ccc(cc3)N=Nc4c(C)cc(cc4C)N(C)C)c(C)c1","24302;20833;36040","[M]-;[M+CH2O2-H]-;[M]-","0","0;0;0","0.5;0;0.5","0",0,"0;0;0"
533.20155843099,6.27438333333333,24673.099609375,23188.375,44873.921875,19676.4453125,27732.095703125,18800.208984375,111585.5,20677.884765625,24473.310546875,7,"C24H48S5;C24H48S5","-0.53039632315263;-0.53039632315263","0.00995033085316809;0.00995033085316809","-0.520445992299462;-0.520445992299462","CCCCCCCC\C=C/CCCCCCCC(S)=S.CCC(CS)(CS)CS;CCCCCCCC/C=C/CCCCCCCCSC(CS)CSCC(S)CS","36667;38244","[M+Cl]-;[M+Cl]-","0","-0.5;-0.5","0;0","0",0,"0;0"
534.273844401042,5.63131666666667,100,100,452841.5625,34805.14453125,5828.4814453125,100,13535.845703125,20579.826171875,100,3,"0","0","0","0","0","0","0","0","0","0","0",0,"0"
532.947143554688,7.32361666666667,100,100,100,100,100,100,107868.8046875,34723.22265625,17476.271484375,7,"C23H19BrN2S4","-1.03943109112251","-3.69069532978131","-4.73012642090382","CCN(CC)C(=S)c1ccc2C(=S)C(C(=S)c2c1)c3nc4ccccc4c(Br)c3S","42402","[M-H]-","0","0","1","0",0,"0"
537.09755452474,5.1953,110510,101222.59375,58765.35546875,102326.0546875,114333.90625,113697.15625,52778.12890625,60692.6875,105442.71875,5,"C29H30S4P;C30H33ClS4;C30H33ClS4;C25H30N3S4S","-0.0578268753955945;NA;-0.532288978221752;NA","0.00995033085316809;0.00995033085316809;0.00995033085316809;0.00995033085316809","-0.0478765445424264;-0.0478765445424264;-0.522338647368583;-0.522338647368583","CC(C)c1cccc(S[P+](Sc2ccccc2)(Sc3ccccc3)Sc4ccc(C)cc4C)c1;CCCCCc1ccc(SC(=S)c2ccc(SC(=S)c3ccc(CCCCC)cc3)c(Cl)c2)cc1;CCCCCc1ccc(cc1)C(=S)Sc2ccc(SC(=S)c3ccc(CCCCC)cc3)c(Cl)c2;CCN(CCC#N)c1ccc(C=CC2=[N+](C)c3ccccc3C2(C)C)c(C)c1.[S-][S]([S-])(=S)=S","34996;17515;17513;22966","[M]-;[M-H-H2O]-;[M-H-H2O]-;[M+Cl]-","0","0;0;0;-0.5","0.5;0;0;0","0",0,"0.452123455457574;-0.0478765445424264;-0.522338647368583;0"
539.1982421875,10.0761,54146.82421875,21722.83203125,108273.8828125,28188.302734375,7182.1767578125,100,13105.5,26855.59765625,11887.68359375,3,"0","0","0","0","0","0","0","0","0","0","0",0,"0"
541.341613769531,11.8739666666667,23628.458984375,5861.70556640625,161026.125,8147.4853515625,100,100,106000.4140625,41165.88671875,22720.05859375,3,"C30H55ClN2S2","-0.0834932494225855","-2.54382369876987","-2.62731694819246","[Cl-].CCCCCCCCCC(S)CCCCCCCC(=S)NCCC[N+](C)(C)Cc1ccccc1","37188","[M-H]-","0","0","1","0",0,"-1.62731694819246"
543.320841471354,7.69396666666667,350186.84375,256130.5625,1017052.75,486158.0625,100329.3828125,100,130468.7890625,136467.109375,26541.109375,3,"C30H55S3P","-0.54558192727693","-4.55481431450189","-5.76706290844549","CCCCCCCCc1ccc(cc1)[P](=S)(SCCCCCC(C)C)SCCCCCC(C)C","23849","[M-H]-",";0","-0.5","1","0",0,"0"
543.320861816406,7.89996666666667,127284.4921875,67755.7734375,53204.19921875,153852.71875,25417.513671875,100,38303.890625,29069.212890625,7538.82568359375,4,"C30H55S3P","-0.54560749000106","-4.56738871376148","-5.95915004991639","CCCCCCCCc1ccc(cc1)[P](=S)(SCCCCCC(C)C)SCCCCCC(C)C","23849","[M-H]-",";0","-0.5","1","0",0,"0"
544.324279785156,7.69396666666667,127284.4921875,67755.7734375,293654.625,153852.71875,25417.513671875,100,38303.890625,29069.212890625,7538.82568359375,3,"0","0","0","0","0","0","0","0","0","0","0",0,"0"
544.966430664062,4.87196666666667,100991.28125,97820.109375,97965.1328125,85885.703125,80187.359375,82679.8203125,167023.015625,131602.015625,126959.8359375,7,"0","0","0","0","0","0","0","0","0","0","0",0,"0"
545.820332845052,2.00956666666667,98717.03125,105279.1171875,101607.1640625,119619.6875,104203.921875,102909.09375,117994.3359375,117698.0703125,99137.671875,4,"0","0","0","0","0","0","0","0","0","0","0",0,"0"
553.266581217448,6.54395,46707.1484375,30960.72265625,97270.375,28879.626953125,33203.22265625,32748.71484375,154950.890625,34883.92578125,30367.232421875,7,"0","0","0","0","0","0","0","0","0","0","0",0,"0"
553.284993489583,5.13388333333333,1010329.1875,1176780.5,2302895,1031904.75,891173.5625,919966.5625,849239.9375,822163.3125,1088151.125,3,"0","0","0","0","0","0","0","0","0","0","0",0,"0"
553.285217285156,8.91346666666667,89006.6640625,53692.3984375,100,56712.58203125,124160.3203125,55457.85546875,31878.072265625,24191.626953125,40293.51171875,5,"0","0","0","0","0","0","0","0","0","0","0",0,"0"
554.288146972656,5.13388333333333,324858.875,325599.375,642444.875,275611.375,266823.6875,251875.390625,221819.234375,192755.21875,302795.21875,3,"C31H52S4;C31H52S4","-0.542293889115999;-0.542293889115999","-4.56015765219847;-4.56015765219847","-6.10245154131447;-6.10245154131447","CSCCSC(=S)S[C@H]1CC[C@]2(C)[C@@H]3CC[C@]4(C)[C@@H](CC[C@H]4[C@H]3CC=C2C1)[C@H](C)CCCC(C)C;CCCCCCCCCCCCCSC(=S)c1ccccc1C(=S)SCCCCCCCC(C)C","19047;31402","[M-H]-;[M-H]-","0","-0.5;-0.5","1;1","0;0",0,"0;0"
552.892761230469,7.2946,100,100,100,100,100,100,131370.171875,106639.8828125,29133.337890625,7,"C22H15Br2NS5;C22H15Br2NS5","-1.06635570108724;-1.06635570108724","-4.34057116103795;-4.4622878278926","-5.40692686212519;-5.52864352897984","Nc1c(SCCSc2cccc(Br)c2Br)cc(S)c3C(=S)c4ccccc4C(=S)c13;Nc1c(SCCSc2cccc(Br)c2Br)cc(S)c3C(=S)c4ccccc4C(=S)c13","12463;41626","[M-Br+O]-;[M-Br+O]-","0","0;0","0.5;0.5","0",0,"0;0"
553.285095214844,5.10466666666667,77335.1796875,91076.21875,180188.6875,61280.29296875,59461.84375,72413.1484375,56780.80859375,53860.3359375,70338.3984375,3,"0","0","0","0","0","0","0","0","0","0","0",0,"0"
555.30234781901,4.38923333333333,100,100,100,100,100,4906.77587890625,686386.5625,602103.8125,187172.671875,7,"0","0","0","0","0","0","0","0","0","0","0",0,"0"
556.305786132812,4.38923333333333,100,100,100,100,100,100,207106.859375,167713.984375,46100.546875,7,"0","0","0","0","0","0","0","0","0","0","0",0,"0"
556.346557617188,5.80665,100,100,615276.9375,44782.53125,8649.21875,100,100,5394.935546875,100,3,"0","0","0","0","0","0","0","0","0","0","0",0,"0"
554.888061523438,7.32361666666667,100,100,100,100,100,100,157803.453125,133766.796875,17626.83984375,7,"C20H13N3S7S;C20H13N3S7S;C11H16N8S8;C11H16N8S8","-0.737045235911753;-0.737045235911753;-0.871895820534857;-0.871895820534857","0.00995033085316809;0.00995033085316809;-3.38839755085102;-3.38839755085102","-0.727094905058585;-0.727094905058585;-4.26029337138588;-4.26029337138588","Sc1c(N\N=C2\C(=S)C=C(c3cc(ccc23)[N+]([S-])=S)[S](S)(=S)=S)ccc4ccccc14;Sc1ccc2ccccc2c1N\N=C3\C(=S)C=C(c4cc(ccc34)[N+]([S-])=S)[S](S)(=S)=S;SCN1C(NC(=S)NCNC(=S)NC2N(CS)C(=S)NC2=S)C(=S)NC1=S;SCN1C(NC(=S)NCNC(=S)NC2N(CS)C(=S)NC2=S)C(=S)NC1=S","17645;41186;22127;38264","[M+Cl]-;[M+Cl]-;[M+Cl]-;[M+Cl]-","0","-0.5;-0.5;-0.5;-0.5","0;0;0;0","0",0,"0;0;0;0"
557.336507161458,9.74888333333333,584782.3125,333392.53125,2106806.5,734032.6875,278539.9375,75958.421875,999208.5,664912.4375,297702.78125,3,"0","0","0","0","0","0","0","0","0","0","0",0,"0"
557.349731445312,5.77728333333333,100,100,187797.234375,17542.68359375,100,100,100,100,100,3,"C33H52S2","-4.2265113957718","0.00995033085316809","-4.21656106491863","CCC(C)(C)c1cc(Cc2cc(cc(c2S)C(C)(C)CC)C(C)(C)CC)c(S)c(c1)C(C)(C)CC","37714","[M+CH2O2-H]-","0","0","0","0",0,"0"
557.336486816406,9.74888333333333,183724.0625,110906.9921875,574910.8125,196194.96875,79263.5546875,29962.208984375,308884.65625,203270.984375,82451.859375,3,"0","0","0","0","0","0","0","0","0","0","0",0,"0"
558.362101236979,6.30611666666667,100,100,152628.78125,8034.87744140625,100,100,10832.3515625,5268.34912109375,4572.62939453125,3,"0","0","0","0","0","0","0","0","0","0","0",0,"0"
559.334187825521,5.5729,100,100,390617.59375,100,100,100,23364.037109375,3150.87768554688,100,3,"C26H57NS4S","-0.542711056068931","-2.1534737841496","-2.69618484021853","[NH4+].CCCCCCCCCCCCCCCCCCCCCCCCCCS[S]([S-])(=S)=S","38618","[M+CH2O2-H]-","0","0","0","0",0,"-2.69618484021853"
560.153564453125,4.80901666666667,100,100,100,100,100,100,181883.8125,178270.421875,190511.75,9,"C24H45CrS6;C24H45CrS6;C29H34ClN3S2;C27H42S6;C27H42S6","-0.200072599136222;-0.200072599136222;-0.55970110967958;-0.563688715413068;-0.563688715413068","0.00995033085316809;0.00995033085316809;0.00995033085316809;-2.28947153315907;-2.28947153315907","-0.190122268283054;-0.190122268283054;-0.549750778826412;-2.85316024857214;-2.85316024857214","[Cr+3].CCCCC(CC)C([S-])=S.CCCCC(CC)C([S-])=S.CCCCC(CC)C([S-])=S;[Cr+3].CCCCCCCC([S-])=S.CCCCCCCC([S-])=S.CCCCCCCC([S-])=S;[Cl-].CC(C)Nc1ccc(NCCC[N+](C)(C)Cc2ccccc2)c3C(=S)c4ccccc4C(=S)c13;CCCCCCSC(=S)c1ccc(C(=S)SCCCCCC)c(c1)C(=S)SCCCCCC;CCCCCCCCCCSC(=S)c1ccc(C(=S)SCCCCCCCC)c(c1)C(S)=S","10117;10351;12226;7474;21168","[M+Cl]-;[M+Cl]-;[M+Cl]-;[M-H]-;[M-H]-","0","-0.5;-0.5;-0.5;-0.5;0","0;0;0;1;1","0",0,"0;0;0;0;-1.85316024857214"
558.294921875,5.77728333333333,100,100,519281.125,32764.486328125,4822.791015625,100,100,5115.0546875,100,3,"0","0","0","0","0","0","0","0","0","0","0",0,"0"
561.291971842448,5.77728333333333,100,100,209473.921875,15126.0283203125,100,100,3824.9287109375,100,100,3,"0","0","0","0","0","0","0","0","0","0","0",0,"0"
562.305297851562,6.30611666666667,100,100,118014.4609375,100,100,100,100,4691.61083984375,100,3,"0","0","0","0","0","0","0","0","0","0","0",0,"0"
563.308044433594,5.07583333333333,70619.890625,90328.3359375,386265.90625,85839.53125,72610.6953125,69137.8671875,77505.9921875,49217.171875,77118.3046875,3,"C28H54S4;C28H54S4S;C28H54S4Sr;C28H54S4","0.00350713821931657;0.00350713821931657;0.00350713821931657;0.00350713821931657","-4.5378304750797;-4.5378304750797;-4.5378304750797;-4.5378304750797","-4.53432333686038;-4.53432333686038;-4.53432333686038;-4.53432333686038","CCCCCCCCCSC(=S)CCCCCCCCC(=S)SCCCCCCCCC;CCCCCCCCCCCC(=S)SCCSCCSC(=S)CCCCCCCCCCC;[Sr++].CCCCCCCCCCCCCC([S-])=S.CCCCCCCCCCCCCC([S-])=S;CCCCC(CC)CSC(=S)CCCCCCCCCCC(=S)SCC(CC)CCCC","7592;10977;11123;14038","[M+CH2O2-H]-;[M+CH2O2-H]-;[M+CH2O2-H]-;[M+CH2O2-H]-","0","0;0;0;0","0;0;0;0","0",0,"-4.53432333686038;-4.53432333686038;-4.53432333686038;-4.53432333686038"
564.311808268229,5.07583333333333,19529.0390625,31195.4765625,114124.59375,30384.919921875,23713.87890625,24440.3359375,26993.5,18981.322265625,46127.39453125,3,"C28H54S4;C28H54S4S;C28H54S4Sr;C28H54S4","-0.0129016877602615;-0.0129016877602615;-0.0129016877602615;-0.0129016877602615","-2.37507975842415;-2.37507975842415;-2.37507975842415;-2.37507975842415","-2.38798144618441;-2.38798144618441;-2.38798144618441;-2.38798144618441","CCCCCCCCCSC(=S)CCCCCCCCC(=S)SCCCCCCCCC;CCCCCCCCCCCC(=S)SCCSCCSC(=S)CCCCCCCCCCC;[Sr++].CCCCCCCCCCCCCC([S-])=S.CCCCCCCCCCCCCC([S-])=S;CCCCC(CC)CSC(=S)CCCCCCCCCCC(=S)SCC(CC)CCCC","7592;10977;11123;14038","[M+CH2O2-H]-;[M+CH2O2-H]-;[M+CH2O2-H]-;[M+CH2O2-H]-","0","0;0;0;0","0;0;0;0","0",0,"-2.38798144618441;-2.38798144618441;-2.38798144618441;-2.38798144618441"
563.307983398438,5.07583333333333,19529.0390625,31195.4765625,114124.59375,30384.919921875,23713.87890625,24440.3359375,26993.5,18981.322265625,46127.39453125,3,"0","0","0","0","0","0","0","0","0","0","0",0,"0"
567.300374348958,5.45645,36324.9140625,14742.3701171875,221825.109375,38543.640625,10371.3232421875,100,12804.259765625,23199.4921875,10362.42578125,3,"C32H54S4","-0.545117826571345","-4.45875125754081","-6.00386908411216","CCCCCCCCCCCCSC(=S)c1ccccc1C(=S)SCCCCCCCCCCCC","8628","[M-H]-","0","-0.5","1","0",0,"0"
566.906921386719,7.2946,100,100,100,100,100,100,126574.0703125,78864.328125,20349.84375,7,"0","0","0","0","0","0","0","0","0","0","0",0,"0"
566.906921386719,7.2946,100,100,100,100,100,100,126574.0703125,78864.328125,20349.84375,7,"0","0","0","0","0","0","0","0","0","0","0",0,"0"
568.903747558594,7.32361666666667,100,100,100,100,100,100,131409.3125,78726.7421875,25756.755859375,7,"C18H20S9","-0.901830523614412","0.00995033085316809","-0.891880192761244","CC(S)CSCC(C)S.S=C1SC(=S)C=C1.S=C2SC(=S)c3ccccc23","17893","[M+CH2O2-H]-","0","0","0","0",0,"0"
571.352294921875,10.0744666666667,1464436.25,454882.46875,763898.8125,689289.25,193455.3125,5727.537109375,258044.125,596704.75,275256.125,1,"0","0","0","0","0","0","0","0","0","0","0",0,"0"
571.352864583333,10.8247166666667,89750.1171875,37528.7421875,6113071.5,34628.20703125,8656.140625,100,24916.2734375,29472.595703125,8446.0029296875,3,"0","0","0","0","0","0","0","0","0","0","0",0,"0"
572.355753580729,10.8247166666667,436710.625,126483.8125,1900524.375,200923.625,62989.58203125,100,84959.5390625,205929.921875,76127.3203125,3,"0","0","0","0","0","0","0","0","0","0","0",0,"0"
573.331481933594,6.6946,211886.3125,140263.921875,522225.71875,142888.96875,148537.609375,142891.765625,613921.75,172877.28125,142558.5,7,"C30H56N2S4","-0.553544128547443","-1.98942409637662","-3.14296822492406","CC1(C)CNCC(C)(C)C1(C)SC(=S)CCCCCCCCC(=S)SC2(C)C(C)(C)CNCC2(C)C","23079","[M-H]-",";0","-0.5","1","0",0,"0"
573.356811523438,10.8247166666667,60979.20703125,28239.83984375,299913.78125,40916.62890625,10604.47265625,100,15960.8828125,36259.83984375,11948.19140625,3,"C32H60S4","-0.0419586005824631","0.00995033085316809","-0.841532079253104","CCCCCCCCCCCC(=S)SCCSC(=S)CCCCCCC\C=C/CCCCCCCC","22236","[M-H]-",";0","-0.5","1","0",0,"0"
574.334818522135,6.6946,63109.06640625,46281.81640625,144957.953125,43527.88671875,43056.6640625,42742.3359375,188497.625,46665.2578125,41224.89453125,7,"0","0","0","0","0","0","0","0","0","0","0",0,"0"
575.416524251302,9.49076666666667,100,100,100,100,100,100,62836.45703125,150389.6875,56623.828125,8,"0","0","0","0","0","0","0","0","0","0","0",0,"0"
576.360778808594,5.10466666666667,112282.7734375,89394.609375,230562.265625,74487.9453125,70235.1171875,84426.890625,75413.546875,78961.625,105540.140625,3,"0","0","0","0","0","0","0","0","0","0","0",0,"0"
581.316121419271,5.45645,6850.576171875,22371.03125,472682.8125,12659.6201171875,100,100,6692.9013671875,9394.759765625,100,3,"C38H47NS2","-0.0284777848419171","-1.9320692338168","-1.96054701865872","CC(C)c1ccc2c(CCC3C(C)(CCCC23C)CN(CCC(=S)c4ccccc4)CCC(=S)c5ccccc5)c1","37433","[M]-","0","0","0.5","0",0,"-1.46054701865872"
582.510131835938,9.68401666666667,100,7844.45068359375,29993.935546875,57096.7421875,121681.546875,48685.33203125,40210.546875,117769.7265625,9851.5517578125,5,"C36H73NS2;C36H73NS2;C36H73NS2","-0.00819220039880318;-0.00819220039880318;-0.00819220039880318","-4.43104205165869;-4.43104205165869;-4.43104205165869","-5.4392342520575;-5.4392342520575;-5.4392342520575","CCCCCCCCCCCCCCCCCCNC(=S)CCCCCCCCCCC(S)CCCCCC;CCCCCCCCCCCCCCCCN(C)C.CCCCCCCC\C=C/CCCCCCCC(S)=S;CCCCCCCCCCCCCCCCCCN.CCCCCCCC\C=C/CCCCCCCC(S)=S","24816;37253;45001","[M-H]-;[M-H]-;[M-H]-","0","0;0;0","1;1;1","0;0;0",0,"-4.4392342520575;-4.4392342520575;-4.4392342520575"
583.32822672526,6.3646,5404.552734375,100,7800768.5,1792970.625,581948.375,2577457.5,3624565.25,2715374.75,1043363.3125,3,"0","0","0","0","0","0","0","0","0","0","0",0,"0"
583.328063964844,6.36363333333333,100,100,100,100,100,100,1004735.5625,568686.125,75623.5234375,7,"0","0","0","0","0","0","0","0","0","0","0",0,"0"
583.328063964844,6.36363333333333,100,100,100,100,100,100,1004735.5625,568686.125,224137.21875,7,"0","0","0","0","0","0","0","0","0","0","0",0,"0"
584.331237792969,6.36363333333333,100,100,100,100,100,100,309779.4375,29863.599609375,67140.2890625,7,"0","0","0","0","0","0","0","0","0","0","0",0,"0"
584.331237792969,6.36363333333333,100,100,23112.103515625,100,100,100,309779.4375,167626.1875,67140.2890625,7,"0","0","0","0","0","0","0","0","0","0","0",0,"0"
584.489522298177,11.66345,100,100,5496.6826171875,10350.3359375,100,100,264473.25,13634.2509765625,73021.234375,7,"0","0","0","0","0","0","0","0","0","0","0",0,"0"
584.489522298177,11.66345,100,100,5496.6826171875,10350.3359375,100,100,264473.25,214478.546875,73021.234375,7,"0","0","0","0","0","0","0","0","0","0","0",0,"0"
585.290059407552,5.10466666666667,131309.390625,169119.0625,501346.4375,111726.921875,115110.953125,113732.265625,156384.671875,109511.421875,141768.953125,3,"0","0","0","0","0","0","0","0","0","0","0",0,"0"
585.343933105469,6.33525,20770.380859375,3498.19775390625,33556192,19260906,5176250.5,28583554,8162026.5,4292515.5,1715704.875,3,"0","0","0","0","0","0","0","0","0","0","0",0,"0"
586.293599446615,5.07583333333333,48693.078125,59791.93359375,209831.75,40657.8359375,46374.671875,46635.7578125,49494.33203125,40703.390625,37342.0703125,3,"0","0","0","0","0","0","0","0","0","0","0",0,"0"
586.293599446615,5.07583333333333,48693.078125,59791.93359375,209831.75,40657.8359375,46374.671875,46635.7578125,49494.33203125,40703.390625,37342.0703125,3,"0","0","0","0","0","0","0","0","0","0","0",0,"0"
585.34375,6.33525,8152.87890625,100,12504683,7189062,1932846.875,10581920,3237540,1649718,639360.875,3,"0","0","0","0","0","0","0","0","0","0","0",0,"0"
586.357401529948,5.71891666666667,100,164008.53125,234674.109375,24976.845703125,100,100,74047.0390625,25507.71484375,11099.23046875,3,"C28H60NS4","-0.549607882090694","-3.82270889330372","-4.37231677539441","CCCCCCCCCCCCCCCCCCC[N+](C)(CCSCCS)CCSCCS","21905","[M+CH2O2-H]-","0","0","0","0",0,"-4.37231677539441"
586.347473144531,6.33525,173109.953125,59490.33203125,419542.78125,237201.828125,48073.8671875,100,37913.9609375,47419.31640625,15195.037109375,3,"0","0","0","0","0","0","0","0","0","0","0",0,"0"
586.347473144531,6.33525,173109.953125,59490.33203125,419542.78125,237201.828125,48073.8671875,100,37913.9609375,47419.31640625,15195.037109375,3,"0","0","0","0","0","0","0","0","0","0","0",0,"0"
588.352498372396,6.33525,57247.140625,25393.951171875,150074.03125,61712.6171875,21959.673828125,100,14007.9990234375,15073.91015625,100,3,"C30H59N3S4","-4.60517018598809","-1.95680274323937","-6.56197292922746","CCCCCCCC/C=C/CCCCCCCC1=NCCN1CCN(CCSCCS)CCSCCS","27842","[M-H]-","0","0","1","0",0,"0"
588.476603190104,7.56555,100,100,100,100,48327.41015625,100,100,101300.3671875,100,8,"0","0","0","0","0","0","0","0","0","0","0",0,"0"
586.851318359375,7.30108333333333,100,100,100,100,100,100,83351.1484375,117148.515625,25985.306640625,8,"0","0","0","0","0","0","0","0","0","0","0",0,"0"
589.344523111979,5.5729,100,100,166797.640625,5121.10205078125,100,100,100,7977.8017578125,100,3,"C30H55ClN2S2;C30H55ClN2S2","-0.541155032337008;-0.541155032337008","0.00995033085316809;-4.50846766112552","-0.53120470148384;-5.04962269346253","[Cl-].CCCCCCCCCC(S)CCCCCCCC(=S)NCCC[N+](C)(C)Cc1ccccc1;[Cl-].CCCCCCCCCC(S)CCCCCCCC(=S)NCCC[N+](C)(C)Cc1ccccc1","37188;37188","[M+CH2O2-H]-;[M+CH2O2-H]-","0","0;0","0;0","0",0,"-0.53120470148384;-5.04962269346253"
590.301452636719,5.71891666666667,100,74122.6875,115066.875,8194.35546875,100,100,42342.98828125,18979.693359375,100,3,"0","0","0","0","0","0","0","0","0","0","0",0,"0"
588.84912109375,7.32361666666667,100,100,100,100,100,100,124412.1328125,79745.7109375,25900.111328125,7,"0","0","0","0","0","0","0","0","0","0","0",0,"0"
591.339274088542,5.5729,50952.23828125,21919.720703125,514893.1875,20259.291015625,14548.923828125,19531.947265625,48450.5078125,29722.216796875,20406.8515625,3,"C30H58S4S;C30H58S4;C30H58S4;C30H58S4","-0.0116311153348952;-0.0116311153348952;-0.0116311153348952;-0.0116311153348952","-4.55171221316923;-4.55171221316923;-4.55171221316923;-4.55171221316923","-4.56334332850412;-4.56334332850412;-4.56334332850412;-4.56334332850412","CCCCCCCCCCCCSC(=S)CCSCCC(=S)SCCCCCCCCCCCC;CCCCCCCCCCSC(=S)CCCCCCCCC(=S)SCCCCCCCCCC;CCCCCCCCCCCCSC(=S)CCCCC(=S)SCCCCCCCCCCCC;CC(C)CCCCCCCSC(=S)CCCCCCCCC(=S)SCCCCCCCC(C)C","3470;8627;9716;18744","[M+CH2O2-H]-;[M+CH2O2-H]-;[M+CH2O2-H]-;[M+CH2O2-H]-","0","0;0;0;0","0;0;0;0","0",0,"-4.56334332850412;-4.56334332850412;-4.56334332850412;-4.56334332850412"
592.342976888021,5.54398333333333,6712.330078125,100,194953.671875,5519.9912109375,100,100,100,4974.36328125,100,3,"C30H58S4S;C30H58S4;C30H58S4;C30H58S4","-0.0227418335515812;-0.0227418335515812;-0.0227418335515812;-0.0227418335515812","-3.11619717879937;-3.11619717879937;-3.11619717879937;-3.11619717879937","-3.13893901235095;-3.13893901235095;-3.13893901235095;-3.13893901235095","CCCCCCCCCCCCSC(=S)CCSCCC(=S)SCCCCCCCCCCCC;CCCCCCCCCCSC(=S)CCCCCCCCC(=S)SCCCCCCCCCC;CCCCCCCCCCCCSC(=S)CCCCC(=S)SCCCCCCCCCCCC;CC(C)CCCCCCCSC(=S)CCCCCCCCC(=S)SCCCCCCCC(C)C","45011;3470;8627;9716","[M+CH2O2-H]-;[M+CH2O2-H]-;[M+CH2O2-H]-;[M+CH2O2-H]-","0","0;0;0;0","0;0;0;0","0",0,"-3.13893901235095;-3.13893901235095;-3.13893901235095;-3.13893901235095"
597.292785644531,6.63465,31476.82421875,28963.572265625,53993.73828125,24242.09765625,24813.125,21486.818359375,103942.3984375,24655.56640625,25963.70703125,7,"C31H52S4;C31H52S4","-0.016654033768836;-0.016654033768836","-2.23794780883474;-2.23794780883474","-3.25460184260357;-3.25460184260357","CSCCSC(=S)S[C@H]1CC[C@]2(C)[C@@H]3CC[C@]4(C)[C@@H](CC[C@H]4[C@H]3CC=C2C1)[C@H](C)CCCC(C)C;CCCCCCCCCCCCCSC(=S)c1ccccc1C(=S)SCCCCCCCC(C)C","19047;31402","[M+CH2O2-H]-;[M+CH2O2-H]-","0","0;0","0;0","0;0",0,"-3.25460184260357;-3.25460184260357"
598.505432128906,7.56555,100,100,100,6304.74072265625,182718.828125,100,100,283389.4375,100,8,"0","0","0","0","0","0","0","0","0","0","0",0,"0"
598.505635579427,10.68615,100,12749.703125,100,4446.150390625,100,3763.81469726562,100,106550.8984375,100,8,"0","0","0","0","0","0","0","0","0","0","0",0,"0"
599.3056640625,5.7017,99905.9140625,64711.625,87536.03125,80591.921875,69660.640625,74033.8671875,71294.8515625,78309.6015625,104193.3046875,9,"0","0","0","0","0","0","0","0","0","0","0",0,"0"
599.305745442708,5.651,99905.9140625,64711.625,87536.03125,80591.921875,69660.640625,60532.61328125,121327.8671875,78309.6015625,104193.3046875,7,"0","0","0","0","0","0","0","0","0","0","0",0,"0"
599.305745442708,5.651,99905.9140625,63711.859375,98237.09375,80591.921875,69660.640625,74033.8671875,121327.8671875,78309.6015625,104193.3046875,7,"0","0","0","0","0","0","0","0","0","0","0",0,"0"
601.362976074219,9.89798333333333,361364.46875,167744.109375,627432.125,416465.28125,117094.1328125,44312.13671875,592496.75,293384.5,168339.65625,3,"0","0","0","0","0","0","0","0","0","0","0",0,"0"
601.432291666667,9.63983333333333,100,100,100,100,100,100,51245.55859375,121945.359375,60504.5234375,8,"0","0","0","0","0","0","0","0","0","0","0",0,"0"
601.362915039062,8.97613333333333,117589.890625,69518.5078125,193699.53125,132929.546875,41215.21484375,16683.4921875,201247.5625,97002.84375,64219.0859375,7,"0","0","0","0","0","0","0","0","0","0","0",0,"0"
603.447937011719,10.7159666666667,100,100,100,100,100,100,206608.234375,330993.59375,169972.953125,8,"0","0","0","0","0","0","0","0","0","0","0",0,"0"
604.392557779948,5.10466666666667,27149.732421875,27039.03125,108333.796875,30947.126953125,26139.833984375,29211.869140625,23841.978515625,21196.7421875,32733.11328125,3,"0","0","0","0","0","0","0","0","0","0","0",0,"0"
604.451354980469,10.7159666666667,100,100,100,100,100,100,71876.375,119038.5,69745.6796875,8,"0","0","0","0","0","0","0","0","0","0","0",0,"0"
609.34765625,6.21753333333333,8060.54638671875,8619.94921875,148136.859375,14303.587890625,4224.005859375,100,67513.6796875,86742.5078125,22614.05078125,3,"0","0","0","0","0","0","0","0","0","0","0",0,"0"
609.34765625,6.21753333333333,100,33657.30078125,148136.859375,100,100,100,100,100,19523.271484375,3,"0","0","0","0","0","0","0","0","0","0","0",0,"0"
611.364969889323,5.947,100,100,100,100,100,100,248331.5,135989.34375,29731.802734375,7,"0","0","0","0","0","0","0","0","0","0","0",0,"0"
611.46836344401,10.8504666666667,100,152476.375,26335.15625,27932.083984375,6366.7783203125,57191.875,9933.2197265625,29233.654296875,23952.134765625,2,"0","0","0","0","0","0","0","0","0","0","0",0,"0"
613.321309407552,5.54398333333333,37961.61328125,15529.26171875,593892.75,33004.15234375,12905.7626953125,7407.10693359375,31813.3671875,21020.78125,17440.306640625,3,"0","0","0","0","0","0","0","0","0","0","0",0,"0"
613.321309407552,5.54398333333333,99859.1484375,48780.515625,593892.75,33004.15234375,44383.2578125,45268.37109375,82922.4140625,57914.7578125,43528.81640625,3,"0","0","0","0","0","0","0","0","0","0","0",0,"0"
614.325276692708,5.54398333333333,23212.771484375,11511.888671875,184930.984375,19031.314453125,7337.59765625,7863.28759765625,23602.837890625,13202.03125,12762.4765625,3,"0","0","0","0","0","0","0","0","0","0","0",0,"0"
614.50048828125,9.84756666666667,100,3645.7099609375,100,100,100,100,122649.1015625,123748.203125,44382.3203125,8,"C35H71NS2","-0.106031395790351","0.00995033085316809","-0.0960810649371834","CCCCCCCCCCCCCCCCCC(S)=S.CCCCCCCCCCCCN1CCCCC1","24358","[M+CH2O2-H]-","0","0","0","0",0,"-0.0960810649371834"
615.378926595052,10.9750666666667,738112.1875,315124.0625,3138721,493754.09375,125961.984375,100,126291.8671875,347249.8125,142961.796875,3,"0","0","0","0","0","0","0","0","0","0","0",0,"0"
615.397054036458,6.89816666666667,4145.998046875,100,155565.53125,100,100,100,100,100,100,3,"0","0","0","0","0","0","0","0","0","0","0",0,"0"
615.37890625,10.9750666666667,253355.703125,103278.34375,1023033.4375,156973.5,50912.89453125,100,51047.34375,123595.0078125,57674.8046875,3,"0","0","0","0","0","0","0","0","0","0","0",0,"0"
617.357828776042,6.75541666666667,126108.0234375,111309.890625,299213.15625,117168.640625,105486.6796875,101443.4296875,415084.09375,106004.15625,96674.34375,7,"0","0","0","0","0","0","0","0","0","0","0",0,"0"
617.463684082031,11.5244166666667,100,100,100,100,100,100,78049.6328125,238112.75,68926.8046875,8,"0","0","0","0","0","0","0","0","0","0","0",0,"0"
618.361307779948,6.75541666666667,46509.61328125,39752.5625,108052.0234375,36382.1484375,35686.59765625,35238.51171875,119533.8828125,35986.125,28244.828125,7,"0","0","0","0","0","0","0","0","0","0","0",0,"0"
619.370727539062,6.24691666666667,20559.41015625,10452.8828125,213187.109375,15223.5029296875,6762.017578125,5152.775390625,46754.26953125,66256.2265625,23068.5,3,"C32H62S4;C32H62S4;C32H62S4","-0.191563571391785;-0.191563571391785;-0.191563571391785","-4.07612061773966;-4.07612061773966;-4.07612061773966","-4.26768418913144;-4.26768418913144;-4.26768418913144","CCCCCCCCCCCCCSC(=S)CCCCC(=S)SCCCCCCCCCCCCC;CC(C)CCCCCCCCCCSC(=S)CCCCC(=S)SCCCCCCCCCCC(C)C;CCCCCCCCCCCCCC(=S)SCCCCSC(=S)CCCCCCCCCCCCC","15167;16695;17971","[M+CH2O2-H]-;[M+CH2O2-H]-;[M+CH2O2-H]-","0","0;0;0","0;0;0","0",0,"-4.26768418913144;-4.26768418913144;-4.26768418913144"
621.272867838542,5.16276666666667,222559.234375,212926.484375,255542.34375,222554.796875,207601.109375,213788.609375,145916.84375,153711.078125,215809.90625,3,"C36H32N8;C36H32N8","-0.0727898641778945;-0.0727898641778945","0.00995033085316809;0.00995033085316809","-0.0628395333247264;-0.0628395333247264","CCNc1ccc(N=Nc2ccc(cc2)N=Nc3ccc(cc3)N=Nc4ccc(NCC)c5ccccc45)c6ccccc16;CN(C)c1ccc(N=Nc2ccc(cc2)N=Nc3ccc(cc3)N=Nc4ccc(N(C)C)c5ccccc45)c6ccccc16","33799;35979","[M+CH2O2-H]-;[M+CH2O2-H]-","0","0;0","0;0","0",0,"-0.0628395333247264;-0.0628395333247264"
619.355346679688,5.71891666666667,6106.9208984375,5768.2607421875,102640.5,7219.5107421875,6840.81201171875,100,31204.837890625,18360.341796875,9716.529296875,3,"0","0","0","0","0","0","0","0","0","0","0",0,"0"
621.437683105469,9.89246666666667,370841.46875,846617.5625,644737.8125,1316913.625,462924.34375,1133627.875,957650.3125,879593.75,250243.078125,4,"0","0","0","0","0","0","0","0","0","0","0",0,"0"
622.440877278646,9.89246666666667,167567.125,320049.53125,226643.984375,510591.46875,190080.953125,477505.59375,369251.5,348189.59375,88936.953125,4,"0","0","0","0","0","0","0","0","0","0","0",0,"0"
623.28993733724,4.38923333333333,100,100,100,100,100,100,135250.390625,119878.1171875,42477.0859375,7,"0","0","0","0","0","0","0","0","0","0","0",0,"0"
623.3447265625,5.51468333333333,66732.7109375,24834.404296875,408446.59375,39783.91796875,21750.177734375,40100.06640625,53737.23046875,40683.9375,39823.48828125,3,"C45H48;C45H48;C36H59S2PS2","-0.077891799891189;-0.077891799891189;-0.562450614790235","0.00995033085316809;0.00995033085316809;0.00995033085316809","-0.0679414690380209;-0.0679414690380209;-0.552500283937067","CC(=C)c1ccccc1.Cc2ccccc2C=C.C=Cc3ccccc3.C4C=CC5C6CC(C=C6)C45.C7C=Cc8ccccc78;CC(=C)c1ccccc1.Cc2ccccc2C=C.C=Cc3ccccc3.C4C=CC5C6CC(C=C6)C45.C7C=Cc8ccccc78;CCCCCCCCCCCCc1ccc(S[P](S)(=S)Sc2ccc(CCCCCCCCCCCC)cc2)cc1","25212;27847;14823","[M+Cl]-;[M+Cl]-;[M+Cl]-","0","-0.5;-0.5;-0.5","0;0;0","0",0,"0;0;0"
623.416524251302,7.27706666666667,20271.728515625,58360.69921875,54048.92578125,84599.28125,25895.6640625,116781.484375,103208.109375,75141.0390625,17929.7265625,6,"0","0","0","0","0","0","0","0","0","0","0",0,"0"
623.443766276042,9.89246666666667,35278.87890625,80903.8125,56573.70703125,120229.21875,46844.3515625,108593.4921875,93453.71875,85095.8046875,29508.375,4,"0","0","0","0","0","0","0","0","0","0","0",0,"0"
624.348083496094,5.51468333333333,23621.73828125,12368.369140625,150915.984375,9846.9794921875,12035.3349609375,13739.05859375,25606.236328125,18909.19140625,11692.279296875,3,"C45H48;C45H48","-0.166836305497272;-0.166836305497272","0.00995033085316809;0.00995033085316809","-0.156885974644104;-0.156885974644104","CC(=C)c1ccccc1.Cc2ccccc2C=C.C=Cc3ccccc3.C4C=CC5C6CC(C=C6)C45.C7C=Cc8ccccc78;CC(=C)c1ccccc1.Cc2ccccc2C=C.C=Cc3ccccc3.C4C=CC5C6CC(C=C6)C45.C7C=Cc8ccccc78","25212;27847","[M+Cl]-;[M+Cl]-","0","-0.5;-0.5","0;0","0",0,"0;0"
624.568603515625,8.37771666666667,100,100,251388.1875,5189.9140625,100,100,100,4833.7255859375,100,3,"0","0","0","0","0","0","0","0","0","0","0",0,"0"
625.552897135417,11.1806166666667,100,3673.521484375,24010.734375,1699545.75,1306870,16606.720703125,13305.060546875,853482.125,8600.0625,4,"0","0","0","0","0","0","0","0","0","0","0",0,"0"
626.55615234375,11.0909333333333,100,100,8579.9296875,688661.8125,544575.1875,7606.2294921875,10651.0234375,337719.375,100,4,"0","0","0","0","0","0","0","0","0","0","0",0,"0"
627.411600748698,7.9129,100,11339.8603515625,100,100,3523.5068359375,100,127633.3359375,73978.3203125,15342.1494140625,7,"0","0","0","0","0","0","0","0","0","0","0",0,"0"
627.559265136719,11.0909333333333,100,100,100,154834.515625,123207.40625,100,100,78785.46875,100,4,"0","0","0","0","0","0","0","0","0","0","0",0,"0"
629.39414469401,11.66345,25868.056640625,8901.3974609375,13689.775390625,9882.6123046875,100,100,145315.421875,51506.5390625,17527.560546875,7,"0","0","0","0","0","0","0","0","0","0","0",0,"0"
629.463623046875,10.8960666666667,4257.76416015625,100,100,100,100,100,207423.8125,404548.8125,184953.78125,8,"0","0","0","0","0","0","0","0","0","0","0",0,"0"
630.467081705729,10.8960666666667,100,100,100,100,100,100,83879.296875,159082.5,86769.625,8,"0","0","0","0","0","0","0","0","0","0","0",0,"0"
631.373352050781,8.01868333333333,115214.2578125,35661.87109375,49535.31640625,118329.109375,26310.544921875,100,18223.556640625,16388.662109375,100,4,"0","0","0","0","0","0","0","0","0","0","0",0,"0"
631.373474121094,7.75285,115214.2578125,35661.87109375,165135.703125,118329.109375,26310.544921875,100,18664.205078125,16388.662109375,8606.2998046875,3,"0","0","0","0","0","0","0","0","0","0","0",0,"0"
631.479288736979,7.30533333333333,100,100,100,100,242918.15625,100,100,145898.234375,100,5,"0","0","0","0","0","0","0","0","0","0","0",0,"0"
632.423645019531,5.13388333333333,109506.8515625,111805.015625,386178.40625,100779.546875,79144.4375,104331.03125,83619.734375,59889.3828125,98538.9140625,3,"0","0","0","0","0","0","0","0","0","0","0",0,"0"
632.482889811198,7.24551666666667,100,100,100,100,103638.1875,100,100,58739.67578125,100,5,"0","0","0","0","0","0","0","0","0","0","0",0,"0"
633.426411946615,5.10466666666667,45951.67578125,39042.54296875,143602.265625,36864.40625,31647.193359375,28755.595703125,32658.1640625,20315.806640625,38086.26171875,3,"0","0","0","0","0","0","0","0","0","0","0",0,"0"
637.360127766927,5.98313333333333,9310.404296875,4655.4794921875,107628.8671875,5074.6552734375,6326.22216796875,4526.88623046875,14273.6328125,5583.14453125,5993.73095703125,3,"0","0","0","0","0","0","0","0","0","0","0",0,"0"
637.379069010417,6.92755,100,100,190527.90625,100,100,100,100,100,100,3,"0","0","0","0","0","0","0","0","0","0","0",0,"0"
637.43251546224,7.66575,267462.5625,812182.125,510365.90625,1204311,384201.84375,1247592.25,809506.125,627146.4375,290376.21875,6,"0","0","0","0","0","0","0","0","0","0","0",0,"0"
637.432495117188,7.66261666666667,92628.0625,314472.09375,210421.9375,480690.15625,152889.21875,480114.375,327624.28125,254511.859375,111323.5234375,4,"0","0","0","0","0","0","0","0","0","0","0",0,"0"
641.352722167969,6.24691666666667,32630.1796875,18363.6484375,172867.859375,25482.080078125,10953.685546875,13459.5810546875,77152.2421875,87990.4296875,41826.546875,3,"0","0","0","0","0","0","0","0","0","0","0",0,"0"
641.426676432292,8.02985,100,100,100,100,100,100,103321.7890625,42290.625,20843.140625,7,"C36H66S3","-0.56567924004085","0.00995033085316809","-0.555728909187682","CCCCCCCC\C=C/CCCCCCCC(=S)SC(=S)CCCCCCC\C=C/CCCCCCCC","17101","[M+CH2O2-H]-","0","0","0","0",0,"-0.555728909187682"
642.543131510417,11.1806166666667,100,100,4373.81591796875,154655.515625,121043.1953125,100,100,78709.4921875,100,4,"0","0","0","0","0","0","0","0","0","0","0",0,"0"
641.337280273438,5.71891666666667,17447.427734375,16485.634765625,154963.78125,22779.048828125,17719.685546875,11999.2470703125,82015.328125,54790.58203125,24440.6484375,3,"C37H58N2S4;C34H58S4;C34H58S4","-0.626751318145207;-0.626751318145207;NA","0.00995033085316809;-4.5491803858169;-4.5491803858169","-1.61680098729204;-6.17593170396211;-6.17593170396211","CC(C)(C)c1cc(CCC(=S)NCCCNC(=S)CCc2cc(c(S)c(c2)C(C)(C)C)C(C)(C)C)cc(c1S)C(C)(C)C;CCCCCCCCCCCCCSC(=S)c1ccccc1C(=S)SCCCCCCCCCCCCC;CC(C)CCCCCCCCCCSC(=S)c1ccccc1C(=S)SCCCCCCCCCCC(C)C","36529;3301;29006","[M-H-H2O]-;[M+CH2O2-H]-;[M+CH2O2-H]-","0","0;0;0","0;0;0","0;0;0",0,"-1.61680098729204;-6.17593170396211;-6.17593170396211"
643.479187011719,11.7329333333333,100,100,100,100,100,100,33429.36328125,101025.0078125,27990.298828125,8,"0","0","0","0","0","0","0","0","0","0","0",0,"0"
645.326985677083,5.51468333333333,65535.609375,25907.267578125,263083.0625,36701.015625,26191.37109375,48536.171875,106669.03125,54147.19140625,41693.90234375,3,"0","0","0","0","0","0","0","0","0","0","0",0,"0"
645.389221191406,9.95738333333333,206321.0625,80148.1875,443143.40625,228902.71875,79520.9921875,13763.248046875,329934.6875,150318.71875,71492.359375,3,"0","0","0","0","0","0","0","0","0","0","0",0,"0"
645.494771321615,9.32771666666667,100,100,100,100,140958.046875,100,100,41329.73828125,100,5,"0","0","0","0","0","0","0","0","0","0","0",0,"0"
646.33017985026,5.51468333333333,23792.669921875,14050.3837890625,129159.65625,12238.1689453125,12300.119140625,22265.7734375,34169.90234375,21586.76953125,16399.314453125,3,"0","0","0","0","0","0","0","0","0","0","0",0,"0"
645.389282226562,9.95738333333333,84308.8828125,40098.87109375,162600.421875,79510.1328125,33202.19140625,6873.70556640625,116104.6796875,61655.01953125,34935.3359375,3,"0","0","0","0","0","0","0","0","0","0","0",0,"0"
647.401916503906,6.98638333333333,15478.216796875,100,118797.5859375,100,100,100,100,7835.94287109375,100,3,"C34H66S4S;C34H66S4;C34H66S4","-0.0821858241706681;-0.0821858241706681;-0.0821858241706681","-4.31400751393347;-4.31400751393347;-4.31400751393347","-4.39619333810414;-4.39619333810414;-4.39619333810414","CCCCCCCCCCCCCCSC(=S)CCSCCC(=S)SCCCCCCCCCCCCCC;CCCCCCCCCCCCCCSC(=S)CCCCC(=S)SCCCCCCCCCCCCCC;CCCCC[C@@H](CCCSC(=S)CCCCC(=S)SCCCC[C@H](CCCC)CCC(C)C)C[C@H](C)CC","14361;18171;32900","[M+CH2O2-H]-;[M+CH2O2-H]-;[M+CH2O2-H]-","0","0;0;0","0;0;0","0",0,"-4.39619333810414;-4.39619333810414;-4.39619333810414"
651.376180013021,6.09988333333333,14390.9326171875,18957.91796875,138852.4375,14894.279296875,13528.3720703125,19613.71875,12273.3505859375,46138.0546875,19943.712890625,3,"0","0","0","0","0","0","0","0","0","0","0",0,"0"
651.376180013021,6.09988333333333,53075.57421875,18957.91796875,883635.125,14894.279296875,13528.3720703125,19613.71875,75353.03125,46138.0546875,19943.712890625,3,"0","0","0","0","0","0","0","0","0","0","0",0,"0"
652.379435221354,6.09988333333333,23572.548828125,10218.1435546875,359591.375,9657.8701171875,7089.5498046875,7653.0322265625,30687.54296875,20953.111328125,8092.58935546875,3,"0","0","0","0","0","0","0","0","0","0","0",0,"0"
652.600036621094,7.89076666666667,100,100,100,100,41491.40625,100,100,104142.0703125,100,8,"0","0","0","0","0","0","0","0","0","0","0",0,"0"
653.210367838542,5.13388333333333,60937.84765625,59466.44921875,121080.609375,61993.9375,69552.078125,60074.87109375,44498.30078125,49944.2109375,58603.37109375,3,"0","0","0","0","0","0","0","0","0","0","0",0,"0"
653.279154459635,5.16276666666667,37376.9609375,39502.02734375,101253.609375,31707.125,28927.07421875,33419.19921875,34052.6640625,26436.2734375,41444.80859375,3,"0","0","0","0","0","0","0","0","0","0","0",0,"0"
653.279154459635,5.16276666666667,37376.9609375,39502.02734375,101253.609375,31707.125,28927.07421875,33419.19921875,34052.6640625,26436.2734375,41444.80859375,3,"0","0","0","0","0","0","0","0","0","0","0",0,"0"
653.584411621094,11.6467333333333,100,100,100,17504.181640625,610528,1234109.5,17980.74609375,10561.6005859375,1386270.375,9,"0","0","0","0","0","0","0","0","0","0","0",0,"0"
653.584411621094,11.6467333333333,100,100,100,17504.181640625,610528,1234109.5,17980.74609375,10561.6005859375,1386270.375,9,"0","0","0","0","0","0","0","0","0","0","0",0,"0"
654.215067545573,4.8405,31683.09765625,23452.638671875,41433.37890625,128425.0859375,25308.78515625,25724.271484375,18024.705078125,20194.12109375,33079.90625,4,"0","0","0","0","0","0","0","0","0","0","0",0,"0"
654.587666829427,11.6467333333333,100,100,100,7136.7705078125,263364.875,539059.9375,7176.04443359375,4945.35595703125,589808.5625,9,"0","0","0","0","0","0","0","0","0","0","0",0,"0"
655.442891438802,8.17765,4033.35278320312,5559.81103515625,100,100,100,100,194200.484375,160099.21875,59343.03515625,7,"0","0","0","0","0","0","0","0","0","0","0",0,"0"
655.479248046875,10.8660833333333,100,100,100,100,100,100,63291.890625,125068.453125,54961.0078125,8,"0","0","0","0","0","0","0","0","0","0","0",0,"0"
655.590759277344,11.6467333333333,100,100,100,100,52492.76953125,142865.765625,100,100,150142.546875,9,"0","0","0","0","0","0","0","0","0","0","0",0,"0"
657.495056152344,7.84313333333333,100,100,100,100,172258.640625,100,100,126412.4609375,100,5,"0","0","0","0","0","0","0","0","0","0","0",0,"0"
659.405110677083,11.1250333333333,290635.15625,201002.34375,1653208.25,236814.03125,63947.65234375,100,67021.59375,203731.453125,89267.2109375,3,"0","0","0","0","0","0","0","0","0","0","0",0,"0"
659.510823567708,11.0007166666667,100,100,100,100,438036.9375,100,100,235522.421875,100,5,"0","0","0","0","0","0","0","0","0","0","0",0,"0"
660.408386230469,11.0350166666667,108359.0859375,59212.4296875,581378.25,83026.9296875,22120.115234375,100,23504.431640625,85608.265625,30198.927734375,3,"0","0","0","0","0","0","0","0","0","0","0",0,"0"
660.514099121094,11.0007166666667,100,100,100,100,117725.28125,100,100,30800.5859375,100,5,"0","0","0","0","0","0","0","0","0","0","0",0,"0"
660.514099121094,11.0007166666667,100,100,100,100,190096.90625,100,100,96046.1875,100,5,"0","0","0","0","0","0","0","0","0","0","0",0,"0"
661.384297688802,6.81631666666667,75854.3671875,75608.15625,136224.75,79029.0703125,71670.4296875,65017.83984375,204071.046875,68643.3828125,73274.4765625,7,"0","0","0","0","0","0","0","0","0","0","0",0,"0"
661.384297688802,6.81631666666667,75854.3671875,75608.15625,136224.75,79029.0703125,71670.4296875,65017.83984375,204071.046875,68643.3828125,73274.4765625,7,"0","0","0","0","0","0","0","0","0","0","0",0,"0"
669.458679199219,8.35526666666667,100,12662.4326171875,100,100,7071.32861328125,5638.17724609375,730850.875,295956.0625,116898.390625,7,"0","0","0","0","0","0","0","0","0","0","0",0,"0"
670.57460530599,11.6467333333333,100,100,100,100,46807.0234375,99962.0703125,100,100,116217.546875,9,"C42H87BS3;C40H79N3S","-0.654187732689331;NA","0.00995033085316809;-3.94402536719155","-0.644237401836163;-4.59821309988088","CCCCCCCCCCCCCCSB(SCCCCCCCCCCCCCC)SCCCCCCCCCCCCCC;CCCCCCCCCCCCCCCCCC(=S)NCCN1CCN=C1CCCCCCCCCCCCCCCCC","16637;16746","[M-H-H2O]-;[M+Cl]-","0","0;-0.5","0;0","0",0,"-0.644237401836163;0"
673.357991536458,6.09988333333333,13947.640625,8845.263671875,107695.421875,31292.142578125,14322.10546875,28467.369140625,77807.3984375,54262.2265625,20843.578125,3,"0","0","0","0","0","0","0","0","0","0","0",0,"0"
673.357991536458,6.09988333333333,60930.765625,24347.109375,412418.3125,8508.9404296875,14322.10546875,28467.369140625,77807.3984375,54262.2265625,20843.578125,3,"0","0","0","0","0","0","0","0","0","0","0",0,"0"
674.361409505208,6.09988333333333,27491.224609375,9871.6357421875,184688.828125,10790.931640625,4722.51953125,10092.2734375,37255.65234375,21100.56640625,9524.267578125,3,"0","0","0","0","0","0","0","0","0","0","0",0,"0"
674.361409505208,6.09988333333333,4776.712890625,9871.6357421875,184688.828125,10790.931640625,4722.51953125,10092.2734375,37255.65234375,21100.56640625,9524.267578125,3,"0","0","0","0","0","0","0","0","0","0","0",0,"0"
681.615397135417,11.0155666666667,190850.171875,4281.9189453125,100,100,4805.15283203125,100,10288.916015625,227720.796875,4160.400390625,8,"0","0","0","0","0","0","0","0","0","0","0",0,"0"
682.493448893229,5.66046666666667,100,100,192373.21875,20752.361328125,100,100,8916.982421875,14212.0078125,6814.29736328125,3,"0","0","0","0","0","0","0","0","0","0","0",0,"0"
682.61875406901,11.0155666666667,85118.296875,100,100,100,100,100,100,107066.21875,100,8,"0","0","0","0","0","0","0","0","0","0","0",0,"0"
682.61875406901,11.0155666666667,85118.296875,100,100,100,100,100,100,107066.21875,100,8,"0","0","0","0","0","0","0","0","0","0","0",0,"0"
685.526346842448,10.8812666666667,100,100,100,100,258033.03125,100,100,127564.0390625,4842.66943359375,5,"0","0","0","0","0","0","0","0","0","0","0",0,"0"
686.529703776042,10.8812666666667,100,100,100,100,129934.8125,100,100,58682.53125,3665.51440429688,5,"0","0","0","0","0","0","0","0","0","0","0",0,"0"
687.542032877604,11.2580333333333,100,100,100,100,50364.6875,100,100,100,122246.1953125,9,"0","0","0","0","0","0","0","0","0","0","0",0,"0"
689.415283203125,10.0165666666667,92634.390625,59464.42578125,404711.5625,104686.0390625,38769.56640625,100,233280.546875,86794.34375,42902.39453125,3,"0","0","0","0","0","0","0","0","0","0","0",0,"0"
690.418599446615,10.0165666666667,38248.46484375,26059.685546875,163745.34375,41678.1171875,14570.08203125,100,85986.1484375,38145.265625,10835.3544921875,3,"0","0","0","0","0","0","0","0","0","0","0",0,"0"
696.509399414062,5.60208333333333,100,100,1127856.25,11185.7587890625,100,100,100,100,100,3,"C13H4Br4Cl6","-4.19882167674275","0.00995033085316809","-5.09363325065149","ClC1=C(Cl)C2(Cl)C(CC1(Cl)C2(Cl)Cl)c3cc(Br)c(Br)c(Br)c3Br","21129","[M]-",";0","0","0.5","0",0,"0"
