mz,rt,X700_900_Pos_jgu1.mzXML,X700_900_Pos_jgu2.mzXML,X700_900_Pos_jgw1.mzXML,X700_900_Pos_jgw2.mzXML,X700_900_Pos_nju1.mzXML,X700_900_Pos_nju2.mzXML,X700_900_Pos_njw1.mzXML,X700_900_Pos_njw2.mzXML,X700_900_Pos_oju2.mzXML,X700_900_Pos_ojw1.mzXML,formula.pred,SMILES,allscore
703.0145467,10.38516667,416463.6035,485316.2285,856598.541,681538.2285,100,100,100,100,100,100,C26H28BrIN2O2S2,[I-].CCN1C(Sc2cc(C)c(C)cc12)=CC(CC)=Cc3sc4ccc(Br)cc4[n+]3CCC(O)=O,-5.357282521
705.9933065,10.50183333,8971123.088,10383816.09,13172824.09,7785119.088,100,100,100,100,100,32350.16602,C36H18Br2O4,COc1cc2c3ccccc3C(=O)c4cc(Br)c5c6ccc7C(=O)c8ccccc8c9c(Br)c(OC)c(c1c5c24)c6c79,0
705.9933065,10.50183333,8971123.088,10383816.09,13172824.09,7785119.088,100,100,100,100,100,32350.16602,C21H22N4O14S4,CN(c1ccc(N\N=C/2C(=O)c3c(NC(C)=O)cc(cc3C=C2[S](O)(=O)=O)[S](O)(=O)=O)cc1)[S](=O)(=O)CCO[S](O)(=O)=O,0
705.9933065,10.50183333,8971123.088,10383816.09,13172824.09,7785119.088,100,100,100,100,100,32350.16602,C24H21N3O14S4,CC(=O)Nc1ccc2C(=O)C(=N/Nc3ccc4cc(ccc4c3[S](O)(=O)=O)[S](=O)(=O)CCO[S](O)(=O)=O)\C(=Cc2c1)[S](O)(=O)=O,-0.508935853
705.9933065,10.50183333,8971123.088,10383816.09,13172824.09,7785119.088,100,100,100,100,100,32350.16602,C24H21N3O14S4,CC(=O)Nc1cc(cc2C=C(/C(=N/Nc3ccc4cccc(c4c3)[S](=O)(=O)CCO[S](O)(=O)=O)C(=O)c12)[S](O)(=O)=O)[S](O)(=O)=O,-0.508935853
705.9933065,10.50183333,8971123.088,10383816.09,13172824.09,7785119.088,100,100,100,100,100,32350.16602,C24H21N3O14S4,CC(=O)Nc1ccc2C(=O)C(=N/Nc3ccc4cc(cc(c4c3)[S](=O)(=O)CCO[S](O)(=O)=O)[S](O)(=O)=O)\C(=Cc2c1)[S](O)(=O)=O,-0.508935853
705.9933065,10.50183333,8971123.088,10383816.09,13172824.09,7785119.088,100,100,100,100,100,32350.16602,C36H18Br2O4,COc1cc2c3ccccc3C(=O)c4cc(Br)c5c6ccc7C(=O)c8ccccc8c9c(Br)c(OC)c(c1c5c24)c6c79,0
705.9933065,10.50183333,8971123.088,10383816.09,13172824.09,7785119.088,100,100,100,100,100,32350.16602,C21H22N4O14S4,CN(c1ccc(N\N=C/2C(=O)c3c(NC(C)=O)cc(cc3C=C2[S](O)(=O)=O)[S](O)(=O)=O)cc1)[S](=O)(=O)CCO[S](O)(=O)=O,0
705.9933065,10.50183333,8971123.088,10383816.09,13172824.09,7785119.088,100,100,100,100,100,32350.16602,C24H21N3O14S4,CC(=O)Nc1ccc2C(=O)C(=N/Nc3ccc4cc(ccc4c3[S](O)(=O)=O)[S](=O)(=O)CCO[S](O)(=O)=O)\C(=Cc2c1)[S](O)(=O)=O,-0.508935853
705.9933065,10.50183333,8971123.088,10383816.09,13172824.09,7785119.088,100,100,100,100,100,32350.16602,C24H21N3O14S4,CC(=O)Nc1cc(cc2C=C(/C(=N/Nc3ccc4cccc(c4c3)[S](=O)(=O)CCO[S](O)(=O)=O)C(=O)c12)[S](O)(=O)=O)[S](O)(=O)=O,-0.508935853
705.9933065,10.50183333,8971123.088,10383816.09,13172824.09,7785119.088,100,100,100,100,100,32350.16602,C24H21N3O14S4,CC(=O)Nc1ccc2C(=O)C(=N/Nc3ccc4cc(cc(c4c3)[S](=O)(=O)CCO[S](O)(=O)=O)[S](O)(=O)=O)\C(=Cc2c1)[S](O)(=O)=O,-0.508935853
706.9873657,9.06565,306961.4688,251763.0469,100,100,683051.0625,497247.5,475954.7188,1063002.5,325994.6875,368830.6563,C26H19N5O12S4,Nc1ccc(N=Nc2ccc(N=Nc3cc(ccc3[S](O)(=O)=O)[S](O)(=O)=O)c4cc(ccc24)[S](O)(=O)=O)c5cccc(c15)[S](O)(=O)=O,0
706.9873657,9.06565,306961.4688,251763.0469,100,100,683051.0625,497247.5,475954.7188,1063002.5,325994.6875,368830.6563,C21H22N4O14S4,CN(c1ccc(N\N=C/2C(=O)c3c(NC(C)=O)cc(cc3C=C2[S](O)(=O)=O)[S](O)(=O)=O)cc1)[S](=O)(=O)CCO[S](O)(=O)=O,0
706.9873657,9.06565,306961.4688,251763.0469,100,100,683051.0625,497247.5,475954.7188,1063002.5,325994.6875,368830.6563,C36H18Br2O4,COc1cc2c3ccccc3C(=O)c4cc(Br)c5c6ccc7C(=O)c8ccccc8c9c(Br)c(OC)c(c1c5c24)c6c79,0
705.992981,10.50183333,1391533.963,1356388.463,1776930.713,1008427.713,100,100,100,100,100,100,C36H18Br2O4,COc1cc2c3ccccc3C(=O)c4cc(Br)c5c6ccc7C(=O)c8ccccc8c9c(Br)c(OC)c(c1c5c24)c6c79,0
705.992981,10.50183333,1391533.963,1356388.463,1776930.713,1008427.713,100,100,100,100,100,100,C21H22N4O14S4,CN(c1ccc(N\N=C/2C(=O)c3c(NC(C)=O)cc(cc3C=C2[S](O)(=O)=O)[S](O)(=O)=O)cc1)[S](=O)(=O)CCO[S](O)(=O)=O,0
705.992981,10.50183333,1391533.963,1356388.463,1776930.713,1008427.713,100,100,100,100,100,100,C24H21N3O14S4,CC(=O)Nc1ccc2C(=O)C(=N/Nc3ccc4cc(ccc4c3[S](O)(=O)=O)[S](=O)(=O)CCO[S](O)(=O)=O)\C(=Cc2c1)[S](O)(=O)=O,-2.594755889
705.992981,10.50183333,1391533.963,1356388.463,1776930.713,1008427.713,100,100,100,100,100,100,C24H21N3O14S4,CC(=O)Nc1cc(cc2C=C(/C(=N/Nc3ccc4cccc(c4c3)[S](=O)(=O)CCO[S](O)(=O)=O)C(=O)c12)[S](O)(=O)=O)[S](O)(=O)=O,-2.594755889
705.992981,10.50183333,1391533.963,1356388.463,1776930.713,1008427.713,100,100,100,100,100,100,C24H21N3O14S4,CC(=O)Nc1ccc2C(=O)C(=N/Nc3ccc4cc(cc(c4c3)[S](=O)(=O)CCO[S](O)(=O)=O)[S](O)(=O)=O)\C(=Cc2c1)[S](O)(=O)=O,-2.594755889
707.4090169,7.310683333,100,100,100,100,249284.4063,305490.8438,626871.0625,591085,100,108134.0703,C39H57ClO7,CCCCCCCCCc1ccc(O)cc1.CC2CO2.CC(C)(c3ccc(O)cc3)c4ccc(O)cc4.ClCC5CO5.C=O.C6CO6,-3.429545124
707.5291545,8.889066667,728913.9844,688444.6719,1343235.109,1997678.359,100,100,100,100,216971.1094,100,C37H70O10,CCCCCCCCCCC(=O)OCC(CO)(COCC(CO)(CO)COC(=O)CCCCCCCC)COC(=O)CCCCCC,-4.485817695
707.5291545,8.889066667,728913.9844,688444.6719,1343235.109,1997678.359,100,100,100,100,216971.1094,100,C33H75N3O10S,CCCCCCCCCCCCOCC(O)C[N+](C)(CCO)CCC[N+](C)(CCO)CCC[N+](C)(CCO)CCO.CO[S]([O-])(=O)=O,-4.836237206
706.6445313,8.5977,100,100,100,1999511.109,100,100,100,100,100,100,C43H83N3O4,CCCCC/C=C\C\C=C/CCCCCCCC(O)=O.CCCCC/C=C\C\C=C/CCCCCCCC(O)=O.CN(CCCN)CCCN,-4.059428838
708.5328776,8.889066667,107315.3028,297494.1465,438911.1465,733533.709,100,100,100,100,100,100,C37H70O10,CCCCCCCCCCC(=O)OCC(CO)(COCC(CO)(CO)COC(=O)CCCCCCCC)COC(=O)CCCCCC,-3.061550796
708.9936117,9.038716667,100,100,100,100,100,100,100,100,12702410,1069026.375,C9H24N6O18P6,O[P](O)(=O)CN(C[P](O)(O)=O)c1nc(nc(n1)N(C[P](O)(O)=O)C[P](O)(O)=O)N(C[P](O)(O)=O)C[P](O)(O)=O,-3.316748884
709.5441895,8.859833333,2981275,3471450.25,4473298.5,6711260.5,100,100,100,100,446451.9688,100,C13H4Br4Cl6,ClC1=C(Cl)C2(Cl)C(CC1(Cl)C2(Cl)Cl)c3cc(Br)c(Br)c(Br)c3Br,0
709.5441895,8.859833333,2981275,3471450.25,4473298.5,6711260.5,100,100,100,100,446451.9688,100,C13H4Br4Cl6,ClC1=C(Cl)C2(Cl)C(CC1(Cl)C2(Cl)Cl)c3cc(Br)c(Br)c(Br)c3Br,0
709.5441895,8.859833333,2981275,3471450.25,4473298.5,6711260.5,100,100,100,100,446451.9688,100,C13H4Br4Cl6,ClC1=C(Cl)C2(Cl)C(CC1(Cl)C2(Cl)Cl)c3cc(Br)c(Br)c(Br)c3Br,0
709.5531616,6.870583333,701253.7305,920279.3555,803656.043,714154.3555,100,100,100,100,100,100,C42H74O8,CCCCCCCCCCCCCCCCCC(O)=O.CCCCCCCCCCCCCCCC(O)=O.OC(=O)c1ccccc1C(O)=O,-3.047411516
709.5441895,8.859833333,1256656.875,1136884.125,1682819.125,2749279.75,100,100,100,100,230096.7656,100,C13H4Br4Cl6,ClC1=C(Cl)C2(Cl)C(CC1(Cl)C2(Cl)Cl)c3cc(Br)c(Br)c(Br)c3Br,0
709.5441895,8.859833333,1256656.875,1136884.125,1682819.125,2749279.75,100,100,100,100,230096.7656,100,C13H4Br4Cl6,ClC1=C(Cl)C2(Cl)C(CC1(Cl)C2(Cl)Cl)c3cc(Br)c(Br)c(Br)c3Br,0
709.5441895,8.859833333,1256656.875,1136884.125,1682819.125,2749279.75,100,100,100,100,230096.7656,100,C13H4Br4Cl6,ClC1=C(Cl)C2(Cl)C(CC1(Cl)C2(Cl)Cl)c3cc(Br)c(Br)c(Br)c3Br,0
710.6395467,10.16616667,244417.9043,402278.1543,210747.9043,213207.8106,100,100,100,100,100,100,C42H80N2O5,CCCCCCCCCCCCCCCCCCN=C=O.CCCCCCCCCCCCCCCCN=C=O.CC(=O)OC=C.OC=C,-3.679433515
711.2230835,8.599133333,100,100,100,100,2961203.574,3975555.824,659898.6992,2788963.824,100,77258.53125,C37H30ClN5O7,[O-][N+](=O)c1ccc(N=Nc2ccc(cc2NC(=O)c3ccccc3)N(CCOC(=O)c4ccccc4)CCOC(=O)c5ccccc5)c(Cl)c1,-3.328084581
711.631307,7.398066667,100,100,100,100,100,100,1872794.936,100,566558.5605,100,C42H87O4P,CCCCCCCCCCCCCCO[P](=O)(OCCCCCCCCCCCCCC)OCCCCCCCCCCCCCC,0
711.631307,7.398066667,100,100,100,100,100,100,1872794.936,100,566558.5605,100,C43H80O6,CCCCCCCCCCCCCCCCCCOC(=O)C(C)=C.CCCCCCCCCCCCOC(=O)C(C)=C.COC(=O)C(C)=C,-4.565424805
712.0128784,11.65111667,18937894.58,17169826.58,18571876.58,10894737.58,100,100,100,100,100,74937.52344,C26H17Cl2N5O9S2,Cc1c(NC(=O)c2cc(Cl)nnc2Cl)cc(cc1Nc3cc(c(N)c4C(=O)c5ccccc5C(=O)c34)[S](O)(=O)=O)[S](O)(=O)=O,-3.704483734
712.5007121,10.73513333,14238552.61,12140841.61,22966891.61,11948469.61,100,100,100,100,100,76124.96875,C13H4Br4Cl6,ClC1=C(Cl)C2(Cl)C(CC1(Cl)C2(Cl)Cl)c3cc(Br)c(Br)c(Br)c3Br,0
712.5007121,10.73513333,14238552.61,12140841.61,22966891.61,11948469.61,100,100,100,100,100,76124.96875,C13H4Br4Cl6,ClC1=C(Cl)C2(Cl)C(CC1(Cl)C2(Cl)Cl)c3cc(Br)c(Br)c(Br)c3Br,0
712.5007121,10.73513333,10184555.61,12140841.61,22966891.61,11948469.61,100,100,100,100,100,78458.17188,C13H4Br4Cl6,ClC1=C(Cl)C2(Cl)C(CC1(Cl)C2(Cl)Cl)c3cc(Br)c(Br)c(Br)c3Br,0
712.5007121,10.73513333,10184555.61,12140841.61,22966891.61,11948469.61,100,100,100,100,100,78458.17188,C13H4Br4Cl6,ClC1=C(Cl)C2(Cl)C(CC1(Cl)C2(Cl)Cl)c3cc(Br)c(Br)c(Br)c3Br,0
712.5008545,10.73513333,5409744.111,4709133.111,7481440.611,4224239.611,100,100,100,100,100,100,C13H4Br4Cl6,ClC1=C(Cl)C2(Cl)C(CC1(Cl)C2(Cl)Cl)c3cc(Br)c(Br)c(Br)c3Br,0
712.5008545,10.73513333,5409744.111,4709133.111,7481440.611,4224239.611,100,100,100,100,100,100,C13H4Br4Cl6,ClC1=C(Cl)C2(Cl)C(CC1(Cl)C2(Cl)Cl)c3cc(Br)c(Br)c(Br)c3Br,0
713.5396729,8.456283333,100,100,100,100,534333.4961,349401.5274,100,264193.3711,28999559.06,914821.875,C13H4Br4Cl6,ClC1=C(Cl)C2(Cl)C(CC1(Cl)C2(Cl)Cl)c3cc(Br)c(Br)c(Br)c3Br,0
713.5396729,8.456283333,100,100,100,100,534333.4961,349401.5274,100,264193.3711,28999559.06,914821.875,C13H4Br4Cl6,ClC1=C(Cl)C2(Cl)C(CC1(Cl)C2(Cl)Cl)c3cc(Br)c(Br)c(Br)c3Br,0
713.5396729,8.456283333,100,100,100,100,534333.4961,349401.5274,100,264193.3711,28999559.06,914821.875,C13H4Br4Cl6,ClC1=C(Cl)C2(Cl)C(CC1(Cl)C2(Cl)Cl)c3cc(Br)c(Br)c(Br)c3Br,0
713.5394287,8.398083333,100,100,100,1444093.434,192858.9492,169238.1992,100,100,11148404.06,311484.6875,C13H4Br4Cl6,ClC1=C(Cl)C2(Cl)C(CC1(Cl)C2(Cl)Cl)c3cc(Br)c(Br)c(Br)c3Br,0
713.5394287,8.398083333,100,100,100,1444093.434,192858.9492,169238.1992,100,100,11148404.06,311484.6875,C13H4Br4Cl6,ClC1=C(Cl)C2(Cl)C(CC1(Cl)C2(Cl)Cl)c3cc(Br)c(Br)c(Br)c3Br,0
713.5394287,8.398083333,100,100,100,1444093.434,192858.9492,169238.1992,100,100,11148404.06,311484.6875,C13H4Br4Cl6,ClC1=C(Cl)C2(Cl)C(CC1(Cl)C2(Cl)Cl)c3cc(Br)c(Br)c(Br)c3Br,0
717.0298665,10.96845,627233.3545,539186.167,667015.9795,606831.8545,100,100,100,100,100,26174.06836,C24H20N4O12S4,Nc1ccc(\C=C\c2ccc(cc2[S](O)(=O)=O)N=Nc3c(N)ccc4c3cc(cc4[S](O)(=O)=O)[S](O)(=O)=O)c(c1)[S](O)(=O)=O,-0.034927401
717.0298665,10.96845,627233.3545,539186.167,667015.9795,606831.8545,100,100,100,100,100,26174.06836,C21H22N4O14S4,CN(c1ccc(N\N=C/2C(=O)c3c(NC(C)=O)cc(cc3C=C2[S](O)(=O)=O)[S](O)(=O)=O)cc1)[S](=O)(=O)CCO[S](O)(=O)=O,-4.043595489
717.4739176,7.48185,5112038.943,3030432.943,3018215.443,4745789.443,100,100,213650.0059,298054.9122,100,100,C36H65N3O11,CCC(CO)(CO)CO.CC1(C)CC(N)CC(C)(CN)C1.NC2CCCCC2.OC(=O)CCCCC(O)=O.OC(=O)c3cccc(c3)C(O)=O,-6.037954065
717.6225382,11.11191667,455407.625,712382.8125,781052.75,442665,100,100,100,100,901756.3125,100,C45H78O5,CCCCCCCCCc1ccccc1O.CCCCCCCCCc2cccc(O)c2CCCCCCCCC.CC3CO3.C=O.C4CO4,-0.480504223
718.2132975,6.380166667,100,100,100,100,565620.373,589536.498,632053.1855,685404.748,100,100,C44H38Cl2P2,[Cl-].[Cl-].C(c1ccc(C[P+](c2ccccc2)(c3ccccc3)c4ccccc4)cc1)[P+](c5ccccc5)(c6ccccc6)c7ccccc7,0
718.2132975,6.380166667,100,100,100,100,565620.373,589536.498,632053.1855,685404.748,100,100,C41H30N6O8,Nc1c(CC(O)=O)cc(Nc2nc(NC3=CC(=C[C@H]4[C@H]3C(=O)c5ccccc5C4=O)CC(O)=O)nc(n2)c6ccccc6)c7C(=O)[C@@H]8C=CC=C[C@H]8C(=O)c17,0
718.2132975,6.380166667,100,100,100,100,565620.373,589536.498,632053.1855,685404.748,100,100,C34H39N5O7S2,O[S](=O)(=O)c1cc2C=CC(=O)\C(=N/Nc3ccc(cc3)N=Nc4ccccc4)c2c(c1)[S](O)(=O)=O.C5CCC(CC5)NC6CCCCC6,0
718.2132975,6.380166667,100,100,100,100,565620.373,589536.498,632053.1855,685404.748,100,100,C44H38Cl2P2,[Cl-].[Cl-].C(c1ccc(C[P+](c2ccccc2)(c3ccccc3)c4ccccc4)cc1)[P+](c5ccccc5)(c6ccccc6)c7ccccc7,0
718.2132975,6.380166667,100,100,100,100,565620.373,589536.498,632053.1855,685404.748,100,100,C41H30N6O8,Nc1c(CC(O)=O)cc(Nc2nc(NC3=CC(=C[C@H]4[C@H]3C(=O)c5ccccc5C4=O)CC(O)=O)nc(n2)c6ccccc6)c7C(=O)[C@@H]8C=CC=C[C@H]8C(=O)c17,0
718.2132975,6.380166667,100,100,100,100,565620.373,589536.498,632053.1855,685404.748,100,100,C34H39N5O7S2,O[S](=O)(=O)c1cc2C=CC(=O)\C(=N/Nc3ccc(cc3)N=Nc4ccccc4)c2c(c1)[S](O)(=O)=O.C5CCC(CC5)NC6CCCCC6,0
718.6261597,11.14138333,100131.9375,104154.5468,100,120326.664,100,100,100,100,242075.1172,100,C45H78O5,CCCCCCCCCc1ccccc1O.CCCCCCCCCc2cccc(O)c2CCCCCCCCC.CC3CO3.C=O.C4CO4,-0.595726991
719.2045898,10.77856667,350510.5821,306036.5821,358082.8008,270021.3633,307858.0821,426018.2071,121768.0508,140598.5977,263788.1758,1731746.125,C36H34Cl2N6O6,CCOc1ccc(NC(=O)C(N=Nc2ccc(c(Cl)c2)c3ccc(cc3Cl)N=NC(C(C)=O)C(=O)Nc4ccc(OCC)cc4)C(C)=O)cc1,0
719.2045898,10.77856667,350510.5821,306036.5821,358082.8008,270021.3633,307858.0821,426018.2071,121768.0508,140598.5977,263788.1758,1731746.125,C36H34Cl2N6O6,CCOc1ccc(NC(=O)C(N=Nc2ccc(cc2Cl)c3ccc(N=NC(C(C)=O)C(=O)Nc4ccc(OCC)cc4)c(Cl)c3)C(C)=O)cc1,0
719.2172038,7.469283333,100,100,100,100,100151.2539,185551.3086,1393326.418,411599.3868,2051902.668,2832162.25,C44H38Cl2P2,[Cl-].[Cl-].C(c1ccc(C[P+](c2ccccc2)(c3ccccc3)c4ccccc4)cc1)[P+](c5ccccc5)(c6ccccc6)c7ccccc7,0
719.2172038,7.469283333,100,100,100,100,100151.2539,185551.3086,1393326.418,411599.3868,2051902.668,2832162.25,C41H30N6O8,Nc1c(CC(O)=O)cc(Nc2nc(NC3=CC(=C[C@H]4[C@H]3C(=O)c5ccccc5C4=O)CC(O)=O)nc(n2)c6ccccc6)c7C(=O)[C@@H]8C=CC=C[C@H]8C(=O)c17,0
719.4545898,7.279933333,428774.2911,476042.6973,100,100,100,100,100,100,100,100,C40H63NO10,CCCCOC(=O)C(C)=C.CCCCC(CC)COC(=O)C=C.CC(O)COC(=O)C(C)=C.NC(=O)C=C.OC(=O)C=C.C=Cc1ccccc1,-4.864358168
719.5216268,11.84303333,3767929.75,5331828.5,6426809.5,4938740.5,100,100,239066.2344,100,100,64240.84375,C39H72O11,CCCCCCCCCC(=O)OCC(CO)(COCC(CO)(COC(=O)CCCC)COC(=O)CCCCCCC)COC(=O)CCCCC,-0.604047332
719.5216268,11.84303333,6240566.5,5331828.5,6426809.5,1164580.25,100,100,239066.2344,110356.8438,100,64240.84375,C39H72O11,CCCCCCCCCC(=O)OCC(CO)(COCC(CO)(COC(=O)CCCC)COC(=O)CCCCCCC)COC(=O)CCCCC,-0.604047332
719.5270996,8.36665,49125077.54,24378767.54,40093705.54,4594517.039,137215669.5,115700461.5,79242229.54,1213004.289,3138000.039,212291.7969,C45H68NO3P,CCC(C)(C)c1ccc(OP(Oc2ccc(cc2)C(C)(C)CC)Oc3ccc(cc3)C(C)(C)CC)cc1.C4CCC(CC4)NC5CCCCC5,0.010963164
719.5270996,8.36665,49125077.54,24378767.54,40093705.54,34852429.54,154667141.5,115700461.5,79242229.54,121659045.5,3138000.039,4461366,C45H68NO3P,CCC(C)(C)c1ccc(OP(Oc2ccc(cc2)C(C)(C)CC)Oc3ccc(cc3)C(C)(C)CC)cc1.C4CCC(CC4)NC5CCCCC5,0.010963164
720.0100911,10.99768333,11567838.8,8710396.805,15582385.8,8230213.805,100,100,100,100,100,26507.27734,C21H28I2N4O2S2,[I-].[I-].CCN1CCSC1=CC=[NH+]c2ccc(NC=CC3=[N+](CC)CCS3)cc2C(O)=O,-4.496980253
720.0100911,10.99768333,11567838.8,8477803.805,15582385.8,8230213.805,100,100,100,100,100,41365.17969,C21H28I2N4O2S2,[I-].[I-].CCN1CCSC1=CC=[NH+]c2ccc(NC=CC3=[N+](CC)CCS3)cc2C(O)=O,-4.496980253
719.2045898,10.77856667,304703.8633,242348.0196,243300.9258,157128.3946,190179.9414,309206.8633,100,100,121489.8477,1121374.5,C36H34Cl2N6O6,CCOc1ccc(NC(=O)C(N=Nc2ccc(c(Cl)c2)c3ccc(cc3Cl)N=NC(C(C)=O)C(=O)Nc4ccc(OCC)cc4)C(C)=O)cc1,0
719.2045898,10.77856667,304703.8633,242348.0196,243300.9258,157128.3946,190179.9414,309206.8633,100,100,121489.8477,1121374.5,C36H34Cl2N6O6,CCOc1ccc(NC(=O)C(N=Nc2ccc(cc2Cl)c3ccc(N=NC(C(C)=O)C(=O)Nc4ccc(OCC)cc4)c(Cl)c3)C(C)=O)cc1,0
719.5262451,8.358633333,100,249848.4648,269303.8398,100,100,100,31461141.78,317537.7148,188198.7148,99314.89063,C45H68NO3P,CCC(C)(C)c1ccc(OP(Oc2ccc(cc2)C(C)(C)CC)Oc3ccc(cc3)C(C)(C)CC)cc1.C4CCC(CC4)NC5CCCCC5,-4.457526942
720.5299479,8.36665,20012148.27,10430367.27,16217045.27,13874146.27,60961998.27,47143274.27,31585788.27,50204614.27,1014077.524,2033676.625,C16H6Br6O4,Brc1cc(Br)c(OC(=O)\C=C\C(=O)Oc2c(Br)cc(Br)cc2Br)c(Br)c1,0
720.5299479,8.36665,20012148.27,10430367.27,16217045.27,13874146.27,60961998.27,47143274.27,31585788.27,50204614.27,1014077.524,2033676.625,C45H68NO3P,CCC(C)(C)c1ccc(OP(Oc2ccc(cc2)C(C)(C)CC)Oc3ccc(cc3)C(C)(C)CC)cc1.C4CCC(CC4)NC5CCCCC5,-3.16338491
720.5299479,8.36665,20012148.27,10430367.27,16217045.27,13874146.27,60961998.27,47143274.27,31585788.27,50204614.27,1014077.524,2033676.625,C16H6Br6O4,Brc1cc(Br)c(OC(=O)\C=C\C(=O)Oc2c(Br)cc(Br)cc2Br)c(Br)c1,0
720.5299479,8.36665,20012148.27,10430367.27,16217045.27,13874146.27,60961998.27,47143274.27,31585788.27,50204614.27,1014077.524,2033676.625,C45H68NO3P,CCC(C)(C)c1ccc(OP(Oc2ccc(cc2)C(C)(C)CC)Oc3ccc(cc3)C(C)(C)CC)cc1.C4CCC(CC4)NC5CCCCC5,-3.16338491
720.5403035,10.81991667,100,100,100,100,100,100,100,100,266098.1445,161385.9063,C42H70O8,CCCCC(CC)COC(=O)c1cc(C(=O)OCC(CC)CCCC)c(cc1C(=O)OCC(CC)CCCC)C(=O)OCC(CC)CCCC,-0.008074678
720.0100098,10.99768333,1646334.055,1058334.18,2187336.055,1224036.055,100,100,100,100,100,132182.2969,C21H28I2N4O2S2,[I-].[I-].CCN1CCSC1=CC=[NH+]c2ccc(NC=CC3=[N+](CC)CCS3)cc2C(O)=O,-4.779298349
720.0100098,10.99768333,1646334.055,1159059.18,2187336.055,1064292.18,100,100,100,100,100,139372.8438,C21H28I2N4O2S2,[I-].[I-].CCN1CCSC1=CC=[NH+]c2ccc(NC=CC3=[N+](CC)CCS3)cc2C(O)=O,-4.779298349
719.2045898,10.77856667,128527.2383,100,167415.5821,100,175494.3633,142329.3946,100,100,100,837403.5625,C36H34Cl2N6O6,CCOc1ccc(NC(=O)C(N=Nc2ccc(c(Cl)c2)c3ccc(cc3Cl)N=NC(C(C)=O)C(=O)Nc4ccc(OCC)cc4)C(C)=O)cc1,0
719.2045898,10.77856667,128527.2383,100,167415.5821,100,175494.3633,142329.3946,100,100,100,837403.5625,C36H34Cl2N6O6,CCOc1ccc(NC(=O)C(N=Nc2ccc(cc2Cl)c3ccc(N=NC(C(C)=O)C(=O)Nc4ccc(OCC)cc4)c(Cl)c3)C(C)=O)cc1,0
720.5304565,8.36665,4898617.274,2434975.524,4067366.274,3437574.774,15456690.27,12222966.27,7379265.274,12965164.27,214530.3369,400423.8125,C16H6Br6O4,Brc1cc(Br)c(OC(=O)\C=C\C(=O)Oc2c(Br)cc(Br)cc2Br)c(Br)c1,0
720.5304565,8.36665,4898617.274,2434975.524,4067366.274,3437574.774,15456690.27,12222966.27,7379265.274,12965164.27,214530.3369,400423.8125,C45H68NO3P,CCC(C)(C)c1ccc(OP(Oc2ccc(cc2)C(C)(C)CC)Oc3ccc(cc3)C(C)(C)CC)cc1.C4CCC(CC4)NC5CCCCC5,-0.03519603
720.5304565,8.36665,4898617.274,2434975.524,4067366.274,3437574.774,15456690.27,12222966.27,7379265.274,12965164.27,214530.3369,400423.8125,C16H6Br6O4,Brc1cc(Br)c(OC(=O)\C=C\C(=O)Oc2c(Br)cc(Br)cc2Br)c(Br)c1,0
720.5304565,8.36665,4898617.274,2434975.524,4067366.274,3437574.774,15456690.27,12222966.27,7379265.274,12965164.27,214530.3369,400423.8125,C45H68NO3P,CCC(C)(C)c1ccc(OP(Oc2ccc(cc2)C(C)(C)CC)Oc3ccc(cc3)C(C)(C)CC)cc1.C4CCC(CC4)NC5CCCCC5,-0.03519603
722.5358073,8.36665,1014554.813,438085.0938,602888.1875,622244.0625,3315741,2483440,1595742.875,2392987,100,162903.7656,C45H69O3P,CCCCCCCCCc1ccc(OP(Oc2ccc(CCCCCCCCC)cc2)Oc3ccc(CCCCCCCCC)cc3)cc1,0
722.5358073,8.36665,1014554.813,438085.0938,602888.1875,622244.0625,3315741,2483440,1595742.875,2392987,100,162903.7656,C45H69O3P,CCCCCCCCCc1ccc(OP(Oc2ccc(CCCCCCCCC)cc2)Oc3ccc(CCCCCCCCC)cc3)cc1,0
722.5358073,8.36665,1014554.813,438085.0938,602888.1875,622244.0625,3315741,2483440,1595742.875,2392987,100,162903.7656,C45H69O3P,Cc1cc(OP(Oc2cc(C)c(cc2C(C)(C)C)C(C)(C)C)Oc3cc(C)c(cc3C(C)(C)C)C(C)(C)C)c(cc1C(C)(C)C)C(C)(C)C,0
723.0012004,9.850366667,825219.2715,1401160.771,1516639.521,1987374.521,100,100,100,100,678069.709,1144937.125,C26H19N5O12S4,Nc1ccc(N=Nc2ccc(N=Nc3cc(ccc3[S](O)(=O)=O)[S](O)(=O)=O)c4cc(ccc24)[S](O)(=O)=O)c5cccc(c15)[S](O)(=O)=O,-3.586192321
724.5552165,9.0449,1505284.227,2196630.477,3792585.727,3106359.727,100,100,100,100,100,764878.0625,C33H75N3O10S,CCCCCCCCCCCCOCC(O)C[N+](C)(CCO)CCC[N+](C)(CCO)CCC[N+](C)(CCO)CCO.CO[S]([O-])(=O)=O,-2.296945187
725.4785563,3.9288,1345839.52,2167730.645,378495.207,265146.6758,100,100,100,100,100,100,C46H62N2O5,CCCCCCCCCCCCCCOC(=O)c1ccc2c(c1)C(=O)OC2(c3ccc(cc3OCC)N(CC)CC)c4c(C)n(CC)c5ccccc45,-4.322763144
725.4785563,3.9288,1345839.52,2167730.645,378495.207,265146.6758,100,100,100,100,100,100,C46H62N2O5,CCCCCCCCCCCCCCOC(=O)c1ccc2C(=O)OC(c3ccc(cc3OCC)N(CC)CC)(c2c1)c4c(C)n(CC)c5ccccc45,-4.322763144
725.4785563,3.9288,1691082.145,2167730.645,378495.207,265146.6758,100,100,100,100,100,100,C46H62N2O5,CCCCCCCCCCCCCCOC(=O)c1ccc2c(c1)C(=O)OC2(c3ccc(cc3OCC)N(CC)CC)c4c(C)n(CC)c5ccccc45,-4.294985366
725.4785563,3.9288,1691082.145,2167730.645,378495.207,265146.6758,100,100,100,100,100,100,C46H62N2O5,CCCCCCCCCCCCCCOC(=O)c1ccc2C(=O)OC(c3ccc(cc3OCC)N(CC)CC)(c2c1)c4c(C)n(CC)c5ccccc45,-4.294985366
725.5565999,9.0449,1107144.492,996526.8672,1573409.867,1390224.242,100,100,100,100,100,100,C33H75N3O10S,CCCCCCCCCCCCOCC(O)C[N+](C)(CCO)CCC[N+](C)(CCO)CCC[N+](C)(CCO)CCO.CO[S]([O-])(=O)=O,-5.012201588
725.5761719,8.745433333,113875.1563,167544,426380.8125,578012.125,746139.4375,672381.5,230124.9531,722153.25,742322.5625,152336.2188,C42H74O8,CCCCCCCCCCCCCCCCCC(O)=O.CCCCCCCCCCCCCCCC(O)=O.OC(=O)c1ccccc1C(O)=O,-0.478923351
727.5044556,10.50183333,9292268.25,11012937.25,13105220.25,7893949.75,100,100,100,100,100,32158.625,C46H66N2O5,CCCCCCCCCCCCCCCCCC([O-])=O.CCN(CC)c1ccc2c(c1)[o+]c3cc(ccc3c2c4ccccc4C(O)=O)N(CC)CC,0.005439024
727.5044556,10.50183333,9292268.25,11012937.25,13105220.25,7893949.75,100,100,100,100,100,32158.625,C35H69Cl3N8,CC(C)(C)CC(C)(C)N.CC1(C)CC(CC(C)(C)N1)NCCCCCCNC2CC(C)(C)NC(C)(C)C2.Clc3nc(Cl)nc(Cl)n3,0
727.5044556,10.50183333,9292268.25,11012937.25,13105220.25,7893949.75,100,100,100,100,100,32158.625,C46H66N2O5,CCCCCCCCCCCCCCCCCC([O-])=O.CCN(CC)c1ccc2c(c1)[o+]c3cc(ccc3c2c4ccccc4C(O)=O)N(CC)CC,0.005439024
727.5044556,10.50183333,9292268.25,11012937.25,13105220.25,7893949.75,100,100,100,100,100,32158.625,C35H69Cl3N8,CC(C)(C)CC(C)(C)N.CC1(C)CC(CC(C)(C)N1)NCCCCCCNC2CC(C)(C)NC(C)(C)C2.Clc3nc(Cl)nc(Cl)n3,0
727.5041504,10.50183333,3550854.25,3741827.5,5443691.75,2934020,100,100,100,100,100,110533.8594,C46H66N2O5,CCCCCCCCCCCCCCCCCC([O-])=O.CCN(CC)c1ccc2c(c1)[o+]c3cc(ccc3c2c4ccccc4C(O)=O)N(CC)CC,0.005439024
727.5041504,10.50183333,3550854.25,3741827.5,5443691.75,2934020,100,100,100,100,100,110533.8594,C35H69Cl3N8,CC(C)(C)CC(C)(C)N.CC1(C)CC(CC(C)(C)N1)NCCCCCCNC2CC(C)(C)NC(C)(C)C2.Clc3nc(Cl)nc(Cl)n3,0
727.5041504,10.50183333,3550854.25,3741827.5,5443691.75,2934020,100,100,100,100,100,110533.8594,C42H70O8,CCCCC(CC)COC(=O)c1cc(C(=O)OCC(CC)CCCC)c(cc1C(=O)OCC(CC)CCCC)C(=O)OCC(CC)CCCC,0
728.5078328,10.50183333,3612845.029,3803818.279,5505682.529,2996010.779,100,100,100,100,100,110533.8594,C35H69Cl3N8,CC(C)(C)CC(C)(C)N.CC1(C)CC(CC(C)(C)N1)NCCCCCCNC2CC(C)(C)NC(C)(C)C2.Clc3nc(Cl)nc(Cl)n3,0
728.5078328,10.50183333,3612845.029,3803818.279,5505682.529,2996010.779,100,100,100,100,100,110533.8594,C33H75N3O10S,CCCCCCCCCCCCOCC(O)C[N+](C)(CCO)CCC[N+](C)(CCO)CCC[N+](C)(CCO)CCO.CO[S]([O-])(=O)=O,0
728.5078328,10.50183333,3612845.029,3803818.279,5505682.529,2996010.779,100,100,100,100,100,110533.8594,C46H66N2O5,CCCCCCCCCCCCCCCCCC([O-])=O.CCN(CC)c1ccc2c(c1)[o+]c3cc(ccc3c2c4ccccc4C(O)=O)N(CC)CC,-0.024112401
729.5114136,9.015883333,24506579.86,19136829.86,37546835.86,8222774.863,100,100,100,100,100,56489.96484,C46H66N2O5,CCCCCCCCCCCCCCCCCC([O-])=O.CCN(CC)c1ccc2c(c1)[o+]c3cc(ccc3c2c4ccccc4C(O)=O)N(CC)CC,-0.601571048
729.5108236,9.0265,102801143.9,73813687.86,77642175.86,64311119.86,100,100,100,100,626124.1758,137684.75,C33H75N3O10S,CCCCCCCCCCCCOCC(O)C[N+](C)(CCO)CCC[N+](C)(CCO)CCC[N+](C)(CCO)CCO.CO[S]([O-])(=O)=O,0
729.5108236,9.0265,102801143.9,73813687.86,77642175.86,64311119.86,100,100,100,100,626124.1758,137684.75,C46H66N2O5,CCCCCCCCCCCCCCCCCC([O-])=O.CCN(CC)c1ccc2c(c1)[o+]c3cc(ccc3c2c4ccccc4C(O)=O)N(CC)CC,-0.601567309
729.5114136,9.015883333,213334.0508,240916.4571,312959.8321,109480.3633,100,100,100,100,100,20924.94922,C46H66N2O5,CCCCCCCCCCCCCCCCCC([O-])=O.CCN(CC)c1ccc2c(c1)[o+]c3cc(ccc3c2c4ccccc4C(O)=O)N(CC)CC,-0.601571048
731.5269165,8.928533333,46053243.66,40807563.66,75972423.66,58996119.66,495150.5391,352529.5704,154661.3047,551546.7891,355855.3204,486902.3125,C46H60N6,CCN(CC)c1ccc(cc1)N(c2ccc(cc2)N(CC)CC)c3ccc(cc3)N(c4ccc(cc4)N(CC)CC)c5ccc(cc5)N(CC)CC,-5.364205184
733.4689535,7.7038,5705310.08,5624896.08,13520323.58,10518699.58,100,100,100,100,100,100,C31H70O18,CO[C@@H]1O[C@H](CO)[C@@H](O)[C@H](O)[C@H]1O.CC(O)COC(C)CO.CC(O)COC(C)CO.CC(O)COC(C)CO.CC(O)COC(C)CO,-5.891723893
733.4692586,7.6587,1878957.83,2122033.08,672196.7051,813569.5801,100,100,100,100,100,154945.625,C31H70O18,CO[C@@H]1O[C@H](CO)[C@@H](O)[C@H](O)[C@H]1O.CC(O)COC(C)CO.CC(O)COC(C)CO.CC(O)COC(C)CO.CC(O)COC(C)CO,-4.637354233
733.4694214,7.7038,2114838.351,2356042.351,5727518.351,4150326.851,100,100,100,100,100,100,C42H70O9S,CCCCCCCCCCCCS.CCCCOC(=O)C=C.COC(=O)C(C)=C.CC(=C)C(O)=O.CC(=C)C(=O)OCCO.C=Cc1ccccc1,0
733.4694214,7.7038,2114838.351,2356042.351,5727518.351,4150326.851,100,100,100,100,100,100,C31H70O18,CO[C@@H]1O[C@H](CO)[C@@H](O)[C@H](O)[C@H]1O.CC(O)COC(C)CO.CC(O)COC(C)CO.CC(O)COC(C)CO.CC(O)COC(C)CO,-3.741635135
734.3319092,6.6433,1760139.172,1054813.797,1595829.672,2761801.172,100,100,100,100,100,111253.2969,C33H48O16,CC(C)(CO)CO.OCCCCCCO.OC(=O)CCCCC(O)=O.OC(=O)c1ccc(cc1)C(O)=O.OC(=O)c2cccc(c2)C(O)=O,-3.402213632
735.50295,9.93295,2852354.771,3075131.771,3048004.771,2227426.021,100,100,100,100,100,69688.51563,C36H65N3O11,CCC(CO)(CO)CO.CC1(C)CC(N)CC(C)(CN)C1.NC2CCCCC2.OC(=O)CCCCC(O)=O.OC(=O)c3cccc(c3)C(O)=O,0.564612319
735.50295,9.93295,2852354.771,3075131.771,3048004.771,2227426.021,100,100,100,100,100,69688.51563,C36H65N3O11,CCC(CO)(CO)CO.CC1(C)CC(N)CC(C)(CN)C1.NC2CCCCC2.OC(=O)CCCCC(O)=O.OC(=O)c3cccc(c3)C(O)=O,0.564612319
735.5217489,8.07485,17019452.44,14083119.44,3328784.188,3510903.688,73842112.44,89351072.44,69165552.44,106830696.4,7950153.438,3589307.5,C38H72N2O6S2,CCCCCCCCCCCCCCCC(=O)NC(CSSCC(NC(=O)CCCCCCCCCCCCCCC)C(O)=O)C(O)=O,-5.065948347
735.5217489,8.07485,17019452.44,14083119.44,3328784.188,3510903.688,73842112.44,89351072.44,69165552.44,106830696.4,104966872.4,94165936,C38H72N2O6S2,CCCCCCCCCCCCCCCC(=O)NC(CSSCC(NC(=O)CCCCCCCCCCCCCCC)C(O)=O)C(O)=O,-5.065948347
736.5247599,8.07485,7443308.334,6724705.334,4677706.834,2967897.584,30307917.33,36456723.33,28110863.33,42628235.33,887778.3965,1306908.25,C38H72N2O6S2,CCCCCCCCCCCCCCCC(=O)NC(CSSCC(NC(=O)CCCCCCCCCCCCCCC)C(O)=O)C(O)=O,-4.337884361
736.5233765,11.81308333,100,100,100,100,100,100,100,100,217949.5722,35674.16797,C38H72N2O6S2,CCCCCCCCCCCCCCCC(=O)NC(CSSCC(NC(=O)CCCCCCCCCCCCCCC)C(O)=O)C(O)=O,-0.481504149
736.5247599,8.07485,7443308.334,6724705.334,4677706.834,2967897.584,30307917.33,36456723.33,28110863.33,42628235.33,6206551.834,3397773.25,C38H72N2O6S2,CCCCCCCCCCCCCCCC(=O)NC(CSSCC(NC(=O)CCCCCCCCCCCCCCC)C(O)=O)C(O)=O,-4.337884361
736.5247599,8.07485,7443308.334,6724705.334,3278265.084,2285169.584,30307917.33,36456723.33,28110863.33,42628235.33,42546719.33,38144644,C38H72N2O6S2,CCCCCCCCCCCCCCCC(=O)NC(CSSCC(NC(=O)CCCCCCCCCCCCCCC)C(O)=O)C(O)=O,-4.337884361
736.6545003,10.42868333,843238.1836,2562282.746,1170522.996,2251121.746,100,100,100,100,100,100,C46H86O6,CCCCCCCCCCCCCCCCCCOC(=O)C(C)=C.CCCCCCCCCCCCOC(=O)C(C)=C.CCCCOC(=O)C(C)=C,-6.055486732
736.6545003,10.42868333,843238.1836,2562282.746,1170522.996,2251121.746,100,100,100,100,100,100,C46H86O6,CCCCCCCCCCCCCCCCCCOC(=O)C(C)=C.CCCCCCCCCCCCOC(=O)C(C)=C.CCCCOC(=O)C(C)=C,-6.222153399
736.5245361,8.07485,1924010.834,2138373.834,1899181.209,1023917.334,8150685.834,9515019.334,6821998.834,10174562.33,248092.834,308636.2188,C38H72N2O6S2,CCCCCCCCCCCCCCCC(=O)NC(CSSCC(NC(=O)CCCCCCCCCCCCCCC)C(O)=O)C(O)=O,-3.114961212
736.5247803,8.398083333,1924010.834,2138373.834,1899181.209,1023917.334,8150685.834,9515019.334,6821998.834,10174562.33,10841939.33,9038166,C38H72N2O6S2,CCCCCCCCCCCCCCCC(=O)NC(CSSCC(NC(=O)CCCCCCCCCCCCCCC)C(O)=O)C(O)=O,-4.433548604
738.6706543,10.98853333,3049249.199,4319782.699,3588102.449,4480312.699,100,100,100,100,100,33821.16797,C43H83N3O4,CCCCC/C=C\C\C=C/CCCCCCCC(O)=O.CCCCC/C=C\C\C=C/CCCCCCCC(O)=O.CN(CCCN)CCCN,-4.336832293
740.2267049,6.438633333,100,100,100,100,461774.9043,590418.1543,538044.9043,654333.2793,100,100,C39H35N3O6S2,CN(C)c1ccc(cc1)C(C(O[S](=O)(=O)c2ccccc2)=NC3Cc4ccc3cc4)C(O[S](=O)(=O)c5ccccc5)=NC6Cc7ccc6cc7,-0.570408892
740.7293905,6.433816667,100,100,100,100,351054.7413,443518.8975,539341.085,396362.2725,100,100,C22H18Br4Cl2O4,CC(C)(c1cc(Br)c(O)c(Br)c1)c2cc(Br)c(O)c(Br)c2.Oc3ccccc3.ClC(Cl)=O,0
740.7293905,6.433816667,100,100,100,100,351054.7413,443518.8975,539341.085,396362.2725,100,100,C22H18Br4Cl2O4,CC(C)(c1cc(Br)c(O)c(Br)c1)c2cc(Br)c(O)c(Br)c2.Oc3ccccc3.ClC(Cl)=O,0
740.7293905,6.433816667,100,100,100,100,351054.7413,443518.8975,539341.085,396362.2725,100,100,C22H18Br4Cl2O4,CC(C)(c1cc(Br)c(O)c(Br)c1)c2cc(Br)c(O)c(Br)c2.Oc3ccccc3.ClC(Cl)=O,0
741.18868,6.550533333,100,100,100,100,217720.1719,241151.7969,257334.6406,187396.8906,100,100,C36H34Cl2N6O6,CCOc1ccc(NC(=O)C(N=Nc2ccc(c(Cl)c2)c3ccc(cc3Cl)N=NC(C(C)=O)C(=O)Nc4ccc(OCC)cc4)C(C)=O)cc1,0
741.18868,6.550533333,100,100,100,100,217720.1719,241151.7969,257334.6406,187396.8906,100,100,C36H34Cl2N6O6,CCOc1ccc(NC(=O)C(N=Nc2ccc(cc2Cl)c3ccc(N=NC(C(C)=O)C(=O)Nc4ccc(OCC)cc4)c(Cl)c3)C(C)=O)cc1,0
741.18868,6.550533333,100,100,100,100,217720.1719,241151.7969,257334.6406,187396.8906,100,100,C44H26N4O8,O=C(Nc1cccc2C(=O)c3c(NC(=O)c4ccccc4)cccc3C(=O)c12)C(=O)Nc5cccc6C(=O)c7c(NC(=O)c8ccccc8)cccc7C(=O)c56,-0.594082348
742.0230103,10.99768333,11885041.16,8947181.156,14531715.16,7661294.656,100,100,100,100,100,54907.30078,C21H9N15O18,[O-][N+](=O)c1cc(c(Nc2nc(Nc3c(cc(cc3[N+]([O-])=O)[N+]([O-])=O)[N+]([O-])=O)nc(Nc4c(cc(cc4[N+]([O-])=O)[N+]([O-])=O)[N+]([O-])=O)n2)c(c1)[N+]([O-])=O)[N+]([O-])=O,0
742.0230103,10.99768333,11885041.16,8947181.156,14531715.16,7661294.656,100,100,100,100,100,54907.30078,C26H19N5O12S4,Nc1ccc(N=Nc2ccc(N=Nc3cc(ccc3[S](O)(=O)=O)[S](O)(=O)=O)c4cc(ccc24)[S](O)(=O)=O)c5cccc(c15)[S](O)(=O)=O,-4.961257441
742.0230103,10.99768333,11885041.16,8507684.156,14531715.16,7661294.656,100,100,100,100,100,54907.30078,C21H9N15O18,[O-][N+](=O)c1cc(c(Nc2nc(Nc3c(cc(cc3[N+]([O-])=O)[N+]([O-])=O)[N+]([O-])=O)nc(Nc4c(cc(cc4[N+]([O-])=O)[N+]([O-])=O)[N+]([O-])=O)n2)c(c1)[N+]([O-])=O)[N+]([O-])=O,0
742.0230103,10.99768333,11885041.16,8507684.156,14531715.16,7661294.656,100,100,100,100,100,54907.30078,C26H19N5O12S4,Nc1ccc(N=Nc2ccc(N=Nc3cc(ccc3[S](O)(=O)=O)[S](O)(=O)=O)c4cc(ccc24)[S](O)(=O)=O)c5cccc(c15)[S](O)(=O)=O,-4.961257441
742.0229492,10.99768333,1876431.531,1331507.531,2003352.406,868016.2813,100,100,100,100,100,100,C21H9N15O18,[O-][N+](=O)c1cc(c(Nc2nc(Nc3c(cc(cc3[N+]([O-])=O)[N+]([O-])=O)[N+]([O-])=O)nc(Nc4c(cc(cc4[N+]([O-])=O)[N+]([O-])=O)[N+]([O-])=O)n2)c(c1)[N+]([O-])=O)[N+]([O-])=O,0
742.0229492,10.99768333,1876431.531,1331507.531,2003352.406,868016.2813,100,100,100,100,100,100,C26H19N5O12S4,Nc1ccc(N=Nc2ccc(N=Nc3cc(ccc3[S](O)(=O)=O)[S](O)(=O)=O)c4cc(ccc24)[S](O)(=O)=O)c5cccc(c15)[S](O)(=O)=O,-4.040938901
743.4897868,8.093616667,98389770.89,65683978.89,82180002.89,63210390.89,100,100,100,100,100,139512.3438,C38H59N7O6,CCCCCCCCCc1ccccc1O.CC(C)(c2ccc(O)cc2)c3ccc(O)cc3.Nc4nc(N)nc(N)n4.OCCNCCO.C=O,-0.505604829
743.4897868,8.093616667,98389770.89,65683978.89,82180002.89,63210390.89,100,100,100,100,100,139512.3438,C38H59N7O6,CCCCCCCCCc1ccccc1O.CC(C)(c2ccc(O)cc2)c3ccc(O)cc3.Nc4nc(N)nc(N)n4.OCCNCCO.C=O,-0.505604829
743.4897868,8.093616667,98389770.89,65683978.89,82180002.89,63210390.89,100,100,100,100,100,139512.3438,C38H59N7O6,CCCCCCCCCc1ccccc1O.CC(C)(c2ccc(O)cc2)c3ccc(O)cc3.Nc4nc(N)nc(N)n4.OCCNCCO.C=O,-0.505604829
744.4925944,8.093616667,41507073.51,28157409.51,34075597.51,26582049.51,100,100,100,100,100,100,C38H59N7O6,CCCCCCCCCc1ccccc1O.CC(C)(c2ccc(O)cc2)c3ccc(O)cc3.Nc4nc(N)nc(N)n4.OCCNCCO.C=O,-0.624283811
744.4938354,8.093616667,11386737.51,6870377.012,8860498.512,6176323.012,100,100,2418637.512,100,100,100,C38H59N7O6,CCCCCCCCCc1ccccc1O.CC(C)(c2ccc(O)cc2)c3ccc(O)cc3.Nc4nc(N)nc(N)n4.OCCNCCO.C=O,-3.903027904
747.4289144,9.902316667,100,100,100,100,100,100,1084668.75,100,100,100,C43H57N2O6S,CC[N+](C)(CC)CCOC12C=CC=CC1(C=C2)c3ccc(cc3)c4ccc(cc4)C56C=CC=CC5(OCC[N+](C)(CC)CC)C=C6.CO[S]([O-])(=O)=O,0
747.4289144,9.902316667,100,100,100,100,100,100,1084668.75,100,100,100,C44H67O2PS2,CCCCCCCCCCCCc1cccc(O[P@@](=S)(Oc2cccc(CCCCCCCCCCCC)c2)SCCc3ccccc3)c1,0
748.4958293,7.521783333,523840.5215,308499.1465,177941.584,223850.1153,1667497.584,1109619.209,2134561.334,2735496.084,100,100,C36H65N3O11,CCC(CO)(CO)CO.CC1(C)CC(N)CC(C)(CN)C1.NC2CCCCC2.OC(=O)CCCCC(O)=O.OC(=O)c3cccc(c3)C(O)=O,-0.083332062
749.5001628,7.521783333,211884.2266,100,100,100,599268.8516,933418.5391,806664.4141,1121132.914,100,555867.8125,C36H65N3O11,CCC(CO)(CO)CO.CC1(C)CC(N)CC(C)(CN)C1.NC2CCCCC2.OC(=O)CCCCC(O)=O.OC(=O)c3cccc(c3)C(O)=O,-5.04717173
750.0198568,10.3561,4353193.118,6148785.618,7791205.618,5254896.118,100,100,100,100,100,25185.42578,C25H21N3O14S4,O[S](=O)(=O)OCC[S](=O)(=O)c1ccc(N\N=C\2C(=O)c3c(NC(=O)c4ccccc4)ccc(c3C=C2[S](O)(=O)=O)[S](O)(=O)=O)cc1,-0.515083343
750.0198568,10.3561,6006628.118,6148785.618,7791205.618,5254896.118,100,100,100,100,100,25185.42578,C25H21N3O14S4,O[S](=O)(=O)OCC[S](=O)(=O)c1ccc(N\N=C\2C(=O)c3c(NC(=O)c4ccccc4)ccc(c3C=C2[S](O)(=O)=O)[S](O)(=O)=O)cc1,-0.515083343
750.0189209,10.38516667,960740.8682,993120.1182,1189065.993,926950.1807,100,100,100,100,100,100,C25H21N3O14S4,O[S](=O)(=O)OCC[S](=O)(=O)c1ccc(N\N=C\2C(=O)c3c(NC(=O)c4ccccc4)ccc(c3C=C2[S](O)(=O)=O)[S](O)(=O)=O)cc1,-4.056275869
751.4799194,7.394383333,40932824.2,37457352.2,26280872.2,25306024.2,513013.8281,754052.3281,3175223.203,4111432.453,100,100,C42H70O9S,CCCCCCCCCCCCS.CCCCOC(=O)C=C.COC(=O)C(C)=C.CC(=C)C(O)=O.CC(=C)C(=O)OCCO.C=Cc1ccccc1,-4.526968558
751.4799194,7.394383333,40932824.2,37457352.2,26280872.2,25306024.2,513013.8281,754052.3281,3175223.203,4111432.453,100,100,C42H70O9S,CCCCCCCCCCCCS.CCCCOC(=O)C=C.COC(=O)C(C)=C.CC(=C)C(O)=O.CC(=C)C(=O)OCCO.C=Cc1ccccc1,-4.526968558
751.5241903,10.48721667,208684.0704,317136.3204,263312.7266,269446.4766,100,100,100,100,100,27562.81836,C38H72N2O6S2,CCCCCCCCCCCCCCCC(=O)NC(CSSCC(NC(=O)CCCCCCCCCCCCCCC)C(O)=O)C(O)=O,-3.077436378
751.4799805,7.394383333,16094024.2,14093944.2,10213573.2,10301462.2,221328.7656,294911.1094,1137078.828,1443095.578,100,298343.7188,C42H70O9S,CCCCCCCCCCCCS.CCCCOC(=O)C=C.COC(=O)C(C)=C.CC(=C)C(O)=O.CC(=C)C(=O)OCCO.C=Cc1ccccc1,-4.465665565
753.0437622,10.82271667,185886.8535,114571.6347,378427.7754,111708.6191,100,100,100,100,100,100,C34H24Cl2N4O8S2Sr,[Sr++].Cc1cc(N\N=C\2C(=O)C=Cc3ccccc23)c(cc1Cl)[S]([O-])(=O)=O.Cc4cc(N\N=C\5C(=O)C=Cc6ccccc56)c(cc4Cl)[S]([O-])(=O)=O,-0.593162162
755.2497762,8.599716667,100,100,100,100,2566563.807,2559780.807,2392494.307,1792685.057,100,53214.875,C30H39N7O11S2,Nc1ccc2C(=O)C(=N/Nc3ccc(cc3)N=Nc4ccc(cc4)[S](O)(=O)=O)\C(=Cc2c1)[S](O)(=O)=O.OCCNCCO.OCCNCCO,-4.653373817
757.4854329,8.8037,100,100,100,100,1153647.82,650631.7578,242131.9766,998959.5703,192749.2266,58438.73438,C40H72N2O7S2,CCCCCCCCCCCCc1ccc(cc1)[S](O)(=O)=O.CCCCCCCCCCCCc2ccc(cc2)[S](O)(=O)=O.NCCNCCO,-0.081833855
759.4703979,8.832433333,100,133850.8438,100,158496.6719,4119838.5,3302117.25,2713409.25,6085331,100,91728.27344,C39H64O13,CCCCCCCCCCCCOC(=O)C(C)=C.CCCCOC(=O)\C=C/C(O)=O.CC(=O)OC=C.CC(=C)C(O)=O.CC(=C)C(=O)OCC1CO1,-5.055338037
759.4703979,8.832433333,100,133850.8438,100,158496.6719,4119838.5,3302117.25,2713409.25,6085331,100,91728.27344,C39H64O13,CCCCCCCCCCCCOC(=O)C(C)=C.CCCCOC(=O)\C=C/C(O)=O.CC(=O)OC=C.CC(=C)C(O)=O.CC(=C)C(=O)OCC1CO1,-5.055338037
759.4703979,8.832433333,100,100,100,158496.6719,4119838.5,3302117.25,2713409.25,6085331,100,91728.27344,C39H64O13,CCCCCCCCCCCCOC(=O)C(C)=C.CCCCOC(=O)\C=C/C(O)=O.CC(=O)OC=C.CC(=C)C(O)=O.CC(=C)C(=O)OCC1CO1,-5.055338037
759.5949707,10.0645,98864601.61,85533977.61,105713553.6,94294633.61,770773.543,1031324.73,927724.793,970125.1685,147404.5586,201158.2188,C16H8Br6N2O2,Brc1cc(Br)c(NC(=O)\C=C\C(=O)Nc2c(Br)cc(Br)cc2Br)c(Br)c1,0
759.5949707,10.0645,98864601.61,85533977.61,105713553.6,94294633.61,770773.543,1031324.73,927724.793,970125.1685,147404.5586,201158.2188,C39H82O7P2,CCCCCCCCCCCCCO[P](O)(=O)O[P](=O)(OCCCCCCCCCCCCC)OCCCCCCCCCCCCC,0
761.3919271,4.1906,2773992.4,3294289.4,1669137.025,2244956.4,100,100,100,100,100,100,C30H62O21,OCC(O)COCC(O)COCC(O)COCC(O)COCC(O)COCC(O)COCC(O)COCC(O)COCC(O)COCC(O)CO,-0.525511643
761.3919271,4.1906,2773992.4,3294289.4,1669137.025,2244956.4,100,100,100,100,100,100,C30H62O21,OCC(O)COCC(O)COCC(O)COCC(O)COCC(O)COCC(O)COCC(O)COCC(O)COCC(O)COCC(O)CO,-0.525511643
761.5376994,8.947283333,81729005.25,81703141.25,71776845.25,84216333.25,100,100,100,100,100,910787.9375,C46H66N2O5,CCCCCCCCCCCCCCCCCC([O-])=O.CCN(CC)c1ccc2c(c1)[o+]c3cc(ccc3c2c4ccccc4C(O)=O)N(CC)CC,-0.607331511
762.210144,8.745433333,100,100,100,100,2648313.875,1700175.875,565507.75,2574475.125,100,100,C30H39N7O11S2,Nc1ccc2C(=O)C(=N/Nc3ccc(cc3)N=Nc4ccc(cc4)[S](O)(=O)=O)\C(=Cc2c1)[S](O)(=O)=O.OCCNCCO.OCCNCCO,0
762.210144,8.745433333,100,100,100,100,2648313.875,1700175.875,565507.75,2574475.125,100,100,C46H36Cl2N4O4,COc1cccc(c1)c2nc(n(n3c(nc(c4cccc(OC)c4)c3c5cccc(OC)c5)c6ccccc6Cl)c2c7cccc(OC)c7)c8ccccc8Cl,0
766.2366536,6.38115,1312950.908,1625689.658,1773818.283,2041448.658,100,100,100,100,100,100,C39H47N3O6S4,CCN(CC)CC.CCC(C=C1Sc2ccc3ccccc3c2N1CCC[S](O)(=O)=O)=Cc4sc5ccc6ccccc6c5[n+]4CCC[S]([O-])(=O)=O,0
766.2366536,6.38115,1312950.908,1625689.658,1773818.283,2041448.658,100,100,100,100,100,100,C33H45Cl2N3O8S2,CCN(CC)CC.CCC(C=C1Oc2ccc(Cl)cc2N1CCCC[S](O)(=O)=O)=Cc3oc4ccc(Cl)cc4[n+]3CCCC[S]([O-])(=O)=O,-1.62932389
771.4845581,7.5275,100,100,100,100,100,100,100,726032.3438,2973485.344,21139182,C39H67N3O12,CC1(C)CC(N)CC(C)(CN)C1.NC2CCCCC2.OC(=O)CCCCCCCC(O)=O.OC(=O)CCCCC(O)=O.OC(=O)c3cccc(c3)C(O)=O,-5.017940809
773.2166545,8.715833333,100,100,100,100,2391370,2507501.75,910607.375,2626921.75,100,100,C43H35N3O3S3,CN1\C(Sc2ccc3ccccc3c12)=C/C(=Cc4sc5ccc6ccccc6c5[n+]4C)c7c(C)[nH]c8ccccc78.Cc9ccc(cc9)[S]([O-])(=O)=O,0
773.2166545,8.715833333,100,100,100,100,2391370,2507501.75,910607.375,2626921.75,100,100,C44H26N4O8,O=C(Nc1cccc2C(=O)c3c(NC(=O)c4ccccc4)cccc3C(=O)c12)C(=O)Nc5cccc6C(=O)c7c(NC(=O)c8ccccc8)cccc7C(=O)c56,-5.124861577
773.2166545,8.715833333,100,100,100,100,2391370,2507501.75,910607.375,2626921.75,100,100,C43H35N3O3S3,CN1\C(Sc2ccc3ccccc3c12)=C/C(=Cc4sc5ccc6ccccc6c5[n+]4C)c7c(C)[nH]c8ccccc78.Cc9ccc(cc9)[S]([O-])(=O)=O,0
773.2166545,8.715833333,100,100,100,100,2391370,2507501.75,910607.375,2626921.75,100,100,C44H26N4O8,O=C(Nc1cccc2C(=O)c3c(NC(=O)c4ccccc4)cccc3C(=O)c12)C(=O)Nc5cccc6C(=O)c7c(NC(=O)c8ccccc8)cccc7C(=O)c56,-5.124861577
774.5922038,8.398083333,100,100,100,100,2893765.375,4723510.375,2734704.125,3977279.375,17381210.38,5869939,C44H88N2S4,CCCCCCCCCCCCCCCCCCN(C(C)C)C(=S)SSC(=S)N(CCCCCCCCCCCCCCCCCC)C(C)C,-6.132471352
776.0623169,10.70606667,341137.7735,340654.0235,646424.6172,645941.2422,100,100,100,100,100,23234.20508,C36H21Cl4N5O5,Clc1cccc(NC(=O)C(N=Nc2cccc3C(=O)c4c(NC(=O)c5ccccc5)cccc4C(=O)c23)C(=O)Nc6cccc(Cl)c6Cl)c1Cl,0
776.0623169,10.70606667,341137.7735,340654.0235,646424.6172,645941.2422,100,100,100,100,100,23234.20508,C40H24Cl4N6O4,Oc1cc2ccccc2cc1C(=O)N=NNc3cc(Cl)c(cc3Cl)c4ccc(cc4)c5cc(Cl)c(NN=NC(=O)c6cc7ccccc7cc6O)cc5Cl,0
779.2070923,9.834916667,400040.043,525792.2617,737224.5117,511654.2617,229615.6992,405826.6055,441389.8867,149824.8867,445511.4492,3077414.25,C36H36N6O10S2,CC(=O)C(N=Nc1ccc(c2ccc(cc2[S](O)(=O)=O)N=NC(C(C)=O)C(=O)Nc3ccc(C)cc3C)c(c1)[S](O)(=O)=O)C(=O)Nc4ccc(C)cc4C,-0.554681484
780.2793376,3.987,1487623.805,1715629.43,804284.8047,1257917.93,100,100,100,100,100,100,C41H36N4O11,CC(=C)C(=O)OCCO.Nc1ccc(Oc2ccc(N)cc2)cc1.Nc3cccc(N)c3.O=C4OC(=O)c5cc(ccc45)C(=O)c6ccc7C(=O)OC(=O)c7c6,-0.57340899
779.2069092,9.834916667,256291.4492,273118.7305,414217.8555,305722.6055,126334.2305,179650.3242,255466.293,100,268863.4492,1582771.75,C36H36N6O10S2,CC(=O)C(N=Nc1ccc(c2ccc(cc2[S](O)(=O)=O)N=NC(C(C)=O)C(=O)Nc3ccc(C)cc3C)c(c1)[S](O)(=O)=O)C(=O)Nc4ccc(C)cc4C,-0.554557383
783.5462036,9.0095,100,100,103036.7012,179297.8887,100,100,100,104462.7325,1296067.201,428373.875,C40H80O15,CCCCCCO.CCCCCCCCO.CCCCCCCCCCO.OC(=O)CCCCC(O)=O.OC(=O)CCCCC(O)=O.OC(=O)CCC(O)=O,0
783.5462036,9.0095,100,100,103036.7012,179297.8887,100,100,100,104462.7325,1296067.201,428373.875,C44H68N4O7,CC1(C)CC(CC(C)(CN=C=O)C1)N=C=O.NC2CCC(CC2)CC3CCC(N)CC3.OCCCCCCO.O=C(Oc4ccccc4)Oc5ccccc5,-0.498429721
784.5350749,7.731216667,100,100,100,107810.2969,210567.0626,213508.0313,420026.8126,225745.8126,100,922822.125,C48H66N2O5,CCCCCCCCCCCCCCCCOC(=O)c1ccc2c(c1)C(=O)OC2(c3ccc(cc3OCC)N(CC)CC)c4c(C)n(CC)c5ccccc45,0
784.5350749,7.731216667,100,100,100,107810.2969,210567.0626,213508.0313,420026.8126,225745.8126,100,922822.125,C48H66N2O5,CCCCCCCCCCCCCCCCOC(=O)c1ccc2C(=O)OC(c3ccc(cc3OCC)N(CC)CC)(c2c1)c4c(C)n(CC)c5ccccc45,0
784.7257894,8.686583333,100,100,100,100,1632540.182,1677448.682,746283.0566,1202672.307,100,100,C45H90N4O5,CCCCCCCCCCCCCCCCCC(=O)NCCN(CCO)C(=O)N(CCO)CCNC(=O)CCCCCCCCCCCCCCCCC,-3.031775891
785.4634399,6.752683333,4432551.5,4156426.25,1479561.125,1978565.125,100,100,100,100,100,100,C39H62N2O13,CC1CO1.CC2CO2.CC3CO3.OCCCCCCO.OCC(O)CO.O=C=Nc4ccc(Cc5ccc(cc5)N=C=O)cc4.C6CO6.C7CO7.C8CO8,-3.484772243
786.4668376,6.752683333,1832983.125,1662310.5,638988.9375,950437.5625,100,100,100,100,100,100,C39H62N2O13,CC1CO1.CC2CO2.CC3CO3.OCCCCCCO.OCC(O)CO.O=C=Nc4ccc(Cc5ccc(cc5)N=C=O)cc4.C6CO6.C7CO7.C8CO8,-3.895230292
792.6128743,9.787216667,1215618.051,1406421.301,100,100,100,100,1152377.801,901939.7388,100,77083.48438,C54H76N6,CCCN(CCC)c1ccc(cc1)N(c2ccc(cc2)N(CCC)CCC)c3ccc(cc3)N(c4ccc(cc4)N(CCC)CCC)c5ccc(cc5)N(CCC)CCC,0
792.6128743,9.787216667,1215618.051,1406421.301,100,100,100,100,1152377.801,901939.7388,100,77083.48438,C44H88N2S4,CCCCCCCCCCCCCCCCCCN(C(C)C)C(=S)SSC(=S)N(CCCCCCCCCCCCCCCCCC)C(C)C,0
792.613383,9.704716667,100,100,345113.1133,1143581.801,774227.6758,100,375001.1133,100,100,77083.48438,C54H76N6,CCCN(CCC)c1ccc(cc1)N(c2ccc(cc2)N(CCC)CCC)c3ccc(cc3)N(c4ccc(cc4)N(CCC)CCC)c5ccc(cc5)N(CCC)CCC,0
792.613383,9.704716667,100,100,345113.1133,1143581.801,774227.6758,100,375001.1133,100,100,77083.48438,C44H88N2S4,CCCCCCCCCCCCCCCCCCN(C(C)C)C(=S)SSC(=S)N(CCCCCCCCCCCCCCCCCC)C(C)C,0
795.541687,7.638516667,3164634.012,2406483.262,2515096.762,2405785.262,40160066.26,31572490.26,29272198.26,25694618.26,29992660.26,20019822,C38H71N3O12,CCN(CC)CC.CC(CO)(CO)C(O)=O.OCCCCCCO.OC(=O)CCCCC(O)=O.O=C=NC1CCC(CC1)CC2CCC(CC2)N=C=O,-4.004337345
795.541687,7.638516667,3164634.012,2406483.262,1543371.387,2405785.262,40160066.26,31572490.26,29272198.26,25694618.26,28163462.26,14965024,C38H71N3O12,CCN(CC)CC.CC(CO)(CO)C(O)=O.OCCCCCCO.OC(=O)CCCCC(O)=O.O=C=NC1CCC(CC1)CC2CCC(CC2)N=C=O,-3.004337345
796.212911,5.211683333,100,100,100,100,2055146.875,1656531.25,1518322.375,1426955.625,100,100,C38H32N8O7S2,Cc1cc(NC(=O)c2ccc(N)cc2)ccc1N=Nc3ccc(N=Nc4ccc(N=Nc5ccc6cc(cc(c6c5)[S](O)(=O)=O)[S](O)(=O)=O)c(C)c4)c(C)c3,0.176393108
796.5449015,7.638516667,1638475.773,1196509.023,755962.5859,1068306.273,16838667.9,13390760.9,11779510.9,11415003.9,13852801.9,7699649.5,C38H71N3O12,CCN(CC)CC.CC(CO)(CO)C(O)=O.OCCCCCCO.OC(=O)CCCCC(O)=O.O=C=NC1CCC(CC1)CC2CCC(CC2)N=C=O,-2.364337907
796.5449015,7.638516667,1331265.148,1196509.023,755962.5859,1068306.273,16838667.9,13390760.9,11779510.9,11415003.9,13852801.9,7699649.5,C38H71N3O12,CCN(CC)CC.CC(CO)(CO)C(O)=O.OCCCCCCO.OC(=O)CCCCC(O)=O.O=C=NC1CCC(CC1)CC2CCC(CC2)N=C=O,-2.364337907
798.5046387,4.5968,7868813.104,7603803.104,6318846.604,4755591.104,100,100,100,100,100,100,C37H68N2O14,CC(C)(CO)CO.CC(CO)(CO)C(O)=O.OCCCCCCO.OC(=O)CCCCC(O)=O.O=C=NC1CCC(CC1)CC2CCC(CC2)N=C=O,-0.490800824
798.5046387,4.5968,7868813.104,7603803.104,6318846.604,4755591.104,100,100,100,100,100,100,C46H66O10,CCCCCCCCCCOC(=O)c1ccccc1C(=O)OCC(CC)(COC(=O)C(C)=C)COC(=O)c2ccccc2C(=O)OCCCCCCCCCC,-5.153542166
798.5043945,4.598066667,2805639.5,3121243.25,1974476.75,1698385.75,100,100,100,100,100,100,C37H68N2O14,CC(C)(CO)CO.CC(CO)(CO)C(O)=O.OCCCCCCO.OC(=O)CCCCC(O)=O.O=C=NC1CCC(CC1)CC2CCC(CC2)N=C=O,-0.497194709
802.4553833,4.830983333,12924817,16901690,11131614,13583698,237625.8906,292745.1563,170914.8438,163330.4688,100,189964.3594,C54H56O4,CCCCCCCCCCOc1cc2c3ccccc3C(=O)c4ccc5c6ccc7C(=O)c8ccccc8c9cc(OCCCCCCCCCC)c(c1c5c24)c6c79,-0.515787807
803.5101929,7.102433333,3538749,1057554,1093285.625,1204760.75,145600.5625,100,284034.6563,204644.7188,100,100,C39H67N3O12,CC1(C)CC(N)CC(C)(CN)C1.NC2CCCCC2.OC(=O)CCCCCCCC(O)=O.OC(=O)CCCCC(O)=O.OC(=O)c3cccc(c3)C(O)=O,-2.917816442
802.4556885,4.830983333,4616615.5,6103172.5,3945040,5297300.5,100,100,100,100,100,100,C54H56O4,CCCCCCCCCCOc1cc2c3ccccc3C(=O)c4ccc5c6ccc7C(=O)c8ccccc8c9cc(OCCCCCCCCCC)c(c1c5c24)c6c79,-3.927637766
803.510376,7.102433333,1432877.75,439483.25,591964.5,579762.875,100,100,100,100,100,100,C39H67N3O12,CC1(C)CC(N)CC(C)(CN)C1.NC2CCCCC2.OC(=O)CCCCCCCC(O)=O.OC(=O)CCCCC(O)=O.OC(=O)c3cccc(c3)C(O)=O,-2.874553335
812.0756022,10.5602,100,100,294570.4766,215034.5079,100,100,100,100,100,100,C32H25Cl2CrN10O8S2,[H+].[Cr+3].Cc1nn(c([O-])c1N=Nc2cc(Cl)ccc2[O-])c3ccc(cc3)[S](N)(=O)=O.Cc4nn(c([O-])c4N=Nc5cc(Cl)ccc5[O-])c6ccc(cc6)[S](N)(=O)=O,-0.403552046
814.6449178,11.88926667,100,100,100,100,431945.3125,642186.4375,501988.875,629301.375,100,42885.74219,C42H86N2O9S,CCCCCCCCCCCCCCCC(=O)OCC[N+](C)(CCO)CCN(CCO)C(=O)CCCCCCCCCCCCCCC.CO[S]([O-])(=O)=O,-2.707133351
814.6449178,11.88926667,100,100,100,100,431945.3125,642186.4375,158916.5313,629301.375,100,42885.74219,C42H86N2O9S,CCCCCCCCCCCCCCCC(=O)OCC[N+](C)(CCO)CCN(CCO)C(=O)CCCCCCCCCCCCCCC.CO[S]([O-])(=O)=O,-2.707133351
815.6074829,8.630933333,100,100,100,100,100,100,100,100,13378612,642790.1875,C45H81NO8S,CCCCCCCCCCCCS.COC(=O)C(C)=C.CC(=C)C(O)=O.CC(=C)C(=O)OCCNC(C)(C)C.CC(=C)C(=O)O[C@H]1C[C@@H]2CC[C@@]1(C)C2(C)C,-4.620171104
821.7732544,6.292133333,100,100,100,100,377209.375,376811.125,348132.9063,454135.125,100,100,C50H98N4O4,CCCCCCCCCCCCCCCCC(CCN)C(=O)NC(=O)CCCCCCCCC(=O)NC(=O)C(CCN)CCCCCCCCCCCCCCCC,-0.617841314
822.108134,9.767466667,100,100,100,100,100,100,100,100,475551.5665,217253.4063,C36H32Cl4N6O8,COc1cc(NC(=O)C(N=Nc2ccc(cc2Cl)c3ccc(N=NC(C(C)=O)C(=O)Nc4cc(OC)c(Cl)cc4OC)c(Cl)c3)C(C)=O)c(OC)cc1Cl,0
822.108134,9.767466667,100,100,100,100,100,100,100,100,475551.5665,217253.4063,C36H32Cl4N6O8,COc1cc(NC(=O)C(N=Nc2ccc(c(Cl)c2)c3ccc(cc3Cl)N=NC(C(C)=O)C(=O)Nc4cc(OC)c(Cl)cc4OC)C(C)=O)c(OC)cc1Cl,0
823.5634359,8.491133333,428382.1191,531761.9316,724912.3066,163662.0097,100,100,175752.1972,100,100,27443.83789,C38H78O16,CCCCCCCCCC(O)=O.CCCCCCCC(O)=O.CCCCC(O)=O.OCC(CO)(CO)COCC(CO)(CO)COCC(CO)(CO)CO,-3.020830787
842.3244832,6.204783333,100,100,100,100,251458.6719,319539.4063,250970.3594,510515.25,100,100,C41H46N2O16,COC(=O)c1ccc(cc1)C(=O)OC.CC(OCCCOCCN2C(=O)c3ccc(cc3C2=O)C(O)=O)C(C)N4C(=O)c5ccc(cc5C4=O)C(O)=O.OCCCCO,-0.572548594
842.6750488,10.17666667,100,100,100,100,105069.4727,100,100,100,100,100,C44H91NO9S,CCCCCCCCCCCCCCCCCC(=O)OCC[N+](C)(CCO)CCOC(=O)CCCCCCCCCCCCCCCCC.CO[S](O)(O)[O-],-0.105630455
843.5891317,11.33038333,428420.0879,318770.9942,404524.9629,353411.9942,100,100,100,100,100,100,C40H79N3O14,NCCCCCCN.NCCCCCC(O)=O.OC(=O)CCCCCCCCCCC(O)=O.OC(=O)CCCCCCCCC(O)=O.OC(=O)CCCCC(O)=O,-2.883745613
843.5895793,11.51018333,4445788.9,4650146.9,922915.4629,3269445.65,147527.2442,181586.2129,151129.6973,184416.1348,100,147254.9844,C40H79N3O14,NCCCCCCN.NCCCCCC(O)=O.OC(=O)CCCCCCCCCCC(O)=O.OC(=O)CCCCCCCCC(O)=O.OC(=O)CCCCC(O)=O,0.011851573
843.6392212,9.2134,100,100,100,100,100,100,100,100,4110905.125,904802.6875,C47H85NO8S,CCCCCCCCCC(C)(C)S.CC(C)CCCCCCCOC(=O)C(C)=C.CN(C)CCO.CC(=C)C(=O)OCCO.OC(=O)C=C.C=Cc1ccccc1,-3.070482476
842.6488647,7.205166667,100,133333.25,100,100,101154.125,100,100,100,8649864,193142.4531,C54H76N6,CCCN(CCC)c1ccc(cc1)N(c2ccc(cc2)N(CCC)CCC)c3ccc(cc3)N(c4ccc(cc4)N(CCC)CCC)c5ccc(cc5)N(CCC)CCC,-4.975193669
844.08962,11.43485,7444330,7518337.5,9973213,6757872,100,100,100,100,100,48094.14453,C36H32Cl4N6O8,COc1cc(NC(=O)C(N=Nc2ccc(cc2Cl)c3ccc(N=NC(C(C)=O)C(=O)Nc4cc(OC)c(Cl)cc4OC)c(Cl)c3)C(C)=O)c(OC)cc1Cl,0
844.08962,11.43485,7444330,7518337.5,9973213,6757872,100,100,100,100,100,48094.14453,C36H32Cl4N6O8,COc1cc(NC(=O)C(N=Nc2ccc(c(Cl)c2)c3ccc(cc3Cl)N=NC(C(C)=O)C(=O)Nc4cc(OC)c(Cl)cc4OC)C(C)=O)c(OC)cc1Cl,0
844.5925496,11.52248333,4220407.111,2438971.361,4517891.611,3259196.111,100,100,100,100,100,49563.12891,C40H79N3O14,NCCCCCCN.NCCCCCC(O)=O.OC(=O)CCCCCCCCCCC(O)=O.OC(=O)CCCCCCCCC(O)=O.OC(=O)CCCCC(O)=O,-2.011304391
844.5925496,11.52248333,4220407.111,3677725.111,4691052.611,3518695.111,100,100,100,100,100,49563.12891,C40H79N3O14,NCCCCCCN.NCCCCCC(O)=O.OC(=O)CCCCCCCCCCC(O)=O.OC(=O)CCCCCCCCC(O)=O.OC(=O)CCCCC(O)=O,-2.011304391
845.5953166,9.481916667,105053581.1,107206189.1,146413893.1,73305357.12,100,100,100,100,100,67382.33594,C40H79N3O14,NCCCCCCN.NCCCCCC(O)=O.OC(=O)CCCCCCCCCCC(O)=O.OC(=O)CCCCCCCCC(O)=O.OC(=O)CCCCC(O)=O,-4.74860057
849.589681,8.947283333,59142952.71,48155396.71,74223980.71,94941108.71,159358.1601,100,100,100,595235.1445,345669.1875,C49H84O9S,CCCCCCCCCC(C)(C)S.CCCCOC(=O)C(C)=C.CCCCC(CC)COC(=O)C=C.COC(=O)C(C)=C.OCCOC(=O)C=C.C=Cc1ccccc1,-3.611645346
850.5927734,8.947283333,28368233.39,22346953.39,35037103.39,47851799.39,100,100,100,100,143921.668,104897.5625,C49H84O9S,CCCCCCCCCC(C)(C)S.CCCCOC(=O)C(C)=C.CCCCC(CC)COC(=O)C=C.COC(=O)C(C)=C.OCCOC(=O)C=C.C=Cc1ccccc1,-4.420169737
856.6334839,8.889066667,1079044.387,708509.7617,1283182.387,1490305.512,100,100,100,100,100,100,C47H85NO8S,CCCCCCCCCC(C)(C)S.CC(C)CCCCCCCOC(=O)C(C)=C.CN(C)CCO.CC(=C)C(=O)OCCO.OC(=O)C=C.C=Cc1ccccc1,-0.751179336
876.0703939,11.51018333,1372039,1492967.125,1474543.125,1309850.875,100,100,100,100,100,100,C34H26N4O14S4,Cc1cc(N\N=C2/C(=O)C(=Cc3cc(ccc23)[S](O)(=O)=O)[S](O)(=O)=O)ccc1c4ccc(N\N=C5/C(=O)C(=Cc6cc(ccc56)[S](O)(=O)=O)[S](O)(=O)=O)cc4C,-0.611903589
876.7994181,9.8148,100,100,100,100,607058.5,736413.125,4064097.5,737498.6875,100,100,C31H28Br4Cl2O5,CC(C)(c1ccc(O)cc1)c2ccc(O)cc2.CC(C)(c3cc(Br)c(O)c(Br)c3)c4cc(Br)c(O)c(Br)c4.ClC(Cl)=O,0
876.7994181,9.8148,100,100,100,100,607058.5,736413.125,4064097.5,737498.6875,100,100,C31H28Br4Cl2O5,CC(C)(c1ccc(O)cc1)c2ccc(O)cc2.CC(C)(c3cc(Br)c(O)c(Br)c3)c4cc(Br)c(O)c(Br)c4.ClC(Cl)=O,0
876.7994181,9.8148,100,100,100,100,607058.5,736413.125,4064097.5,737498.6875,100,100,C49H100N4O7,CCCCCCCCCCCCCOCCCNCCCN.CN(CCCCCCCCCCCC=O)CC(O)=O.CN(CCCCCCCCCCCC=O)CC(O)=O,-0.73068744
876.7994181,9.8148,100,100,100,100,710358.6875,975788.6875,4064097.5,737498.6875,100,100,C31H28Br4Cl2O5,CC(C)(c1ccc(O)cc1)c2ccc(O)cc2.CC(C)(c3cc(Br)c(O)c(Br)c3)c4cc(Br)c(O)c(Br)c4.ClC(Cl)=O,0
876.7994181,9.8148,100,100,100,100,710358.6875,975788.6875,4064097.5,737498.6875,100,100,C31H28Br4Cl2O5,CC(C)(c1ccc(O)cc1)c2ccc(O)cc2.CC(C)(c3cc(Br)c(O)c(Br)c3)c4cc(Br)c(O)c(Br)c4.ClC(Cl)=O,0
876.7994181,9.8148,100,100,100,100,710358.6875,975788.6875,4064097.5,737498.6875,100,100,C49H100N4O7,CCCCCCCCCCCCCOCCCNCCCN.CN(CCCCCCCCCCCC=O)CC(O)=O.CN(CCCCCCCCCCCC=O)CC(O)=O,-0.841798551
881.1088053,10.99768333,2887137.664,2760931.664,3365775.164,2036444.539,100,100,100,100,100,100,C34H25N9O13S3,Nc1c(N=Nc2ccc(cc2)[N+]([O-])=O)c(cc3C=C(\C(=N/Nc4ccc(cc4)[S](=O)(=O)Nc5ccc(N\N=C/6C=CC(=O)C=C6O)cc5)C(=O)c13)[S](O)(=O)=O)[S](O)(=O)=O,-4.502739165
881.6157837,8.630933333,1660641.26,1245594.385,1514141.26,2008096.26,2060394.01,1656694.885,2535686.385,2101756.635,11635694.38,5196535.5,C49H84O9S,CCCCCCCCCC(C)(C)S.CCCCOC(=O)C(C)=C.CCCCC(CC)COC(=O)C=C.COC(=O)C(C)=C.OCCOC(=O)C=C.C=Cc1ccccc1,-5.129304888
882.6188965,8.630933333,1629789.076,1214742.201,1483289.076,1977244.076,2029541.826,1625842.701,2504834.201,2070904.451,11604842.2,5196535.5,C49H84O9S,CCCCCCCCCC(C)(C)S.CCCCOC(=O)C(C)=C.CCCCC(CC)COC(=O)C=C.COC(=O)C(C)=C.OCCOC(=O)C=C.C=Cc1ccccc1,-5.641611567
886.5565592,4.714516667,4141911.25,5465179,3022835.25,3341862.75,100,100,100,100,100,100,C55H72N4O6,CCc1c2[nH]c(cc3[nH]c(cc4nc(C(CCC(=O)OC/C=C(C)/CCCC(C)CCCC(C)CCCC(C)C)C4C)c5C(C(=O)OC)C(=O)c6c(C)c(c2)nc56)c(C)c3C=C)c1C=O,-0.202961285
890.2332967,6.769866667,116285.4141,146376.1094,246820.2188,228850.3438,100,105326.9688,100,100,100,100,C56H32N4O8,O=C(Nc1ccc(Nc2cccc3C(=O)c4c(Nc5ccc(NC(=O)c6ccccc6)c7C(=O)c8ccccc8C(=O)c57)cccc4C(=O)c23)c9C(=O)c%10ccccc%10C(=O)c19)c%11ccccc%11,-0.49050125
