m/z,Retention Time (min.),Peak Intensity - Dust 11,Peak Intensity - Dust 12,Peak Intensity - Dust 13,Peak Intensity - Dust 16,Peak Intensity - Dust 19,Peak Intensity - Dust 2,Peak Intensity - Dust 20,Peak Intensity - Dust 21,Peak Intensity - Dust 22,Peak Intensity - Dust 23,Peak Intensity - Dust 24,Peak Intensity - Dust 25,Peak Intensity - Dust 26,Peak Intensity - Dust 29,Peak Intensity - Dust 3,Peak Intensity - Dust 30,Peak Intensity - Dust 33,Peak Intensity - Dust 34,Peak Intensity - Dust 4,Peak Intensity - Dust 5,Peak Intensity - Dust 6,Peak Intensity - Dust 7,Peak Intensity - Dust 8,Peak Intensity - Dust 9,MedInt,All Formula Matches,Isotope Signal Score,Mass Error Score,MS1 Score,Neutral Loss Score,Characteristic Ion Score,Ion Mode Score,Adducts,Adduct Score,MS2 Score,RT Score,Weighted Scores,Final (Highest) Score,Formula,IUPAC,CAS Number,Primary Reported Use,SMILES,Orig Cmpd ID,Final Cmpd ID (by m/z),ClID
395.0320231,9.534716667,6.805938636,6.299867599,5.569173324,6.823766367,6.031906809,6.103684274,5.522915075,5.504702688,4.580740997,6.455192918,6.520937438,3.58610719,6.260928542,6.293474843,5.557207393,6.362168469,5.997369071,5.76172788,3.75525867,5.631334389,6.24802387,6.347331967,6.51695948,5.815090596,6.067795541,C16H13ClN4O4;C16H12ClN5O3,-0.0148447705803278;-0.707468911291004,0.00995033085316809;-4.46341439605411,0.64510556027284;-4.67088330734511,;0;0,0,0;0,[M+Cl]-;[M+Cl]-,0;0,0;0,-0.110151229040228;-0.0575460556706896,0.534954331232612;-0.0575460556706896,0.534954331,C16H13ClN4O4,C.I. Pigment Yellow 6,4106-76-7,Azo Dye,CC(=O)C(N=Nc1ccc(Cl)cc1[N+]([O-])=O)C(=O)Nc2ccccc2,428,318,1
252.9830119,9.771116667,6.574257274,5.356889521,5.712411132,6.529361528,5.677683985,6.757477224,5.044431712,5.198769812,5.41909115,5.737194979,5.984392279,4.757957604,5.953572304,6.146043767,5.726071555,5.829631742,5.583531844,5.381177969,3.79570691,5.946900575,5.406920687,6.640999796,5.743185442,5.3001501,5.719241343,C12H8Cl2O2;C8H14O4S3,0.00924839793657563;-0.491444227400101,0.00995033085316809;-3.29925057950422,0.162055871646887;-4.79069480690432,;0;0.5,0,0;0,[M-H]-;[M-H-H2O]-,0;0,1;0,-0.000492111760982067;-0.105200607544107,1.16156375988591;-4.39589541444843,1.16156376,C12H8Cl2O2,Diclosan,3380-30-1,Pesticide,C1=CC(=CC=C1OC2=C(C=C(C=C2)Cl)O)Cl,120,99,2
431.1397603,11.05828333,5.285138987,5.880652523,5.905302096,5.602828419,5.891992699,5.923638585,5.987412853,5.48546899,5.623774456,5.736760271,5.569534655,5.600400364,5.935337917,6.028577708,6.393381438,5.880629764,5.601016126,5.683473858,5.808501854,5.687712405,5.671642476,5.57104524,5.507215507,6.049325468,5.712236338,C22H28ClN3O3S;C22H28ClN3O3S;C28H22N2O4;C28H22N2O4;C28H22N2O4;C25H22ClN3O2,-0.553419987785115;-0.553419987785115;0.000578899624615673;0.000578899624615673;0.000578899624615673;-0.0486755034400295,0.00995033085316809;0.00995033085316809;0.00995033085316809;0.00995033085316809;0.00995033085316809;-4.55869668025885,-0.143469656931947;-0.143469656931947;-0.789470769522216;-0.789470769522216;-0.789470769522216;-5.20737218369888,;0;0;0;0;0;0,0,0;0;0;0;0;-0.5,[M-H-H2O]-;[M-H-H2O]-;[M-H-H2O]-;[M-H-H2O]-;[M-H-H2O]-;[M]-,0;0;0;0;0;0.5,1;1;0.280135005553853;0.428926392372336;0.38086252944818;0,-0.628773473987641;-0.141503246113851;-0.0802016484732252;-0.0885528138293588;-0.0885528138293588;-0.288834889651926,1.22775686908041;1.7150270969542;-0.309402406887735;-0.0201707986069028;-0.116298524455215;-0.288834889651926,1.715027097,C22H28ClN3O3S,"2-[6-[(2-chloro-4-methylsulfonylphenyl)diazenyl]-2,2,4,7-tetramethyl-3,4-dihydroquinolin-1-yl]ethanol",63134-03-2,Azo Dye,CC1CC(C)(C)N(CCO)c2cc(C)c(cc12)N=Nc3ccc(cc3Cl)[S](C)(=O)=O,482,353,3
383.0778503,9.9616,5.72657848,5.84945554,4.952135754,6.492023558,5.493948925,5.95580806,5.174038082,4.045630564,0,5.959821348,5.452790826,0,5.850513944,5.710827856,5.637424993,5.677668905,5.794194424,5.505055433,0,4.128678578,3.881365847,5.901016071,6.150504921,5.705734388,5.705734388,C15H18ClN5O3S;C20H16O8;C23H16ClN3O2;C23H16ClN3O2,-0.551240958652405;0.00938169912563201;-0.53790685042805;-0.53790685042805,0.00995033085316809;-4.08655595765311;-4.53984276674139;-4.53984276674139,0.151017064508455;-4.46178964314287;-5.2315957710156;-5.2315957710156,;0;0;0;0,0,0;0;0;0,[M-H]-;[M-H]-;[M-H-H2O]-;[M-H-H2O]-,1;1;0;0,0;0;0;0,-0.121126183062566;-0.528348592614474;-0.636109835839793;-0.251125857166298,1.02989088144588;-3.99013823575734;-5.86770560685539;-5.4827216281819,1.029890881,C15H18ClN5O3S,"1-chloro-3-[N-ethyl-3-methyl-4-[(5-nitro-1,3-thiazol-2-yl)diazenyl]anilino]propan-2-ol",70865-21-3,Azo Dye,CCN(CC(O)CCl)c1ccc(N=Nc2sc(cn2)[N+]([O-])=O)c(C)c1,414,310,4
417.2200419,13.23313333,5.487241411,5.610684844,5.483281258,5.482375744,5.642994884,5.697104727,5.61685506,5.5329299,5.656572802,5.888280787,5.679640023,5.70221355,5.708190279,5.703671059,5.55009185,5.717509199,5.607986775,5.898788649,5.613510559,5.692220132,5.47243175,5.748957152,5.460732697,5.871249466,5.649783843,C24H35O4P;C25H34O3;C25H34O3;C24H33ClO;C24H33ClO,0.00937888699316801;-0.0454225876103292;-0.0454225876103292;-0.0454225876103292;-0.0454225876103292,0.00995033085316809;0.00995033085316809;0.00995033085316809;0.00995033085316809;0.00995033085316809,0.352662551179669;0.297861076576172;0.297861076576172;0.297861076576172;0.297861076576172,0,0,-0.5;-0.5;-0.5;0;0,[M-H]-;[M+Cl]-;[M+Cl]-;[M+CH2O2-H]-;[M+CH2O2-H]-,1;0;0;0;0,0.765968886221025;0;0;0.302106746648647;0,-0.921784938587709;-0.683287135543149;-0.765074855703045;-0.147668177269261;-0.395658614842891,-0.921784938587709;-0.683287135543149;-0.765074855703045;0.754406392604205;-0.0977975382667193,0.754406393,C24H33ClO,2-chloro-1-dodecyl-3-phenoxybenzene,55398-87-3,Unknown,CCCCCCCCCCCCc1cccc(Oc2ccccc2)c1Cl,465,343,5
624.9060465,8.650883333,0,0,0,0,0,5.647607762,0,0,0,0,0,0,0,0,0,0,0,0,0,0,0,0,0,0,5.647607762,C13H24Cl6O8P2,-0.005290755,0.009950331,1.004659576,;0,0,0,[M+CH2O2-H]-,1,1,-0.007333694,2.997325882,2.997325882,C13H24Cl6O8P2,[2-[bis(2-chloroethoxy)phosphoryloxymethyl]-3-chloro-2-(chloromethyl)propyl] bis(2-chloroethyl) phosphate,38051-10-4,OPFR,ClCCO[P](=O)(OCCCl)OCC(CCl)(CCl)CO[P](=O)(OCCCl)OCCCl,581,416,6
477.1085917,10.42015,5.558650756,5.616035483,5.507056302,5.581541783,5.7526462,5.745242746,5.557746915,5.640035858,5.635499989,5.645999696,5.725043656,5.638201379,5.5402913,5.607049492,5.25664665,5.670428482,5.733197968,5.816529753,5.572398839,5.647486702,5.57818043,5.574575496,5.635246931,5.599304355,5.625641207,C23H21ClN6O5;C28H18N2O6;C28H18N2O6;C28H18N2O6;C26H32Cl3OP,-0.0751346091091415;-0.0364840630447364;-0.0364840630447364;-0.0364840630447364;-0.571660159560234,0.00995033085316809;-3.108301754961;-3.108301754961;-3.108301754961;-4.15726709155922,0.934815721744027;-3.14478581800574;-3.14478581800574;-3.14478581800574;-5.72892725111945,0,0,0;0;0;-0.5;0,[M-H-H2O]-;[M-H]-;[M-H]-;[M-H]-;[M-H-H2O]-,0;1;1;1;0,0;0;0;0;0.441459908092112,-0.117662648256023;-0.0127296846156367;-0.0766389024724122;-0.0265718075412293;-3.89700750968068,0.817153073488004;-2.15751550262138;-2.22142472047815;-0.0265718075412293;-8.74301494461591,0.817153073,C23H21ClN6O5,"N-[2-[(2-chloro-4,6-dinitrophenyl)diazenyl]-5-(diethylamino)phenyl]benzamide",72906-16-2,Azo Dye,CCN(CC)c1ccc(N=Nc2c(Cl)cc(cc2[N+]([O-])=O)[N+]([O-])=O)c(NC(=O)c3ccccc3)c1,530,387,7
526.0263468,10.21426667,5.471636094,5.523158015,4.997137954,6.077227009,5.309793097,5.868610682,5.079871215,5.064646548,4.690209686,5.677563869,5.913328343,3.912474298,5.59015149,5.658364803,4.830072256,5.721368628,5.814850202,4.823998899,0,4.998913279,5.550449229,5.766911739,5.690711886,5.170718282,5.523158015,C20H20BrClN4O6;C24H17Cl3N6O3,-0.056341627312664;-1.07204965969486,0.00995033085316809;-4.5064847231072,0.453608703540504;-5.57853438280206,0,0.5;0,0;0,[M]-;[M-H-H2O]-,0.5;0,0;0,-0.000874897521777716;-0.0190000483060079,1.45273380601872;-0.0190000483060079,1.452733806,C20H20BrClN4O6,methyl 3-[4-[(2-bromo-6-chloro-4-nitrophenyl)diazenyl]-N-(3-methoxy-3-oxopropyl)anilino]propanoate,59709-38-5,Azo Dye,COC(=O)CCN(CCC(=O)OC)c1ccc(cc1)N=Nc2c(Cl)cc(cc2Br)[N+]([O-])=O,560,404,8
239.1208191,10.67148333,5.424591125,5.425477006,5.423893043,5.49987975,5.554944189,5.60384669,5.45720728,5.489185831,5.624334768,5.44633704,5.611761234,5.640525038,5.465923199,5.510423602,5.317947503,5.672395583,5.57677737,5.598469453,5.520946771,5.688133192,5.415712507,4.007830677,5.42333339,5.597855549,5.505151676,C14H21ClO;C14H20O;C14H20O;C14H20O;C14H20O;C14H20O;C14H20O;C14H20O;C14H20O;C14H20O;C14H20O;C14H20O;C14H20O;C14H20O;C14H20O;C14H20O;C14H20O;C14H20O;C14H20O;C14H20O;C14H20O,-0.00302066789011628;-0.00302066789011628;-0.00302066789011628;-0.00302066789011628;-0.00302066789011628;-0.00302066789011628;-0.00302066789011628;-0.00302066789011628;-0.00302066789011628;-0.00302066789011628;-0.00302066789011628;-0.00302066789011628;-0.,0.00995033085316809;0.00995033085316809;0.00995033085316809;0.00995033085316809;0.00995033085316809;0.00995033085316809;0.00995033085316809;0.00995033085316809;0.00995033085316809;0.00995033085316809;0.00995033085316809;0.00995033085316809;0.00995033085316809;0.00995033085316809;0.00995033085316809;0.00995033085316809;0.00995033085316809;0.00995033085316809;0.00995033085316809;0.00995033085316809;0.00995033085316809,0.00692966296305181;0.00692966296305181;0.00692966296305181;0.00692966296305181;0.00692966296305181;0.00692966296305181;0.00692966296305181;0.00692966296305181;0.00692966296305181;0.00692966296305181;0.00692966296305181;0.00692966296305181;0.00692966296305181;0.00692966296305181;0.00692966296305181;0.00692966296305181;0.00692966296305181;0.00692966296305181;0.00692966296305181;0.00692966296305181;0.00692966296305181,0,0,0;-0.5;-0.5;-0.5;-0.5;-0.5;-0.5;-0.5;-0.5;-0.5;-0.5;-0.5;-0.5;-0.5;-0.5;-0.5;-0.5;-0.5;-0.5;-0.5;-0.5,[M-H]-;[M+Cl]-;[M+Cl]-;[M+Cl]-;[M+Cl]-;[M+Cl]-;[M+Cl]-;[M+Cl]-;[M+Cl]-;[M+Cl]-;[M+Cl]-;[M+Cl]-;[M+Cl]-;[M+Cl]-;[M+Cl]-;[M+Cl]-;[M+Cl]-;[M+Cl]-;[M+Cl]-;[M+Cl]-;[M+Cl]-,1;0;0;0;0;0;0;0;0;0;0;0;0;0;0;0;0;0;0;0;0,0,-0.000129624297071066;-0.372110989649768;-0.236495764555981;-0.481563951886784;-0.236495764555981;-0.319851402323204;-0.591017545122248;-0.133292148419734;-1.10453560815998;-0.275588012417443;-0.123985061598976;-0.689626444662867;-0.689626444662867;-0.650,1.00680003866598;-0.372110989649768;-0.236495764555981;-0.481563951886784;-0.236495764555981;-0.319851402323204;-0.591017545122248;-0.133292148419734;-1.10453560815998;-0.275588012417443;-0.123985061598976;-0.689626444662867;-0.689626444662867;-0.650610158321042;-0.532450374802479;-0.611570325943988;-0.234084930599852;-0.372110989649768;-0.319851402323204;-0.591017545122248;-0.13982246299042,1.006800039,C14H21ClO,"2-chloro-4-(2,4,4-trimethylpentan-2-yl)phenol",17199-24-5,Other,CC(C)(C)CC(C)(C)c1ccc(O)c(Cl)c1,85,72,9
395.0134583,10.96193333,5.283694842,5.250407993,5.280516589,5.237215592,5.196844321,5.441098111,5.26518661,5.433035742,5.364515848,5.455454587,5.341409514,5.671570118,5.293442976,5.290144215,5.00854525,5.316001684,5.307840676,5.4941589,5.231546641,5.456446554,5.143806997,5.173649736,5.453200145,5.294269668,5.293856322,C16H12Cl2N4O4,-0.011865701,0.009950331,0.902846535,;0,0,0,[M-H]-,1,0,-0.359956642,1.542889893,1.542889893,C16H12Cl2N4O4,C.I. Pigment Yellow 3,6486-23-3,Azo Dye,CC(=O)C(N=Nc1ccc(Cl)cc1[N+]([O-])=O)C(=O)Nc2ccccc2Cl,432,317,10
484.0731201,9.9616,5.712452788,5.499681156,4.859473706,5.945862079,5.053530848,5.416783871,4.692468956,4.770544814,4.406164468,5.438755291,5.879276631,0,5.422817053,5.514808193,4.723155529,5.284840617,5.137209418,4.668823646,0,4.779615203,5.543590019,5.353684236,5.667838568,5.289818106,5.289818106,C20H20Cl2N4O6,-0.143477944,0.009950331,0.866472387,0,0,0,[M]-,0.5,0,-0.253881636,1.112590751,1.112590751,C20H20Cl2N4O6,"2-[N-(2-acetyloxyethyl)-4-[(2,6-dichloro-4-nitrophenyl)diazenyl]anilino]ethyl acetate",55619-17-5,Azo Dye,CC(=O)OCCN(CCOC(C)=O)c1ccc(cc1)N=Nc2c(Cl)cc(cc2Cl)[N+]([O-])=O,533,389,11
215.9817301,7.0767,5.403723721,5.324223662,4.98532485,5.807741768,5.017198028,5.369351553,4.666479516,4.974542563,5.052008144,5.437812572,5.706201084,4.592099694,5.476289509,5.280062581,5.020384398,5.500695371,5.116187498,4.919506902,0,5.266467814,5.35929002,5.145946816,5.759561524,4.716917394,5.266467814,C6H4ClN3O4;C6H4ClN3O4;C8H8Cl2N2O2;C8H8Cl2N2O2;C8H8Cl2N2O2;C8H5ClN2O;C3H11Br2N3S,0.00979283699421871;0.00979283699421871;-0.690633421861379;-0.690633421861379;-0.690633421861379;-0.690633421861379;-0.418917706619663,0.00995033085316809;0.00995033085316809;0.00995033085316809;0.00995033085316809;0.00995033085316809;0.00995033085316809;-4.57194468364522,0.419743167847387;0.419743167847387;-0.680683091008211;-0.680683091008211;-0.680683091008211;-1.18068309100821;-5.99086239026488,;0;0;0;0;0;0;0,0,0;0;0;0;0;0;-0.5,[M-H]-;[M-H]-;[M-H-H2O]-;[M-H-H2O]-;[M-H-H2O]-;[M+Cl]-;[M-Br+O]-,1;1;0;0;0;0;0.5,0;0;0;0;0;0;0,-1.70176567759729;-1.13978784647175;-0.666524923116756;-2.24648047153745;-0.666524923116756;-0.416462926007904;-0.546344235584577,-0.282022509749897;0.27995532137564;-1.34720801412497;-2.92716356254566;-1.34720801412497;-1.59714601701611;-0.546344235584577,0.279955321,C6H4ClN3O4,"2-chloro-4,6-dinitroaniline",3531-19-9,Azo Dye Intermediate,Nc1c(Cl)cc(cc1[N+]([O-])=O)[N+]([O-])=O,39,32,12
580.133016,9.770866667,5.212660649,5.371297135,4.546203238,6.003872254,4.978203885,5.623761998,4.556915386,0,3.411974019,5.318532936,5.165947065,0,5.447305405,5.129194363,5.078441637,5.030266373,6.112121094,5.442456594,0,0,4.321497254,5.389537845,5.567420943,5.265292094,5.238976372,C23H25ClN6O10;C27H23ClN4O6;C27H23ClN4O6,-0.0753434825551554;-0.539893394067094;-0.539893394067094,0.00995033085316809;-4.10070215288379;-4.10070215288379,0.744130657821822;-4.21202411837946;-4.21202411837946,0,0,0;0;0,[M]-;[M+CH2O2-H]-;[M+CH2O2-H]-,0.5;0;0,0;0;0,-0.0054701204653238;-0.000897623688292851;-0.00089762368829274,1.2386605373565;-4.21292174206775;-4.21292174206775,1.238660537,C23H25ClN6O10,C.I. Disperse Blue 79:2,3618-73-3,Azo Dye,COc1cc(N=Nc2c(Cl)cc(cc2[N+]([O-])=O)[N+]([O-])=O)c(NC(C)=O)cc1N(CCOC(C)=O)CCOC(C)=O,574,412,13
251.9754639,9.72745,6.233512671,5.05399234,5.209086163,6.243684263,5.218835965,6.505127075,4.571239618,4.702365433,4.870287927,5.232900781,5.550822005,4.316732511,5.598441536,5.253529497,5.28184368,5.363109154,5.138433362,4.945754774,0,5.459823976,4.8820149,6.281980392,5.288387192,4.807953076,5.232900781,C9H9Cl2NO;C12H8Br2,-0.164481965304272;-4.09007686187871,0.00995033085316809;0.00995033085316809,-0.154531634451104;-4.08012653102554,0,0,0;0,[M+Cl]-;[M-Br+O]-,1;0.5,0,-0.1909684858827;-0.11009717344465,0.654499879666196;-0.11009717344465,0.65449988,C9H9Cl2NO,"N-(2,6-dichloro-3-methylphenyl)acetamide",17700-55-9,Unknown,CC(=O)Nc1c(Cl)ccc(C)c1Cl,119,98,14
365.0575867,9.470133333,5.69518609,5.306653173,4.566409869,5.87544501,4.786318303,5.209073039,4.271305529,4.092260623,0,5.846802052,5.200485841,0,5.245066578,5.038283502,4.80387311,4.998131199,5.134818798,4.898291596,0,4.687734195,5.160916719,5.482285227,5.321848273,4.823264439,5.134818798,C16H16Cl2N4O2;C16H16Cl2N4O2,0.00561407734936342;0.00561407734936342,0.00995033085316809;0.00995033085316809,0.682231074869198;0.682231074869198,;0;0,0,0;0,[M-H]-;[M-H]-,1;1,0;0,-1.19378937266453;-1.44582442537526,0.48844170220467;0.236406649493945,0.488441702,C16H16Cl2N4O2,N-(2-chloroethyl)-4-[(2-chloro-4-nitrophenyl)diazenyl]-N-ethylaniline,61813-43-2,Azo Dye,CCN(CCCl)c1ccc(cc1)N=Nc2ccc(cc2Cl)[N+]([O-])=O,382,290,15
389.0661519,10.42255,5.644880138,5.148598076,4.92987011,5.77376515,5.308744843,5.658903557,5.112536221,4.055523537,4.169813957,5.687254431,4.840765547,4.824885246,5.455169174,5.383645518,4.90887616,4.214083628,5.232733327,4.5460576,0,4.539904516,4.22601476,5.667366786,6.005370421,5.003165907,5.112536221,C17H15ClN4O5;C18H22ClO3P,-0.0594375684649253;-0.515489066096009,0.00995033085316809;0.00995033085316809,0.855274667150148;-1.2674434971476,;0.5;0,0,0;-0.5,[M-H]-;[M+Cl]-,1;0,0;0,-0.19475528435832;-0.22453297090491,2.16051938279183;-0.22453297090491,2.160519383,C17H15ClN4O5,C.I. Pigment Yellow 73,13515-40-7,Azo Dye,CC(=O)C(C(=O)NC1=CC=CC=C1OC)N=NC2=C(C=C(C=C2)Cl)[N+](=O)[O-],423,314,16
286.9440715,9.857833333,5.955028293,4.852403741,5.023651933,5.978306397,5.034106704,6.180833036,4.394738412,4.591481215,4.789024765,5.155903875,5.418795341,4.289985237,5.476189101,5.51890993,5.059851617,5.148260288,4.998563403,4.662966152,0,5.337186587,4.608593469,6.080078223,5.179999821,4.70360224,5.059851617,C12H7Cl3O2,-0.020893652,0.009950331,-0.177609988,;0.5,0,0,[M-H]-,0,0,-0.000602813,0.321787199,0.321787199,C12H7Cl3O2,Triclosan,3380-34-5,Other,Oc1cc(Cl)ccc1Oc2ccc(Cl)cc2Cl,216,176,17
203.038269,9.531166667,0,0,0,0,0,0,0,0,0,0,0,5.032505817,0,0,0,0,0,0,0,0,0,0,0,0,5.032505817,C11H11ClN2O;C11H8N2;C11H8N2;C8H12O4S;C8H14O5S;C8H14O5S;C7H10O2S;C7H10O2S,0.00895023093910837;0.00895023093910837;0.00895023093910837;-0.0480942465215427;-0.0480942465215427;-0.0480942465215427;-0.0480942465215427;-0.0480942465215427,0.00995033085316809;0.00995033085316809;0.00995033085316809;0.00995033085316809;0.00995033085316809;0.00995033085316809;0.00995033085316809;0.00995033085316809,1.01890056179228;0.0189005617922765;0.0189005617922765;-0.0381439156683746;-0.0381439156683746;-0.0381439156683746;-1.03814391566837;-1.03814391566837,0,0,0;-0.5;-0.5;0;0;0;0;0,[M-H-H2O]-;[M+Cl]-;[M+Cl]-;[M-H]-;[M-H-H2O]-;[M-H-H2O]-;[M+CH2O2-H]-;[M+CH2O2-H]-,0;0;0;1;0;0;0;0,0.216321660148515;0.387337547759315;0.387337547759315;0;0.978218594077296;0.978218594077296;0;0,-0.188910726245682;-0.258946872909102;-0.258946872909102;-1.29686970938704;-0.760342931064361;-0.760342931064361;-0.50127754926803;-0.50127754926803,1.04631149569511;-0.258946872909102;-0.258946872909102;-0.335013625055419;0.17973174734456;0.17973174734456;-1.5394214649364;-1.5394214649364,1.046311496,C11H11ClN2O,2-(2-chloro-6-methylphenyl)-5-methyl-4H-pyrazol-3-one,117-23-7,Unknown,CC1=NN(C(=O)C1)c2c(C)cccc2Cl,12,8,18
216.9658508,10.59276667,5.154077267,4.845101094,4.431797434,5.735743474,4.863613857,5.124419903,4.371131312,5.102678378,4.127018954,5.242957309,5.254884106,4.012245654,5.06404526,4.99694344,4.508825618,5.360943185,4.944376746,4.769077341,0,5.012424112,5.127340214,5.09471839,5.214855682,4.680327651,5.012424112,C6H3ClN2O5,0.007418676,0.009950331,0.417369007,;0,0,0,[M-H]-,1,1,-0.42483251,1.992536497,1.992536497,C6H3ClN2O5,"4-chloro-2,6-dinitrophenol",88-87-9,Azo Dye Intermediate,Oc1c(cc(Cl)cc1[N+]([O-])=O)[N+]([O-])=O,40,33,19
369.9906616,10.60661667,0,0,0,0,0,0,0,0,0,0,0,0,0,0,0,0,0,0,0,0,0,4.658768366,0,5.2885968,4.973682583,C13H10ClN3O6S,-0.206964049,0.009950331,-0.197013718,0,0,0,[M-H]-,1,0,-0.04497807,0.758008213,0.758008213,C13H10ClN3O6S,"N-(4-chloro-2,6-dinitrophenyl)-4-methylbenzenesulfonamide",32658-60-9,Unknown,Cc1ccc(cc1)[S](=O)(=O)Nc2c(cc(Cl)cc2[N+]([O-])=O)[N+]([O-])=O,392,295,20
298.0723674,10.69753333,5.40680294,4.221864764,4.776482206,5.40851044,5.199907318,5.82796513,4.890639386,4.758351846,4.390374672,4.961014197,4.748082743,4.47449481,4.935940061,4.688342397,4.639078485,4.457692762,5.683759222,5.170946912,5.528728061,5.519944342,4.162159207,5.365349058,5.10522924,4.778210312,4.913289724,C16H13NO5;C13H15ClN2O4;C15H11NO3;C15H11NO3;C15H11NO3;C18H14O2;C18H14O2;C18H14O2;C18H14O2;C18H14O2;C9H18N3O4P,0.000697183226488485;-0.0580148702754837;0.000697183226488485;0.000697183226488485;0.000697183226488485;-0.537056355756787;-0.537056355756787;-0.537056355756787;-0.537056355756787;-0.537056355756787;-0.0703907342563116,0.00995033085316809;0.00995033085316809;-2.25718115198565;-2.25718115198565;-2.25718115198565;0.00995033085316809;0.00995033085316809;0.00995033085316809;0.00995033085316809;0.00995033085316809;-4.57016999619005,1.01064751407966;0.951935460577684;-1.25648396875916;-1.25648396875916;-1.25648396875916;-1.52710602490362;-1.52710602490362;-1.52710602490362;-1.52710602490362;-1.52710602490362;-3.64056073044636,0,0,0;0;0;0;0;-0.5;-0.5;-0.5;-0.5;-0.5;-0.5,[M-H]-;[M]-;[M+CH2O2-H]-;[M+CH2O2-H]-;[M+CH2O2-H]-;[M+Cl]-;[M+Cl]-;[M+Cl]-;[M+Cl]-;[M+Cl]-;[M+Cl]-,1;0.5;0;0;0;0;0;0;0;0;0,0.021550463318352;0;0.021550463318352;0.021550463318352;0.021550463318352;0;0;0;0;0;0,-2.08347969297002;-0.843445889729149;-0.525645192154702;-1.2271005923418;-1.2271005923418;-0.154038044694738;-0.982879294128022;-0.12776090339559;-0.12776090339559;-0.154038044694738;-6.58782156216425,-0.0512817155720091;0.608489570848531;-1.76057869759551;-2.46203409778261;-2.46203409778261;-0.154038044694738;-0.982879294128022;-0.12776090339559;-0.12776090339559;-0.154038044694738;-6.58782156216425,0.608489571,C13H15ClN2O4,"N-(2-chloro-5-nitrophenyl)-4,4-dimethyl-3-oxopentanamide",63163-96-2,Other,CC(C)(C)C(=O)CC(=O)Nc1cc(ccc1Cl)[N+]([O-])=O,235,193,21
305.0948079,10.3818,5.050222257,4.303069311,5.275526397,5.132689198,4.871462104,5.18462166,3.954463088,4.438781889,4.128513613,5.346002934,4.956408234,4.805299625,4.424480838,4.364401769,4.116896617,4.376763314,4.934820187,4.212099806,4.519770177,4.545251483,5.157808385,5.104301714,5.003736591,4.963311339,4.838380865,C16H18O4P;C16H19O4P;C17H18O3;C17H18O3;C16H17ClO;C13H15N5O2S,0.00891714491776965;0.00891714491776965;-0.0429468269929608;-0.0429468269929608;-0.0429468269929608;0.00484109960627719,0.00995033085316809;0.00995033085316809;0.00995033085316809;0.00995033085316809;0.00995033085316809;-2.99019016848521,1.01886747577094;1.01886747577094;-0.0329964961397927;-0.0329964961397927;-0.0329964961397927;-1.98534906887894,0,0,-0.5;-0.5;-0.5;-0.5;0;0,[M]-;[M-H]-;[M+Cl]-;[M+Cl]-;[M+CH2O2-H]-;[M]-,0.5;1;0;0;0;0.5,0.847002688066615;1;0.663845666794478;0.663845666794478;0.743272933327089;0,-0.161255252356;-0.11060639668516;-0.0417974357240916;-0.0417974357240916;-0.0497208726379797;-0.300916537633961,-0.161255252356;-0.11060639668516;-0.0417974357240916;-0.0417974357240916;0.660555564549316;-1.7862656065129,0.660555565,C16H17ClO,1-chloro-2-(2-methylpropyl)-3-phenoxybenzene,70624-13-4,Unknown,CC(C)Cc1c(Cl)cccc1Oc2ccccc2,253,207,22
476.2221069,11.57913333,4.969058635,4.672103092,4.53457131,5.288631748,4.876664737,5.095613121,4.195069754,4.647176939,4.653284966,4.90676631,5.161188772,4.699262207,4.842226928,4.701444291,4.456719685,4.835072272,4.670511189,4.920608627,4.608396105,4.6649116,4.414985093,4.886018146,5.361572058,4.924193162,4.768258282,C26H35ClN2O4;C21H34O9,-0.523446906978885;-0.0243216380108455,0.00995033085316809;0.00995033085316809,-0.656353718982859;-0.728657021443392,0,0,0;0,[M-H]-;[M+CH2O2-H]-,1;0,0;0,-0.00776111528983228;-2.49713108950326,0.335885165727309;-3.22578811094665,0.335885166,C26H35ClN2O4,"4-[2,4-bis(2-methylbutan-2-yl)phenoxy]-N-(4-chloro-3-nitrophenyl)butanamide",63134-29-2,Unknown,CCC(C)(C)c1ccc(OCCCC(=O)Nc2ccc(Cl)c(c2)[N+]([O-])=O)c(c1)C(C)(C)CC,528,385,23
355.0370483,9.534766667,5.557172103,5.177502096,4.221896265,4.653380733,4.319805927,4.764401286,3.702526835,3.809756637,0,5.079897806,5.090691805,0,4.9249181,4.777574041,4.133975466,4.718264087,4.756676215,4.465770135,0,4.33741324,5.059650702,5.11296896,5.294478007,4.529411153,4.756676215,C14H13ClN4O3;C13H18ClNO4S,-0.00286952836675409;-0.722209406046012,0.00995033085316809;0.00995033085316809,0.740414135819747;-0.467814630748399,;0;0,0,0;-0.5,[M+Cl]-;[M+Cl]-,1;1,0;0,-0.00230781219464004;-0.227156852990239,1.73810632362511;-0.227156852990239,1.738106324,C14H13ClN4O3,Disperse Orange 138,43047-20-7,Azo Dye,OCCNc1ccc(cc1Cl)N=Nc2ccc(cc2)[N+]([O-])=O,370,282,24
348.0996094,9.9616,4.670464779,4.727925174,3.999174438,5.800075513,4.312757585,4.900484222,4.290484724,4.747519955,3.972949959,4.77147457,4.521650042,0,5.148499746,0,4.049227565,5.20745827,0,4.398652176,0,4.615988867,5.039086632,5.145558281,5.334875683,4.016680079,4.699194977,C16H17ClN4O3;C16H17ClN4O3;C19H17N3O5;C19H17N3O5;C21H16N2O,-0.0572524013907284;-0.0572524013907284;-0.011210797438538;-0.011210797438538;-0.536874318534273,0.00995033085316809;0.00995033085316809;-4.35592953228394;-4.35592953228394;-4.53090035420694,0.439877416641927;0.439877416641927;-4.44406340664556;-4.44406340664556;-5.81136441633096,;0;0;0;0;0,0,0;0;0;0;-0.5,[M]-;[M]-;[M-H-H2O]-;[M-H-H2O]-;[M+Cl]-,0.5;0.5;0;0;0,0;0;0;0;0,-0.00830547355987465;-0.00830547355987465;-0.322602915627243;-0.000501408737635698;-0.095083146024679,0.931571943082052;0.931571943082052;-4.7666663222728;-4.4445648153832;-0.095083146024679,0.931571943,C16H17ClN4O3,Disperse Red 13,3180-81-2,Azo Dye,CCN(CCO)c1ccc(cc1)N=Nc2ccc(cc2Cl)[N+]([O-])=O,359,276,25
306.9860331,10.85663333,5.04191901,4.697851138,5.022139312,5.194940146,3.65344887,4.751585803,3.889535615,4.343842764,3.82392403,4.914073995,4.337668441,5.920168574,4.507786348,3.960909537,4.672470126,4.423007856,4.761626803,0,3.998035939,4.694508644,5.623519574,4.763901487,4.947679544,4.81875256,4.697851138,C14H8Cl2N2O2;C14H8Cl2N2O2,-0.018219906446841;-0.018219906446841,0.00995033085316809;0.00995033085316809,0.32506375773966;0.32506375773966,;0.5;0.5,0,0;-0.5,[M-H]-;[M-H]-,1;1,0.0582661960053855;0.0582661960053855,-1.1967946257066;-1.13631051778844,0.686535328038451;-1.13631051778844,0.686535328,C14H8Cl2N2O2,C.I. Disperse Violet 28,81-42-5,Dye,Nc1c(Cl)c(Cl)c(N)c2C(=O)c3ccccc3C(=O)c12,257,211,26
204.9576365,9.534716667,5.111777345,4.905473791,3.987657931,5.40105489,4.687319134,4.329301882,4.17127114,4.028026789,4.208199128,4.99310301,5.144561657,4.123420328,4.813907962,4.996425678,4.326288405,4.9875969,4.583952005,4.287003353,3.94540102,4.31423263,4.826615865,5.009464507,5.010427405,4.398132108,4.63563557,C6H4Cl2N2O2;C6H4Cl2N2O2;C6H4Cl2N2O2;C6H6Cl2N2O3;C6H6Cl2N2O3;C6H6Cl2N2O3;C6H6Cl2N2O3;C6H6Cl2N2O3,-0.010430545096086;-0.010430545096086;-0.010430545096086;-0.010430545096086;-0.010430545096086;-0.010430545096086;-0.010430545096086;-0.010430545096086,0.00995033085316809;0.00995033085316809;0.00995033085316809;0.00995033085316809;0.00995033085316809;0.00995033085316809;0.00995033085316809;0.00995033085316809,0.666186452423749;0.666186452423749;0.666186452423749;0.666186452423749;0.666186452423749;0.666186452423749;0.666186452423749;0.666186452423749,;0.5;0.5;0.5;0.5;0.5;0.5;0.5;0.5,0,0;0;0;0;0;0;0;0,[M-H]-;[M-H]-;[M-H]-;[M-H-H2O]-;[M-H-H2O]-;[M-H-H2O]-;[M-H-H2O]-;[M-H-H2O]-,1;1;1;0;0;0;0;0,1;1;1;1;1;1;1;1,-0.180577956396847;-0.180577956396847;-0.180577956396847;-0.221696180983554;-0.221696180983554;-0.196833739761362;-0.0427457878983361;-0.221696180983554,2.9856084960269;2.9856084960269;2.9856084960269;1.9444902714402;1.9444902714402;1.96935271266239;2.12344066452541;1.9444902714402,2.985608496,C6H4Cl2N2O2,Dichloran,99-30-9,Azo Dye Intermediate,Nc1c(Cl)cc(cc1Cl)[N+]([O-])=O,16,12,27
464.8502401,9.243766667,5.493778338,0,3.623305987,7.505688549,4.403772432,0,0,6.542141778,0,0,0,0,4.035630883,0,0,0,0,4.555561127,0,4.696900111,0,7.621572037,4.53670247,0,4.626230619,C9H15Cl6O4P;C9H15Cl6O4P;C14H8Br2N2O4;C14H8Br2N2O4;C14H8Br2N2O4,0.00822337005689781;0.00822337005689781;-1.27889883856125;-1.27889883856125;-1.27889883856125,0.00995033085316809;0.00995033085316809;0.00995033085316809;0.00995033085316809;0.00995033085316809,-0.139721035932039;-0.139721035932039;-1.53210640244492;-1.53210640244492;-1.53210640244492,0,0,0;0;-0.5;-0.5;-0.5,[M+Cl]-;[M+Cl]-;[M+Cl]-;[M+Cl]-;[M+Cl]-,1;1;1;1;1,1;1;0;0;0,-0.602707231476086;-0.753875213531863;-0.0251396527601545;-0.0251396527601545;-0.0251396527601545,2.25757173259187;2.1064037505361;-0.0251396527601545;-0.0251396527601545;-0.0251396527601545,2.257571733,C9H15Cl6O4P,"Tris(2,3-dichloropropyl) phosphate",78-43-3,OPFR,ClCC(Cl)CO[P](=O)(OCC(Cl)CCl)OCC(Cl)CCl,519,378,28
327.0417684,10.93128333,5.075380819,4.760659599,4.343759554,5.150759461,4.536076952,4.67570135,4.383041033,4.192276872,4.39105305,4.927373852,4.728413455,5.038689691,4.660720884,4.748244825,4.363520574,4.575053596,4.543875041,4.573847423,4.414347457,4.462359914,4.591423543,4.708758302,4.797143576,4.779743568,4.626072214,C16H10ClN3O3;C16H10ClN3O3;C10H9N5O8,-0.0572061829824836;-0.0572061829824836;-0.483944295421146,0.00995033085316809;0.00995033085316809;-4.41011057804333,0.952744147870685;0.952744147870685;-5.03691201632162,0,0,0;0;0,[M]-;[M]-;[M-H]-,0.5;0.5;1,0;0;0,-0.492230506936556;-0.133282367468502;-3.06269854311569,0.960513640934134;1.31946178040219;-7.09961055943731,1.31946178,C16H10ClN3O3,C.I. Pigment Red 6,6410-13-5,Azo Dye,[O-][N+](=O)c1cc(Cl)ccc1N\N=C2/C(=O)C=Cc3ccccc23,311,243,29
269.1311849,11.05828333,4.614786767,4.544596922,4.314738213,5.01476198,4.257561494,5.285067467,4.144405623,4.00139674,4.127069538,4.666145769,4.591089379,4.523110793,3.890316615,3.713843925,5.647109218,4.52422005,0,4.499148229,5.3786413,4.92966231,4.709598493,5.121830988,5.474707482,4.800091971,4.591089379,C14H23O3P;C15H23ClO2;C15H22O2;C15H22O2;C15H22O2;C15H22O2;C15H22O2;C15H22O2;C15H22O2;C15H22O2;C15H22O2;C15H22O2;C15H22O2;C15H22O2;C15H22O2;C15H22O2;C15H22O2;C15H22O2;C15H22O2;C15H22O2;C15H22O2;C15H22O2,-0.00145564762116581;-0.0551462424643311;-0.0551462424643311;-0.0551462424643311;-0.0551462424643311;-0.0551462424643311;-0.0551462424643311;-0.0551462424643311;-0.0551462424643311;-0.0551462424643311;-0.0551462424643311;-0.0551462424643311;-0.05514624246,0.00995033085316809;0.00995033085316809;0.00995033085316809;0.00995033085316809;0.00995033085316809;0.00995033085316809;0.00995033085316809;0.00995033085316809;0.00995033085316809;0.00995033085316809;0.00995033085316809;0.00995033085316809;0.00995033085316809;0.00995033085316809;0.00995033085316809;0.00995033085316809;0.00995033085316809;0.00995033085316809;0.00995033085316809;0.00995033085316809;0.00995033085316809;0.00995033085316809,0.00849468323200229;-0.045195911611163;-0.045195911611163;-0.045195911611163;-0.045195911611163;-0.045195911611163;-0.045195911611163;-0.045195911611163;-0.045195911611163;-0.045195911611163;-0.045195911611163;-0.045195911611163;-0.045195911611163;-0.045195911611163;-0.045195911611163;-0.045195911611163;-0.045195911611163;-0.045195911611163;-0.045195911611163;-0.045195911611163;-0.045195911611163;-0.045195911611163,0,0,-0.5;0;-0.5;-0.5;-0.5;-0.5;-0.5;-0.5;-0.5;-0.5;-0.5;-0.5;-0.5;-0.5;-0.5;-0.5;-0.5;-0.5;-0.5;-0.5;-0.5;-0.5,[M-H]-;[M-H]-;[M+Cl]-;[M+Cl]-;[M+Cl]-;[M+Cl]-;[M+Cl]-;[M+Cl]-;[M+Cl]-;[M+Cl]-;[M+Cl]-;[M+Cl]-;[M+Cl]-;[M+Cl]-;[M+Cl]-;[M+Cl]-;[M+Cl]-;[M+Cl]-;[M+Cl]-;[M+Cl]-;[M+Cl]-;[M+Cl]-,1;1;0;0;0;0;0;0;0;0;0;0;0;0;0;0;0;0;0;0;0;0,0,-0.895610936615741;-0.114978107987059;-0.190929894786438;-0.962963743806569;-0.110528373914281;-0.262204680530751;-0.487430944853555;-0.277406032614927;-0.417285397894372;-0.469648484605699;-0.908481884949911;-0.253789981593173;-0.183253067246263;-0.43677,-0.895610936615741;0.839825980401778;-0.190929894786438;-0.962963743806569;-0.110528373914281;-0.262204680530751;-0.487430944853555;-0.277406032614927;-0.417285397894372;-0.469648484605699;-0.908481884949911;-0.253789981593173;-0.183253067246263;-0.436771,0.83982598,C15H23ClO2,"2-chloro-6-(hydroxymethyl)-4-(2,4,4-trimethylpentan-2-yl)phenol",16372-99-9,Other,CC(C)(C)CC(C)(C)c1cc(Cl)c(O)c(CO)c1,163,135,30
460.0948181,11.61256667,4.515469504,4.316583671,0,4.753097006,0,5.05490052,0,0,0,0,0,0,0,4.211699337,0,0,4.480818044,0,0,0,4.116942789,4.708065394,4.616767978,4.868441045,4.566118741,C24H17ClN4O4;C24H17ClN4O4;C18H23Cl3N6O2,-0.0289906144142154;-0.0289906144142154;-0.43228996155986,0.00995033085316809;0.00995033085316809;-2.59546719878052,0.980959716438953;0.980959716438953;-2.02775716034038,;0;0;0,0,0;0;0,[M]-;[M]-;[M]-,0.5;0.5;0.5,0;0;0,-0.611774142297125;-0.291861043084159;-0.824674529147179,0.869185574141825;1.18909867335479;-2.35243168948756,1.189098673,C24H17ClN4O4,C.I. Pigment Red 14,6471-50-7,Azo Dye,Cc1ccccc1NC(=O)C2=Cc3ccccc3C(=N/Nc4ccc(Cl)cc4[N+]([O-])=O)/C2=O,517,376,31
258.0520528,8.416416667,4.878826782,4.65665341,4.065036996,5.18018127,4.334735422,4.762682431,4.277033423,4.114495396,4.15095056,4.898166961,5.007898634,3.600784128,5.423764925,4.534993252,3.988083286,4.989825588,4.587564922,4.483455989,3.41522815,4.516384913,4.693861409,4.843583563,4.997745667,4.490201269,4.561279087,C12H9N3O4;C12H9N3O4;C14H13ClN2O2;C14H13ClN2O2,0.00155205274489152;0.00155205274489152;-0.535191493035884;-0.535191493035884,0.00995033085316809;0.00995033085316809;0.00995033085316809;0.00995033085316809,1.01150238359806;1.01150238359806;0.474758837817284;0.474758837817284,;0.5;0.5;0;0,0,-0.5;-0.5;0;0,[M-H]-;[M-H]-;[M-H-H2O]-;[M-H-H2O]-,1;1;0;0,0;0;0;0,-0.0657875284729475;-8.50650221489775;-0.441383583639106;-0.111778371333703,-0.0657875284729475;-8.50650221489775;0.0333752541781778;0.362980466483581,0.362980466,C14H13ClN2O2,N-(4-amino-5-chloro-2-methoxyphenyl)benzamide,6368-90-7,Azo Dye Intermediate,COc1cc(N)c(Cl)cc1NC(=O)c2ccccc2,136,115,32
230.0490621,9.531166667,0,0,0,0,0,0,0,0,0,0,0,5.651443569,0,0,0,0,0,0,0,0,3.419096831,0,0,0,4.5352702,C12H10ClN3;C9H13NO4S;C9H12BrNO3S;C8H11NO2S;C8H11NO2S,-0.0198458297828749;-0.0823437792769431;-0.0823437792769431;-0.0823437792769431;-0.0823437792769431,0.00995033085316809;0.00995033085316809;0.00995033085316809;-1.95769576114914;-1.95769576114914,0.434548945514738;-0.516837892868219;-1.07239344842377;-3.04003954042608;-3.04003954042608,;0;0;0;0;0,0,0;0;-0.5;0;0,[M-H]-;[M-H]-;[M-Br+O]-;[M+CH2O2-H]-;[M+CH2O2-H]-,0;0;0.5;0;0,0.855177307615664;0;0;0;0,-0.000231153984251165;-1.20649401784681;-0.02005933127435;-0.506828550887439;-0.690787135239282,1.28949509914615;-1.72333191071503;-0.02005933127435;-3.54686809131352;-3.73082667566536,1.289495099,C12H10ClN3,3-chloro-4-phenyldiazenylaniline,68239-21-4,Azo Dye,Nc1ccc(N=Nc2ccccc2)c(Cl)c1,262,60,33
432.0166117,9.535266667,0,4.882410151,0,4.750235338,3.659617407,4.713426847,3.624786661,0,0,4.257485407,0,0,4.437155558,4.793176797,4.048951278,4.37607482,3.894508846,4.430397214,0,4.150963683,4.252190431,4.551268305,5.299184877,4.767833429,4.430397214,C16H15Cl3N4O4,-0.045667915,0.009950331,0.464282416,0,0,0,[M]-,0.5,0,-0.432960176,0.531322239,0.531322239,C16H15Cl3N4O4,C.I. Disperse Brown 1,23355-64-8,Azo Dye,OCCN(CCO)c1ccc(N=Nc2c(Cl)cc(cc2Cl)[N+]([O-])=O)c(Cl)c1,486,357,34
505.1370646,10.09451667,4.956480888,4.149850886,4.276547337,0,4.541841726,4.596902824,4.029509845,4.447999026,4.229929493,4.306704958,4.489989882,4.543622373,4.449203141,4.15245124,3.946326835,4.168866572,5.280584203,4.871348415,4.288939797,4.362690065,0,4.788167183,4.374083676,4.101786128,4.362690065,C22H24ClN5O7;C27H29ClO5;C28H28ClN3O3S;C21H29Cl2N5O3;C30H21N3O3S;C27H23N3O5;C26H22ClN3O3,-0.072222005039305;-0.54955094528577;-0.595297026477517;-1.00769951309882;-0.536558307083982;-0.539296952085623;-0.539296952085623,0.00995033085316809;0.00995033085316809;0.00995033085316809;0.00995033085316809;-2.32372104551469;-2.49903878270572;-2.61767454814866,-0.0622716741861369;-0.539600614432602;-0.585346695624349;-0.997749182245647;-2.86027935259867;-3.03833573479134;-3.15697150023429,0,0,0;0;0;0;-0.5;-0.5;0,[M]-;[M+Cl]-;[M-H-H2O]-;[M+Cl]-;[M]-;[M+Cl]-;[M+CH2O2-H]-,0.5;0;0;0;0.5;0;0,0,-0.00943638631606797;-0.878160484505796;-0.460233373821866;-0.173711153987499;-1.53979464530381;-0.0760912494920426;-0.518421654877242,0.428291939497795;-1.4177610989384;-1.04558006944621;-0.173711153987499;-1.53979464530381;-0.0760912494920426;-3.67539315511153,0.428291939,C22H24ClN5O7,2-[3-acetamido-N-(2-acetyloxyethyl)-4-[(2-chloro-5-nitrophenyl)diazenyl]anilino]ethyl acetate,66214-53-7,Azo Dye,CC(=O)Nc1cc(ccc1N=Nc2cc(ccc2Cl)[N+]([O-])=O)N(CCOC(C)=O)CCOC(C)=O,553,401,35
243.0329742,10.91928333,0,0,0,0,0,4.137626641,0,0,0,0,0,5.384404382,0,0,0,0,4.530628906,0,0,3.974994547,0,0,0,0,4.334127773,C13H11ClN2O2;C13H11ClN2O2;C13H9ClN2O;C7H6N4O6,-0.051498932671041;-0.051498932671041;-0.051498932671041;-0.483827047361312,0.00995033085316809;0.00995033085316809;0.00995033085316809;-3.42526217345541,0.958451398182127;0.958451398182127;-1.04154860181787;-4.90908922081672,0,0,0;0;-0.5;0,[M-H-H2O]-;[M-H-H2O]-;[M-H]-;[M]-,0;0;1;0.5,0.924385296646556;0.924385296646556;0;0,-1.43156134055065;-1.22154483865053;-0.454896921096218;-2.07648125994511,0.451275354278034;0.661291856178151;-0.454896921096218;-6.48557048076183,0.661291856,C13H11ClN2O2,N-(4-amino-5-chloro-2-hydroxyphenyl)benzamide,5099-13-8,Azo Dye Intermediate,Nc1cc(O)c(NC(=O)c2ccccc2)cc1Cl,94,78,36
217.042511,9.169483333,4.399396995,4.598020006,3.851786052,4.302676891,4.469300717,4.037160936,0,3.707798723,0,6.093655668,0,3.733192287,3.689965525,0,4.712029294,0,4.510431217,4.753595595,0,0,3.710765167,4.095595166,4.275977908,4.642035207,4.302676891,C13H11ClO;C13H11ClO;C13H11ClO;C13H10O;C13H10O;C13H10O;C13H10O,0.00845119237492367;0.00845119237492367;0.00845119237492367;0.00845119237492367;0.00845119237492367;0.00845119237492367;0.00845119237492367,0.00995033085316809;0.00995033085316809;0.00995033085316809;0.00995033085316809;0.00995033085316809;0.00995033085316809;0.00995033085316809,1.01840152322809;1.01840152322809;1.01840152322809;1.01840152322809;1.01840152322809;1.01840152322809;1.01840152322809,;0;0;0;0;0;0;0,0,0;-0.5;0;-0.5;-0.5;-0.5;-0.5,[M-H]-;[M-H]-;[M-H]-;[M+Cl]-;[M+Cl]-;[M+Cl]-;[M+Cl]-,1;1;1;0;0;0;0,1;1;1;0;0;0;0,-0.0547327749809198;-0.00513789140914855;-0.049669633265916;-0.0543859291951138;-0.000453731264467598;-0.0150571887822181;-0.0137447054268887,2.96366874824717;-0.00513789140914855;2.96873188996217;-0.0543859291951138;-0.000453731264467598;-0.0150571887822181;-0.0137447054268887,2.96873189,C13H11ClO,Chlorophene,120-32-1,Other,Oc1ccc(Cl)cc1Cc2ccccc2,42,35,37
266.0142619,8.88755,5.015042486,0,3.961701569,4.426281193,0,4.377391884,0,0,3.351071801,4.185084655,0,0,3.892062956,0,0,0,4.480742427,0,4.699517549,4.0964952,0,4.00062114,0,0,4.185084655,C13H10ClNO;C13H10ClNO;C11H10N2O2S2;C10H8N2S2;C8H16Cl2O3S,0.00734493110097471;0.00734493110097471;-0.492811855419747;-0.492811855419747;-0.723127636209623,0.00995033085316809;0.00995033085316809;0.00995033085316809;0.00995033085316809;0.00995033085316809,0.0172952619541428;0.0172952619541428;-0.482861524566579;-0.482861524566579;-0.713177305356455,0,0,0;0;-0.5;0;-0.5,[M+Cl]-;[M+Cl]-;[M-H]-;[M+CH2O2-H]-;[M]-,1;1;0;0;0.5,0,-0.0528135174926185;-0.12568365462802;-0.144565548597938;-0.159834847345702;-0.00582367396899995,0.964481744461521;0.89161160732612;-0.144565548597938;-0.642696371912281;-0.00582367396899995,0.964481744,C13H10ClNO,"N,N-diphenylcarbamoyl chloride",83-01-2,Pharmaceutical,ClC(=O)N(c1ccccc1)c2ccccc2,156,130,38
373.0708211,10.83323333,5.015258447,3.895191379,0,4.096169011,3.964937456,0,0,0,3.628783029,4.270246956,0,3.946536168,4.414938797,0,0,0,3.82836389,0,0,0,0,4.107330229,4.637679778,0,4.096169011,C17H15ClN4O4;C16H20ClNO5S;C21H15N3S2,-0.132201290392476;-0.552957588414251;-0.0930809491720792,0.00995033085316809;0.00995033085316809;-2.92120356460359,0.0777490404606917;-0.743007257561083;-4.01428451377567,0,0,0;0;-0.5,[M-H]-;[M-H]-;[M]-,1;1;0.5,0;0;0,-0.421523652343992;-1.13781552664479;-0.398232439890788,0.656225388116698;-0.880822784205873;-0.398232439890788,0.656225388,C17H15ClN4O4,2-[(4-chloro-2-nitrophenyl)diazenyl]-N-(2-methylphenyl)-3-oxobutanamide,68399-71-3,Azo Dye,CC(=O)C(N=Nc1ccc(Cl)cc1[N+]([O-])=O)C(=O)Nc2ccccc2C,401,300,39
