m/z,Retention Time (min.),Peak Intensity - Dust 11,Peak Intensity - Dust 12,Peak Intensity - Dust 13,Peak Intensity - Dust 16,Peak Intensity - Dust 19,Peak Intensity - Dust 2,Peak Intensity - Dust 20,Peak Intensity - Dust 21,Peak Intensity - Dust 22,Peak Intensity - Dust 23,Peak Intensity - Dust 24,Peak Intensity - Dust 25,Peak Intensity - Dust 26,Peak Intensity - Dust 29,Peak Intensity - Dust 3,Peak Intensity - Dust 30,Peak Intensity - Dust 33,Peak Intensity - Dust 34,Peak Intensity - Dust 4,Peak Intensity - Dust 5,Peak Intensity - Dust 6,Peak Intensity - Dust 7,Peak Intensity - Dust 8,Peak Intensity - Dust 9,All Formula Matches,Isotope Signal Score,Mass Error Score,MS1 Score,Neutral Loss Score,Characteristic Ion Score,Ion Mode Score,Adducts,Adduct Score,MS2 Score,RT Score,Weighted Scores,Final (Highest) Score,Final Formula Match,IUPAC or Common Name,CAS Number,Primary Reported Use,SMILES,Orig Cmpd ID,Final Cmpd ID (by m/z),Notes,,,,,,,,,,,,,,,,,,,,,,,,,,,,,
203.038269,9.531166667,0,0,0,0,0,0,0,0,0,0,0,107771.9688,0,0,0,0,0,0,0,0,0,0,0,0,C11H11ClN2O;C11H8N2;C11H8N2;C8H12O4S;C8H14O5S;C8H14O5S;C7H10O2S;C7H10O2S,0.00895023093910837;0.00895023093910837;0.00895023093910837;-0.0480942465215427;-0.0480942465215427;-0.0480942465215427;-0.0480942465215427;-0.0480942465215427,0.00995033085316809;0.00995033085316809;0.00995033085316809;0.00995033085316809;0.00995033085316809;0.00995033085316809;0.00995033085316809;0.00995033085316809,1.01890056179228;0.0189005617922765;0.0189005617922765;-0.0381439156683746;-0.0381439156683746;-0.0381439156683746;-1.03814391566837;-1.03814391566837,0,0,0;-0.5;-0.5;0;0;0;0;0,[M-H-H2O]-;[M+Cl]-;[M+Cl]-;[M-H]-;[M-H-H2O]-;[M-H-H2O]-;[M+CH2O2-H]-;[M+CH2O2-H]-,0;0;0;1;0;0;0;0,0.216321660148515;0.387337547759315;0.387337547759315;0;0.978218594077296;0.978218594077296;0;0,-0.188910726245682;-0.258946872909102;-0.258946872909102;-1.29686970938704;-0.760342931064361;-0.760342931064361;-0.50127754926803;-0.50127754926803,1.04631149569511;-0.258946872909102;-0.258946872909102;-0.335013625055419;0.17973174734456;0.17973174734456;-1.5394214649364;-1.5394214649364,1.046311496,C11H11ClN2O,2-(2-chloro-6-methylphenyl)-5-methyl-4H-pyrazol-3-one,117-23-7,Unknown,CC1=NN(C(=O)C1)c2c(C)cccc2Cl,12,8,,184700.3906,5.266467814,"2-chloro-4,6-dinitroaniline",253351.6406,210971.4375,96677.375,642305.6875,104039.4453,234073.125,46395.89063,94306.70313,112721.8594,274039.125,508394.7813,39093.0625,299426,190573.5313,104805.5781,316734.5,130673.4922,83081.99219,,184700.3906,228712.5625,139941.5938,574859.25,52109.55859,,
204.9576365,9.534716667,129353.25,80440.32031,9719.813477,251799.5156,48676.47656,21345.28125,14834.43945,10666.61914,16150.98926,98424.45313,139495.9688,13286.79785,65149.03125,99180.35938,21197.68359,97184.47656,38366.48438,19364.36914,8818.62793,20617.33984,67083.52344,102203.2031,102430.0547,25011.06055,C6H4Cl2N2O2;C6H4Cl2N2O2;C6H4Cl2N2O2;C6H6Cl2N2O3;C6H6Cl2N2O3;C6H6Cl2N2O3;C6H6Cl2N2O3;C6H6Cl2N2O3,-0.010430545096086;-0.010430545096086;-0.010430545096086;-0.010430545096086;-0.010430545096086;-0.010430545096086;-0.010430545096086;-0.010430545096086,0.00995033085316809;0.00995033085316809;0.00995033085316809;0.00995033085316809;0.00995033085316809;0.00995033085316809;0.00995033085316809;0.00995033085316809,0.666186452423749;0.666186452423749;0.666186452423749;0.666186452423749;0.666186452423749;0.666186452423749;0.666186452423749;0.666186452423749,;0.5;0.5;0.5;0.5;0.5;0.5;0.5;0.5,0,0;0;0;0;0;0;0;0,[M-H]-;[M-H]-;[M-H]-;[M-H-H2O]-;[M-H-H2O]-;[M-H-H2O]-;[M-H-H2O]-;[M-H-H2O]-,1;1;1;0;0;0;0;0,1;1;1;1;1;1;1;1,-0.180577956396847;-0.180577956396847;-0.180577956396847;-0.221696180983554;-0.221696180983554;-0.196833739761362;-0.0427457878983361;-0.221696180983554,2.9856084960269;2.9856084960269;2.9856084960269;1.9444902714402;1.9444902714402;1.96935271266239;2.12344066452541;1.9444902714402,2.985608496,C6H4Cl2N2O2,Dichloran,99-30-9,Azo Dye Intermediate,Nc1c(Cl)cc(cc1Cl)[N+]([O-])=O,16,12,,196723.625,5.293856518,C.I. Pigment Yellow 3,192174.0938,177995.0781,190772.8594,172669.4844,157341.875,276120.1563,184156.3125,271041.4688,231481.2656,285400.4063,219487.3594,469429.2188,196536.3906,195049.2188,101987.1016,207014.9375,203161.1563,312003.0938,170430.2344,286053.0313,139253.7813,149159.0938,283922.7188,196910.8594,,
215.9817301,7.0767,253351.6406,210971.4375,96677.375,642305.6875,104039.4453,234073.125,46395.89063,94306.70313,112721.8594,274039.125,508394.7813,39093.0625,299426,190573.5313,104805.5781,316734.5,130673.4922,83081.99219,0,184700.3906,228712.5625,139941.5938,574859.25,52109.55859,C6H4ClN3O4;C6H4ClN3O4;C8H8Cl2N2O2;C8H8Cl2N2O2;C8H8Cl2N2O2;C8H5ClN2O;C3H11Br2N3S,0.00979283699421871;0.00979283699421871;-0.690633421861379;-0.690633421861379;-0.690633421861379;-0.690633421861379;-0.418917706619663,0.00995033085316809;0.00995033085316809;0.00995033085316809;0.00995033085316809;0.00995033085316809;0.00995033085316809;-4.57194468364522,0.419743167847387;0.419743167847387;-0.680683091008211;-0.680683091008211;-0.680683091008211;-1.18068309100821;-5.99086239026488,;0;0;0;0;0;0;0,0,0;0;0;0;0;0;-0.5,[M-H]-;[M-H]-;[M-H-H2O]-;[M-H-H2O]-;[M-H-H2O]-;[M+Cl]-;[M-Br+O]-,1;1;0;0;0;0;0.5,0;0;0;0;0;0;0,-1.70176567759729;-1.13978784647175;-0.666524923116756;-2.24648047153745;-0.666524923116756;-0.416462926007904;-0.546344235584577,-0.282022509749897;0.27995532137564;-1.34720801412497;-2.92716356254566;-1.34720801412497;-1.59714601701611;-0.546344235584577,0.279955321,C6H4ClN3O4,"2-chloro-4,6-dinitroaniline",3531-19-9,Azo Dye Intermediate,Nc1c(Cl)cc(cc1[N+]([O-])=O)[N+]([O-])=O,39,32,,1172942.5,6.069276723,C.I. Pigment Yellow 6,6396444.5,1994654.125,370828.6875,6664481.5,1076234.25,1269650.75,333361.2188,319670.5938,38083.86328,2852285,3318466.5,3855.735107,1823595.625,1965508.125,360750.875,2302334.75,993960.375,577733.9375,5691.918457,427892.2188,1770206.25,2225010,3288209.5,653266.8125,,
216.9658508,10.59276667,142586.125,70000.49219,27026.97461,544181.125,73048.92969,133174.1406,23503.43359,126671.3438,13397.35156,174967.4688,179839.0938,10285.97949,115889.8125,99298.67188,32271.98047,229584.8281,87978.53906,58759.39844,0,102902.0703,134072.6563,124370.7891,164004.4688,47899.13281,C6H3ClN2O5,0.007418676,0.009950331,0.417369007,;0,0,0,[M-H]-,1,1,-0.42483251,1.992536497,1.992536497,C6H3ClN2O5,"4-chloro-2,6-dinitrophenol",88-87-9,Azo Dye Intermediate,Oc1c(cc(Cl)cc1[N+]([O-])=O)[N+]([O-])=O,40,33,,173689.3438,5.239773174,C.I. Disperse Blue 79:2,163177.6406,235124.0938,35172.5,1008956.063,95105.11719,420496.125,36050.83984,,2582.105713,208225.0313,146536.9219,,280095.0313,134646.2813,119795.8125,107217.6719,1294556.75,276985.2188,,,20965.11523,245209.8125,369335.4063,184201.0469,,
217.042511,9.169483333,25084.01172,39629.62891,7108.632324,20075.98633,29464.61133,10893.33691,0,5102.68457,0,1240668.25,0,5409.937988,4897.399414,0,51526.33984,0,32391.51172,56701.63672,0,0,5137.657715,12462.21289,18878.95313,43856.625,C13H11ClO;C13H11ClO;C13H11ClO;C13H10O;C13H10O;C13H10O;C13H10O,0.00845119237492367;0.00845119237492367;0.00845119237492367;0.00845119237492367;0.00845119237492367;0.00845119237492367;0.00845119237492367,0.00995033085316809;0.00995033085316809;0.00995033085316809;0.00995033085316809;0.00995033085316809;0.00995033085316809;0.00995033085316809,1.01840152322809;1.01840152322809;1.01840152322809;1.01840152322809;1.01840152322809;1.01840152322809;1.01840152322809,;0;0;0;0;0;0;0,0,0;-0.5;0;-0.5;-0.5;-0.5;-0.5,[M-H]-;[M-H]-;[M-H]-;[M+Cl]-;[M+Cl]-;[M+Cl]-;[M+Cl]-,1;1;1;0;0;0;0,1;1;1;0;0;0;0,-0.0547327749809198;-0.00513789140914855;-0.049669633265916;-0.0543859291951138;-0.000453731264467598;-0.0150571887822181;-0.0137447054268887,2.96366874824717;-0.00513789140914855;2.96873188996217;-0.0543859291951138;-0.000453731264467598;-0.0150571887822181;-0.0137447054268887,2.96873189,C13H11ClO,Chlorophene,120-32-1,Other,Oc1ccc(Cl)cc1Cc2ccccc2,42,35,,,,,,,,,,,,,,,,,,,,,,,,,,,,,,
230.0490621,9.531166667,0,0,0,0,0,0,0,0,0,0,0,448170.8125,0,0,0,0,0,0,0,0,2624.803711,0,0,0,C12H10ClN3;C9H13NO4S;C9H12BrNO3S;C8H11NO2S;C8H11NO2S,-0.0198458297828749;-0.0823437792769431;-0.0823437792769431;-0.0823437792769431;-0.0823437792769431,0.00995033085316809;0.00995033085316809;0.00995033085316809;-1.95769576114914;-1.95769576114914,0.434548945514738;-0.516837892868219;-1.07239344842377;-3.04003954042608;-3.04003954042608,;0;0;0;0;0,0,0;0;-0.5;0;0,[M-H]-;[M-H]-;[M-Br+O]-;[M+CH2O2-H]-;[M+CH2O2-H]-,0;0;0.5;0;0,0.855177307615664;0;0;0;0,-0.000231153984251165;-1.20649401784681;-0.02005933127435;-0.506828550887439;-0.690787135239282,1.28949509914615;-1.72333191071503;-0.02005933127435;-3.54686809131352;-3.73082667566536,1.289495099,C12H10ClN3,3-chloro-4-phenyldiazenylaniline,68239-21-4,Azo Dye,Nc1ccc(N=Nc2ccccc2)c(Cl)c1,262,60,,42850.42969,4.631955181,,311729.8125,,4200.54834,32039708,25338.00586,,,3484510.5,,,,,10855.02637,,,,,35938.59766,,49762.26172,,41838108,34411.41016,,,
239.1208191,10.67148333,265822.125,266364.9063,265395.1875,316140.2188,358875.8125,401649,286554.5313,308450.75,421051.0625,279471.1875,409035.7188,437043.875,292363.5313,323909.4375,207944.5313,470322.3125,377378.6875,396706.625,331853.7813,487678.0313,260442.8906,10181.94336,265053.4063,396146.25,C14H21ClO;C14H20O;C14H20O;C14H20O;C14H20O;C14H20O;C14H20O;C14H20O;C14H20O;C14H20O;C14H20O;C14H20O;C14H20O;C14H20O;C14H20O;C14H20O;C14H20O;C14H20O;C14H20O;C14H20O;C14H20O,-0.00302066789011628;-0.00302066789011628;-0.00302066789011628;-0.00302066789011628;-0.00302066789011628;-0.00302066789011628;-0.00302066789011628;-0.00302066789011628;-0.00302066789011628;-0.00302066789011628;-0.00302066789011628;-0.00302066789011628;-0.,0.00995033085316809;0.00995033085316809;0.00995033085316809;0.00995033085316809;0.00995033085316809;0.00995033085316809;0.00995033085316809;0.00995033085316809;0.00995033085316809;0.00995033085316809;0.00995033085316809;0.00995033085316809;0.00995033085316809;0.00995033085316809;0.00995033085316809;0.00995033085316809;0.00995033085316809;0.00995033085316809;0.00995033085316809;0.00995033085316809;0.00995033085316809,0.00692966296305181;0.00692966296305181;0.00692966296305181;0.00692966296305181;0.00692966296305181;0.00692966296305181;0.00692966296305181;0.00692966296305181;0.00692966296305181;0.00692966296305181;0.00692966296305181;0.00692966296305181;0.00692966296305181;0.00692966296305181;0.00692966296305181;0.00692966296305181;0.00692966296305181;0.00692966296305181;0.00692966296305181;0.00692966296305181;0.00692966296305181,0,0,0;-0.5;-0.5;-0.5;-0.5;-0.5;-0.5;-0.5;-0.5;-0.5;-0.5;-0.5;-0.5;-0.5;-0.5;-0.5;-0.5;-0.5;-0.5;-0.5;-0.5,[M-H]-;[M+Cl]-;[M+Cl]-;[M+Cl]-;[M+Cl]-;[M+Cl]-;[M+Cl]-;[M+Cl]-;[M+Cl]-;[M+Cl]-;[M+Cl]-;[M+Cl]-;[M+Cl]-;[M+Cl]-;[M+Cl]-;[M+Cl]-;[M+Cl]-;[M+Cl]-;[M+Cl]-;[M+Cl]-;[M+Cl]-,1;0;0;0;0;0;0;0;0;0;0;0;0;0;0;0;0;0;0;0;0,0,-0.000129624297071066;-0.372110989649768;-0.236495764555981;-0.481563951886784;-0.236495764555981;-0.319851402323204;-0.591017545122248;-0.133292148419734;-1.10453560815998;-0.275588012417443;-0.123985061598976;-0.689626444662867;-0.689626444662867;-0.650,1.00680003866598;-0.372110989649768;-0.236495764555981;-0.481563951886784;-0.236495764555981;-0.319851402323204;-0.591017545122248;-0.133292148419734;-1.10453560815998;-0.275588012417443;-0.123985061598976;-0.689626444662867;-0.689626444662867;-0.650610158321042;-0.532450374802479;-0.611570325943988;-0.234084930599852;-0.372110989649768;-0.319851402323204;-0.591017545122248;-0.13982246299042,1.006800039,C14H21ClO,"2-chloro-4-(2,4,4-trimethylpentan-2-yl)phenol",17199-24-5,Other,CC(C)(C)CC(C)(C)c1ccc(O)c(Cl)c1,85,72,,,,,5.493778338,,3.623305987,7.505688549,4.403772432,,,6.542141778,,,,,4.035630883,,,,,4.555561127,,4.696900111,,7.621572037,4.53670247,,,
243.0329742,10.91928333,0,0,0,0,0,13728.6123,0,0,0,0,0,242328.4375,0,0,0,0,33933.51953,0,0,9440.490234,0,0,0,0,C13H11ClN2O2;C13H11ClN2O2;C13H9ClN2O;C7H6N4O6,-0.051498932671041;-0.051498932671041;-0.051498932671041;-0.483827047361312,0.00995033085316809;0.00995033085316809;0.00995033085316809;-3.42526217345541,0.958451398182127;0.958451398182127;-1.04154860181787;-4.90908922081672,0,0,0;0;-0.5;0,[M-H-H2O]-;[M-H-H2O]-;[M-H]-;[M]-,0;0;1;0.5,0.924385296646556;0.924385296646556;0;0,-1.43156134055065;-1.22154483865053;-0.454896921096218;-2.07648125994511,0.451275354278034;0.661291856178151;-0.454896921096218;-6.48557048076183,0.661291856,C13H11ClN2O2,N-(4-amino-5-chloro-2-hydroxyphenyl)benzamide,5099-13-8,Azo Dye Intermediate,Nc1cc(O)c(NC(=O)c2ccccc2)cc1Cl,94,78,,,,,,,,,,,,,,,,,,,,,,,,,,,,,,
251.9754639,9.72745,1712035.125,113238.0391,161840.1094,1752605.875,165514.4688,3199831.25,37259.72266,50392.44531,74180.1875,170962.4688,355485.5938,20736.35938,396681.125,179279.0313,191356.7031,230732.7031,137541.375,88258.14063,0,288286.2813,76210.51563,1914169.5,194261.7031,64261.82813,C9H9Cl2NO;C12H8Br2,-0.164481965304272;-4.09007686187871,0.00995033085316809;0.00995033085316809,-0.154531634451104;-4.08012653102554,0,0,0;0,[M+Cl]-;[M-Br+O]-,1;0.5,0,-0.1909684858827;-0.11009717344465,0.654499879666196;-0.11009717344465,0.65449988,C9H9Cl2NO,"N-(2,6-dichloro-3-methylphenyl)acetamide",17700-55-9,Unknown,CC(=O)Nc1c(Cl)ccc(C)c1Cl,119,98,,,,,,,,,,,,,,,,,,,,,,,,,,,,,,
252.9830119,9.771116667,3751952,227451.875,515716.625,3383463.75,476084.4375,5721069.5,110772.4375,158041.0156,262476.9375,546002.9375,964700,57274.01172,898612.1875,1399728.375,532195.9375,675509.9375,383293.8438,240534.8281,6247.509277,884913,255223.5156,4375219,553586.4375,199595.2031,C12H8Cl2O2;C8H14O4S3,0.00924839793657563;-0.491444227400101,0.00995033085316809;-3.29925057950422,0.162055871646887;-4.79069480690432,;0;0.5,0,0;0,[M-H]-;[M-H-H2O]-,0;0,1;0,-0.000492111760982067;-0.105200607544107,1.16156375988591;-4.39589541444843,1.16156376,C12H8Cl2O2,Diclosan,3380-30-1,Pesticide,C1=CC(=CC=C1OC2=C(C=C(C=C2)Cl)O)Cl,120,99,,,,,,,,,,,,,,,,,,,,,,,,,,,,,,
258.0520528,8.416416667,75653.10938,45357.94922,11615.47559,151419.3125,21614.01367,57900.51563,18924.89258,13016.53516,14156.32617,79098.26563,101835.3672,3988.266113,265316.9063,34276.24609,9729.337891,97684.48438,38686.98828,30440.79492,2601.525879,32838.62109,49415.29688,69756.32031,99482.26563,30917.2793,C12H9N3O4;C12H9N3O4;C14H13ClN2O2;C14H13ClN2O2,0.00155205274489152;0.00155205274489152;-0.535191493035884;-0.535191493035884,0.00995033085316809;0.00995033085316809;0.00995033085316809;0.00995033085316809,1.01150238359806;1.01150238359806;0.474758837817284;0.474758837817284,;0.5;0.5;0;0,0,-0.5;-0.5;0;0,[M-H]-;[M-H]-;[M-H-H2O]-;[M-H-H2O]-,1;1;0;0,0;0;0;0,-0.0657875284729475;-8.50650221489775;-0.441383583639106;-0.111778371333703,-0.0657875284729475;-8.50650221489775;0.0333752541781778;0.362980466483581,0.362980466,C14H13ClN2O2,N-(4-amino-5-chloro-2-methoxyphenyl)benzamide,6368-90-7,Azo Dye Intermediate,COc1cc(N)c(Cl)cc1NC(=O)c2ccccc2,136,115,,,,,,,,,,,,,,,,,,,,,,,,,,,,,,
266.0142619,8.88755,103524.3438,0,9155.911133,26685.85938,0,23844.70117,0,0,2244.25293,15313.85938,0,0,7799.431641,0,0,0,30251.1875,0,50063.07813,12488.06641,0,10014.3125,0,0,C13H10ClNO;C13H10ClNO;C11H10N2O2S2;C10H8N2S2;C8H16Cl2O3S,0.00734493110097471;0.00734493110097471;-0.492811855419747;-0.492811855419747;-0.723127636209623,0.00995033085316809;0.00995033085316809;0.00995033085316809;0.00995033085316809;0.00995033085316809,0.0172952619541428;0.0172952619541428;-0.482861524566579;-0.482861524566579;-0.713177305356455,0,0,0;0;-0.5;0;-0.5,[M+Cl]-;[M+Cl]-;[M-H]-;[M+CH2O2-H]-;[M]-,1;1;0;0;0.5,0,-0.0528135174926185;-0.12568365462802;-0.144565548597938;-0.159834847345702;-0.00582367396899995,0.964481744461521;0.89161160732612;-0.144565548597938;-0.642696371912281;-0.00582367396899995,0.964481744,C13H10ClNO,"N,N-diphenylcarbamoyl chloride",83-01-2,Pharmaceutical,ClC(=O)N(c1ccccc1)c2ccccc2,156,130,,,,,,,,,,,,,,,,,,,,,,,,,,,,,,
269.1311849,11.05828333,41189.52344,35042.64844,20641.35547,103457.5,18095.12109,192782.4375,13944.58594,10032.21289,13398.91211,46360.25,39002.22461,33351.14844,7768.132324,5174.208496,443720.2188,33436.44141,0,31560.81641,239133.9844,85047.64844,51238.74609,132382.625,298337.25,63109.09766,C14H23O3P;C15H23ClO2;C15H22O2;C15H22O2;C15H22O2;C15H22O2;C15H22O2;C15H22O2;C15H22O2;C15H22O2;C15H22O2;C15H22O2;C15H22O2;C15H22O2;C15H22O2;C15H22O2;C15H22O2;C15H22O2;C15H22O2;C15H22O2;C15H22O2;C15H22O2,-0.00145564762116581;-0.0551462424643311;-0.0551462424643311;-0.0551462424643311;-0.0551462424643311;-0.0551462424643311;-0.0551462424643311;-0.0551462424643311;-0.0551462424643311;-0.0551462424643311;-0.0551462424643311;-0.0551462424643311;-0.05514624246,0.00995033085316809;0.00995033085316809;0.00995033085316809;0.00995033085316809;0.00995033085316809;0.00995033085316809;0.00995033085316809;0.00995033085316809;0.00995033085316809;0.00995033085316809;0.00995033085316809;0.00995033085316809;0.00995033085316809;0.00995033085316809;0.00995033085316809;0.00995033085316809;0.00995033085316809;0.00995033085316809;0.00995033085316809;0.00995033085316809;0.00995033085316809;0.00995033085316809,0.00849468323200229;-0.045195911611163;-0.045195911611163;-0.045195911611163;-0.045195911611163;-0.045195911611163;-0.045195911611163;-0.045195911611163;-0.045195911611163;-0.045195911611163;-0.045195911611163;-0.045195911611163;-0.045195911611163;-0.045195911611163;-0.045195911611163;-0.045195911611163;-0.045195911611163;-0.045195911611163;-0.045195911611163;-0.045195911611163;-0.045195911611163;-0.045195911611163,0,0,-0.5;0;-0.5;-0.5;-0.5;-0.5;-0.5;-0.5;-0.5;-0.5;-0.5;-0.5;-0.5;-0.5;-0.5;-0.5;-0.5;-0.5;-0.5;-0.5;-0.5;-0.5,[M-H]-;[M-H]-;[M+Cl]-;[M+Cl]-;[M+Cl]-;[M+Cl]-;[M+Cl]-;[M+Cl]-;[M+Cl]-;[M+Cl]-;[M+Cl]-;[M+Cl]-;[M+Cl]-;[M+Cl]-;[M+Cl]-;[M+Cl]-;[M+Cl]-;[M+Cl]-;[M+Cl]-;[M+Cl]-;[M+Cl]-;[M+Cl]-,1;1;0;0;0;0;0;0;0;0;0;0;0;0;0;0;0;0;0;0;0;0,0,-0.895610936615741;-0.114978107987059;-0.190929894786438;-0.962963743806569;-0.110528373914281;-0.262204680530751;-0.487430944853555;-0.277406032614927;-0.417285397894372;-0.469648484605699;-0.908481884949911;-0.253789981593173;-0.183253067246263;-0.43677,-0.895610936615741;0.839825980401778;-0.190929894786438;-0.962963743806569;-0.110528373914281;-0.262204680530751;-0.487430944853555;-0.277406032614927;-0.417285397894372;-0.469648484605699;-0.908481884949911;-0.253789981593173;-0.183253067246263;-0.436771,0.83982598,C15H23ClO2,"2-chloro-6-(hydroxymethyl)-4-(2,4,4-trimethylpentan-2-yl)phenol",16372-99-9,Other,CC(C)(C)CC(C)(C)c1cc(Cl)c(O)c(CO)c1,163,135,,,,,,,,,,,,,,,,,,,,,,,,,,,,,,
286.9440715,9.857833333,901629.875,71187.5,105597.0859,951275.6875,108169.9688,1516467.25,24816.37891,39037.42969,61521.19531,143187.0938,262298.2188,19497.7832,299356.7813,330301.0313,114776.1406,140689.0469,99669.75781,46022.07031,0,217363.4844,40606.30469,1202481,151356.0625,50536.16016,C12H7Cl3O2,-0.020893652,0.009950331,-0.177609988,;0.5,0,0,[M-H]-,0,0,-0.000602813,0.321787199,0.321787199,C12H7Cl3O2,Triclosan,3380-34-5,Other,Oc1cc(Cl)ccc1Oc2ccc(Cl)cc2Cl,216,176,,,,,,,,,,,,,,,,,,,,,,,,,,,,,,
298.0723674,10.69753333,255154.3281,16667.28125,59769.85547,256159.4844,158455.5,672922.625,77739.07813,57326.02734,24568.27539,91414.3125,55986.42578,29819.11914,86285.94531,48791.30078,43559.05859,28687.50391,482791.0625,148233.6875,337853.2188,331088.6875,14526.44043,231925.7969,127417.5469,60008.16016,C16H13NO5;C13H15ClN2O4;C15H11NO3;C15H11NO3;C15H11NO3;C18H14O2;C18H14O2;C18H14O2;C18H14O2;C18H14O2;C9H18N3O4P,0.000697183226488485;-0.0580148702754837;0.000697183226488485;0.000697183226488485;0.000697183226488485;-0.537056355756787;-0.537056355756787;-0.537056355756787;-0.537056355756787;-0.537056355756787;-0.0703907342563116,0.00995033085316809;0.00995033085316809;-2.25718115198565;-2.25718115198565;-2.25718115198565;0.00995033085316809;0.00995033085316809;0.00995033085316809;0.00995033085316809;0.00995033085316809;-4.57016999619005,1.01064751407966;0.951935460577684;-1.25648396875916;-1.25648396875916;-1.25648396875916;-1.52710602490362;-1.52710602490362;-1.52710602490362;-1.52710602490362;-1.52710602490362;-3.64056073044636,0,0,0;0;0;0;0;-0.5;-0.5;-0.5;-0.5;-0.5;-0.5,[M-H]-;[M]-;[M+CH2O2-H]-;[M+CH2O2-H]-;[M+CH2O2-H]-;[M+Cl]-;[M+Cl]-;[M+Cl]-;[M+Cl]-;[M+Cl]-;[M+Cl]-,1;0.5;0;0;0;0;0;0;0;0;0,0.021550463318352;0;0.021550463318352;0.021550463318352;0.021550463318352;0;0;0;0;0;0,-2.08347969297002;-0.843445889729149;-0.525645192154702;-1.2271005923418;-1.2271005923418;-0.154038044694738;-0.982879294128022;-0.12776090339559;-0.12776090339559;-0.154038044694738;-6.58782156216425,-0.0512817155720091;0.608489570848531;-1.76057869759551;-2.46203409778261;-2.46203409778261;-0.154038044694738;-0.982879294128022;-0.12776090339559;-0.12776090339559;-0.154038044694738;-6.58782156216425,0.608489571,C13H15ClN2O4,"N-(2-chloro-5-nitrophenyl)-4,4-dimethyl-3-oxopentanamide",63163-96-2,Other,CC(C)(C)C(=O)CC(=O)Nc1cc(ccc1Cl)[N+]([O-])=O,235,193,,,,,,,,,,,,,,,,,,,,,,,,,,,,,,
305.0948079,10.3818,112259.2813,20094.13477,188593.3594,135734.1719,74381.01563,152975.4219,9004.572266,27465.14453,13443.53906,221821.1406,90449.92969,63870.39844,26575.46289,23142.04688,13088.70313,23810.21484,86063.73438,16296.70508,33095.59375,35095.50391,143816.3906,127145.7109,100864.0938,91899.11719,C16H18O4P;C16H19O4P;C17H18O3;C17H18O3;C16H17ClO;C13H15N5O2S,0.00891714491776965;0.00891714491776965;-0.0429468269929608;-0.0429468269929608;-0.0429468269929608;0.00484109960627719,0.00995033085316809;0.00995033085316809;0.00995033085316809;0.00995033085316809;0.00995033085316809;-2.99019016848521,1.01886747577094;1.01886747577094;-0.0329964961397927;-0.0329964961397927;-0.0329964961397927;-1.98534906887894,0,0,-0.5;-0.5;-0.5;-0.5;0;0,[M]-;[M-H]-;[M+Cl]-;[M+Cl]-;[M+CH2O2-H]-;[M]-,0.5;1;0;0;0;0.5,0.847002688066615;1;0.663845666794478;0.663845666794478;0.743272933327089;0,-0.161255252356;-0.11060639668516;-0.0417974357240916;-0.0417974357240916;-0.0497208726379797;-0.300916537633961,-0.161255252356;-0.11060639668516;-0.0417974357240916;-0.0417974357240916;0.660555564549316;-1.7862656065129,0.660555565,C16H17ClO,1-chloro-2-(2-methylpropyl)-3-phenoxybenzene,70624-13-4,Unknown,CC(C)Cc1c(Cl)cccc1Oc2ccccc2,253,207,,,,,,,,,,,,,,,,,,,,,,,,,,,,,,
306.9860331,10.85663333,110133.3906,49871.35156,105229.9375,156653.5156,4502.449707,56439.84375,7754.175293,22072.05469,6666.901367,82049.13281,21760.47852,832086.6875,32194.8457,9139.228516,47040.30469,26485.48047,57759.94922,0,9954.87793,49488.99609,420261.4688,58063.26953,88650.16406,65879.84375,C14H8Cl2N2O2;C14H8Cl2N2O2,-0.018219906446841;-0.018219906446841,0.00995033085316809;0.00995033085316809,0.32506375773966;0.32506375773966,;0.5;0.5,0,0;-0.5,[M-H]-;[M-H]-,1;1,0.0582661960053855;0.0582661960053855,-1.1967946257066;-1.13631051778844,0.686535328038451;-1.13631051778844,0.686535328,C14H8Cl2N2O2,C.I. Disperse Violet 28,81-42-5,Dye,Nc1c(Cl)c(Cl)c(N)c2C(=O)c3ccccc3C(=O)c12,257,211,,,,,,,,,,,,,,,,,,,,,,,,,,,,,,
327.0417684,10.93128333,118954.4844,57631.45703,22067.82617,141500.9844,34361.88281,47391.59766,24156.89063,15569.5791,24606.68164,84600.67969,53507.35156,109317.5,45784.75391,56007.32422,23095.13867,37588.37891,34984.44922,37484.12891,25962.55664,28997.45703,39032.24609,51139.71484,62682.10547,60220.39063,C16H10ClN3O3;C16H10ClN3O3;C10H9N5O8,-0.0572061829824836;-0.0572061829824836;-0.483944295421146,0.00995033085316809;0.00995033085316809;-4.41011057804333,0.952744147870685;0.952744147870685;-5.03691201632162,0,0,0;0;0,[M]-;[M]-;[M-H]-,0.5;0.5;1,0;0;0,-0.492230506936556;-0.133282367468502;-3.06269854311569,0.960513640934134;1.31946178040219;-7.09961055943731,1.31946178,C16H10ClN3O3,C.I. Pigment Red 6,6410-13-5,Azo Dye,[O-][N+](=O)c1cc(Cl)ccc1N\N=C2/C(=O)C=Cc3ccccc23,311,243,,,,,,,,,,,,,,,,,,,,,,,,,,,,,,
348.0996094,9.9616,46823.59766,53447.22656,9981.008789,631067.0625,20547.43359,79521.4375,19520.2207,55913.92188,9396.150391,59084.63672,33239.16016,0,140766.6406,0,11200.24609,161234.6094,0,25041.0293,0,41303.69141,109417.4609,139816.4531,216209.9531,10391.54395,C16H17ClN4O3;C16H17ClN4O3;C19H17N3O5;C19H17N3O5;C21H16N2O,-0.0572524013907284;-0.0572524013907284;-0.011210797438538;-0.011210797438538;-0.536874318534273,0.00995033085316809;0.00995033085316809;-4.35592953228394;-4.35592953228394;-4.53090035420694,0.439877416641927;0.439877416641927;-4.44406340664556;-4.44406340664556;-5.81136441633096,;0;0;0;0;0,0,0;0;0;0;-0.5,[M]-;[M]-;[M-H-H2O]-;[M-H-H2O]-;[M+Cl]-,0.5;0.5;0;0;0,0;0;0;0;0,-0.00830547355987465;-0.00830547355987465;-0.322602915627243;-0.000501408737635698;-0.095083146024679,0.931571943082052;0.931571943082052;-4.7666663222728;-4.4445648153832;-0.095083146024679,0.931571943,C16H17ClN4O3,Disperse Red 13,3180-81-2,Azo Dye,CCN(CCO)c1ccc(cc1)N=Nc2ccc(cc2Cl)[N+]([O-])=O,359,276,,,,,,,,,,,,,,,,,,,,,,,,,,,,,,
355.0370483,9.534766667,360721.5625,150488.0781,16668.49023,45017.43359,20883.62695,58130.12891,5041.117676,6452.925293,0,120198.1563,123223.0078,0,84123.64844,59920.30859,13613.67773,52271.39453,57105.27344,29226.05078,0,21747.69531,114723.0547,129708.6563,197005.3438,33838.50391,C14H13ClN4O3;C13H18ClNO4S,-0.00286952836675409;-0.722209406046012,0.00995033085316809;0.00995033085316809,0.740414135819747;-0.467814630748399,;0;0,0,0;-0.5,[M+Cl]-;[M+Cl]-,1;1,0;0,-0.00230781219464004;-0.227156852990239,1.73810632362511;-0.227156852990239,1.738106324,C14H13ClN4O3,Disperse Orange 138,43047-20-7,Azo Dye,OCCNc1ccc(cc1Cl)N=Nc2ccc(cc2)[N+]([O-])=O,370,282,,,,,,,,,,,,,,,,,,,,,,,,,,,,,,
365.0575867,9.470133333,495662.5313,202606.4063,36847.65625,750663,61138.99609,161835.2188,18676.93164,12366.89355,0,702751.9375,158666.7188,0,175819.3125,109215.3047,63660.94922,99570.61719,136401.3906,79120.96875,0,48723.01953,144849.4063,303588.4375,209820.6719,66567.83594,C16H16Cl2N4O2;C16H16Cl2N4O2,0.00561407734936342;0.00561407734936342,0.00995033085316809;0.00995033085316809,0.682231074869198;0.682231074869198,;0;0,0,0;0,[M-H]-;[M-H]-,1;1,0;0,-1.19378937266453;-1.44582442537526,0.48844170220467;0.236406649493945,0.488441702,C16H16Cl2N4O2,N-(2-chloroethyl)-4-[(2-chloro-4-nitrophenyl)diazenyl]-N-ethylaniline,61813-43-2,Azo Dye,CCN(CCCl)c1ccc(cc1)N=Nc2ccc(cc2Cl)[N+]([O-])=O,382,290,,,,,,,,,,,,,,,,,,,,,,,,,,,,,,
369.9906616,10.60661667,0,0,0,0,0,0,0,0,0,0,0,0,0,0,0,0,0,0,0,0,0,45579.375,0,194355.4844,C13H10ClN3O6S,-0.206964049,0.009950331,-0.197013718,0,0,0,[M-H]-,1,0,-0.04497807,0.758008213,0.758008213,C13H10ClN3O6S,"N-(4-chloro-2,6-dinitrophenyl)-4-methylbenzenesulfonamide",32658-60-9,Unknown,Cc1ccc(cc1)[S](=O)(=O)Nc2c(cc(Cl)cc2[N+]([O-])=O)[N+]([O-])=O,392,295,,,,,,,,,,,,,,,,,,,,,,,,,,,,,,
373.0708211,10.83323333,103575.8359,7855.817383,0,12478.69043,9224.385742,0,0,0,4253.858398,18631.46289,0,8841.708008,25997.93164,0,0,0,6735.407715,0,0,0,0,12803.54492,43418.99609,0,C17H15ClN4O4;C16H20ClNO5S;C21H15N3S2,-0.132201290392476;-0.552957588414251;-0.0930809491720792,0.00995033085316809;0.00995033085316809;-2.92120356460359,0.0777490404606917;-0.743007257561083;-4.01428451377567,0,0,0;0;-0.5,[M-H]-;[M-H]-;[M]-,1;1;0.5,0;0;0,-0.421523652343992;-1.13781552664479;-0.398232439890788,0.656225388116698;-0.880822784205873;-0.398232439890788,0.656225388,C17H15ClN4O4,2-[(4-chloro-2-nitrophenyl)diazenyl]-N-(2-methylphenyl)-3-oxobutanamide,68399-71-3,Azo Dye,CC(=O)C(N=Nc1ccc(Cl)cc1[N+]([O-])=O)C(=O)Nc2ccccc2C,401,300,,,,,,,,,,,,,,,,,,,,,,,,,,,,,,
383.0778503,9.9616,532817.5,707058.8125,89564.46875,3104728,311852.2813,903250.1875,149292.5313,11107.86426,0,911635.75,283655.25,0,708784.0625,513839.9375,433935.3125,476067.9063,622578.9375,319930.3438,0,13448.64648,7609.67041,796188.8125,1414180.75,507848.75,C15H18ClN5O3S;C20H16O8;C23H16ClN3O2;C23H16ClN3O2,-0.551240958652405;0.00938169912563201;-0.53790685042805;-0.53790685042805,0.00995033085316809;-4.08655595765311;-4.53984276674139;-4.53984276674139,0.151017064508455;-4.46178964314287;-5.2315957710156;-5.2315957710156,;0;0;0;0,0,0;0;0;0,[M-H]-;[M-H]-;[M-H-H2O]-;[M-H-H2O]-,1;1;0;0,0;0;0;0,-0.121126183062566;-0.528348592614474;-0.636109835839793;-0.251125857166298,1.02989088144588;-3.99013823575734;-5.86770560685539;-5.4827216281819,1.029890881,C15H18ClN5O3S,"1-chloro-3-[N-ethyl-3-methyl-4-[(5-nitro-1,3-thiazol-2-yl)diazenyl]anilino]propan-2-ol",70865-21-3,Azo Dye,CCN(CC(O)CCl)c1ccc(N=Nc2sc(cn2)[N+]([O-])=O)c(C)c1,414,310,,,,,,,,,,,,,,,,,,,,,,,,,,,,,,
389.0661519,10.42255,441448.5938,140798.5156,85088.35156,593970.875,203584.5625,455935.6563,129579.4766,11363.79883,14784.74902,486692.25,69305.15625,66816.73438,285212.9063,241905.375,81072.98438,16371.31738,170896.5625,35160.70703,0,34666.0625,16827.3125,464907.75,1012442.625,100731.6406,C17H15ClN4O5;C18H22ClO3P,-0.0594375684649253;-0.515489066096009,0.00995033085316809;0.00995033085316809,0.855274667150148;-1.2674434971476,;0.5;0,0,0;-0.5,[M-H]-;[M+Cl]-,1;0,0;0,-0.19475528435832;-0.22453297090491,2.16051938279183;-0.22453297090491,2.160519383,C17H15ClN4O5,C.I. Pigment Yellow 73,13515-40-7,Azo Dye,CC(=O)C(C(=O)NC1=CC=CC=C1OC)N=NC2=C(C=C(C=C2)Cl)[N+](=O)[O-],423,314,,,,,,,,,,,,,,,,,,,,,,,,,,,,,,
395.0134583,10.96193333,192174.0938,177995.0781,190772.8594,172669.4844,157341.875,276120.1563,184156.3125,271041.4688,231481.2656,285400.4063,219487.3594,469429.2188,196536.3906,195049.2188,101987.1016,207014.9375,203161.1563,312003.0938,170430.2344,286053.0313,139253.7813,149159.0938,283922.7188,196910.8594,C16H12Cl2N4O4,-0.011865701,0.009950331,0.902846535,;0,0,0,[M-H]-,1,0,-0.359956642,1.542889893,1.542889893,C16H12Cl2N4O4,C.I. Pigment Yellow 3,6486-23-3,Azo Dye,CC(=O)C(N=Nc1ccc(Cl)cc1[N+]([O-])=O)C(=O)Nc2ccccc2Cl,432,317,,,,,,,,,,,,,,,,,,,,,,,,,,,,,,
395.0320231,9.534716667,6396444.5,1994654.125,370828.6875,6664481.5,1076234.25,1269650.75,333361.2188,319670.5938,38083.86328,2852285,3318466.5,3855.735107,1823595.625,1965508.125,360750.875,2302334.75,993960.375,577733.9375,5691.918457,427892.2188,1770206.25,2225010,3288209.5,653266.8125,C16H13ClN4O4;C16H12ClN5O3,-0.0148447705803278;-0.707468911291004,0.00995033085316809;-4.46341439605411,0.64510556027284;-4.67088330734511,;0;0,0,0;0,[M+Cl]-;[M+Cl]-,0;0,0;0,-0.110151229040228;-0.0575460556706896,0.534954331232612;-0.0575460556706896,0.534954331,C16H13ClN4O4,C.I. Pigment Yellow 6,4106-76-7,Azo Dye,CC(=O)C(N=Nc1ccc(Cl)cc1[N+]([O-])=O)C(=O)Nc2ccccc2,428,318,,,,,,,,,,,,,,,,,,,,,,,,,,,,,,
417.2200419,13.23313333,307072.8438,408023.1875,304285.5,303651.7188,439536.4375,497857.125,413861.5313,341137.8438,453495.3125,773180.3125,478233.5313,503748.25,510728.7188,505441.6875,354888.4375,521806.1563,405496.1875,792115.75,410686.625,492289,296778.0313,560992.625,288890.125,743446.0625,C24H35O4P;C25H34O3;C25H34O3;C24H33ClO;C24H33ClO,0.00937888699316801;-0.0454225876103292;-0.0454225876103292;-0.0454225876103292;-0.0454225876103292,0.00995033085316809;0.00995033085316809;0.00995033085316809;0.00995033085316809;0.00995033085316809,0.352662551179669;0.297861076576172;0.297861076576172;0.297861076576172;0.297861076576172,0,0,-0.5;-0.5;-0.5;0;0,[M-H]-;[M+Cl]-;[M+Cl]-;[M+CH2O2-H]-;[M+CH2O2-H]-,1;0;0;0;0,0.765968886221025;0;0;0.302106746648647;0,-0.921784938587709;-0.683287135543149;-0.765074855703045;-0.147668177269261;-0.395658614842891,-0.921784938587709;-0.683287135543149;-0.765074855703045;0.754406392604205;-0.0977975382667193,0.754406393,C24H33ClO,2-chloro-1-dodecyl-3-phenoxybenzene,55398-87-3,Unknown,CCCCCCCCCCCCc1cccc(Oc2ccccc2)c1Cl,465,343,,,,,,,,,,,,,,,,,,,,,,,,,,,,,,
431.1397603,11.05828333,192814.1875,759718.1875,804085.25,400708.375,779817,838761.6875,971433,305822.1875,420508.1875,545456.6875,371137.3438,398474.3438,861663.9375,1068015.875,2473896,759678.375,399039.7188,482473.9375,643430.8125,487205.75,469507.4375,372430.5,321525.5625,1120277.125,C22H28ClN3O3S;C22H28ClN3O3S;C28H22N2O4;C28H22N2O4;C28H22N2O4;C25H22ClN3O2,-0.553419987785115;-0.553419987785115;0.000578899624615673;0.000578899624615673;0.000578899624615673;-0.0486755034400295,0.00995033085316809;0.00995033085316809;0.00995033085316809;0.00995033085316809;0.00995033085316809;-4.55869668025885,-0.143469656931947;-0.143469656931947;-0.789470769522216;-0.789470769522216;-0.789470769522216;-5.20737218369888,;0;0;0;0;0;0,0,0;0;0;0;0;-0.5,[M-H-H2O]-;[M-H-H2O]-;[M-H-H2O]-;[M-H-H2O]-;[M-H-H2O]-;[M]-,0;0;0;0;0;0.5,1;1;0.280135005553853;0.428926392372336;0.38086252944818;0,-0.628773473987641;-0.141503246113851;-0.0802016484732252;-0.0885528138293588;-0.0885528138293588;-0.288834889651926,1.22775686908041;1.7150270969542;-0.309402406887735;-0.0201707986069028;-0.116298524455215;-0.288834889651926,1.715027097,C22H28ClN3O3S,"2-[6-[(2-chloro-4-methylsulfonylphenyl)diazenyl]-2,2,4,7-tetramethyl-3,4-dihydroquinolin-1-yl]ethanol",63134-03-2,Azo Dye,CC1CC(C)(C)N(CCO)c2cc(C)c(cc12)N=Nc3ccc(cc3Cl)[S](C)(=O)=O,482,353,,,,,,,,,,,,,,,,,,,,,,,,,,,,,,
432.0166117,9.535266667,0,76279.90625,0,56264.61328,4566.856934,51692.41797,4214.894043,0,0,18091.95117,0,0,27362.48633,62112.18359,11193.12305,23772.49805,7843.480957,26939.97656,0,14156.75391,17872.71094,35585.10938,199152.0938,58591.33984,C16H15Cl3N4O4,-0.045667915,0.009950331,0.464282416,0,0,0,[M]-,0.5,0,-0.432960176,0.531322239,0.531322239,C16H15Cl3N4O4,C.I. Disperse Brown 1,23355-64-8,Azo Dye,OCCN(CCO)c1ccc(N=Nc2c(Cl)cc(cc2Cl)[N+]([O-])=O)c(Cl)c1,486,357,,,,,,,,,,,,,,,,,,,,,,,,,,,,,,
460.0948181,11.61256667,32769.47656,20729.25391,0,56636.57813,0,113475.0859,0,0,0,0,0,0,0,16281.68457,0,0,30256.45508,0,0,0,13090.09473,51058.1875,41377.85547,73865.39844,C24H17ClN4O4;C24H17ClN4O4;C18H23Cl3N6O2,-0.0289906144142154;-0.0289906144142154;-0.43228996155986,0.00995033085316809;0.00995033085316809;-2.59546719878052,0.980959716438953;0.980959716438953;-2.02775716034038,;0;0;0,0,0;0;0,[M]-;[M]-;[M]-,0.5;0.5;0.5,0;0;0,-0.611774142297125;-0.291861043084159;-0.824674529147179,0.869185574141825;1.18909867335479;-2.35243168948756,1.189098673,C24H17ClN4O4,C.I. Pigment Red 14,6471-50-7,Azo Dye,Cc1ccccc1NC(=O)C2=Cc3ccccc3C(=N/Nc4ccc(Cl)cc4[N+]([O-])=O)/C2=O,517,376,,,,,,,,,,,,,,,,,,,,,,,,,,,,,,
464.8502401,9.243766667,311729.8125,0,4200.54834,32039708,25338.00586,0,0,3484510.5,0,0,0,0,10855.02637,0,0,0,0,35938.59766,0,49762.26172,0,41838108,34411.41016,0,C9H15Cl6O4P;C9H15Cl6O4P;C14H8Br2N2O4;C14H8Br2N2O4;C14H8Br2N2O4,0.00822337005689781;0.00822337005689781;-1.27889883856125;-1.27889883856125;-1.27889883856125,0.00995033085316809;0.00995033085316809;0.00995033085316809;0.00995033085316809;0.00995033085316809,-0.139721035932039;-0.139721035932039;-1.53210640244492;-1.53210640244492;-1.53210640244492,0,0,0;0;-0.5;-0.5;-0.5,[M+Cl]-;[M+Cl]-;[M+Cl]-;[M+Cl]-;[M+Cl]-,1;1;1;1;1,1;1;0;0;0,-0.602707231476086;-0.753875213531863;-0.0251396527601545;-0.0251396527601545;-0.0251396527601545,2.25757173259187;2.1064037505361;-0.0251396527601545;-0.0251396527601545;-0.0251396527601545,2.257571733,C9H15Cl6O4P,"Tris(2,3-dichloropropyl) phosphate",78-43-3,OPFR,ClCC(Cl)CO[P](=O)(OCC(Cl)CCl)OCC(Cl)CCl,519,378,,,,,,,,,,,,,,,,,,,,,,,,,,,,,,
476.2221069,11.57913333,93123.35938,47000.56641,34242.96094,194371.125,75277.42188,124627.2813,15670.02734,44378.94141,45007.50781,80680.07813,144940.1719,50033.65234,69538.75781,50285.67578,28623.29883,68402.54688,46828.60156,83293.02344,40587.85547,46228.69141,26000.70313,76916.25781,229917.5156,83983.34375,C26H35ClN2O4;C21H34O9,-0.523446906978885;-0.0243216380108455,0.00995033085316809;0.00995033085316809,-0.656353718982859;-0.728657021443392,0,0,0;0,[M-H]-;[M+CH2O2-H]-,1;0,0;0,-0.00776111528983228;-2.49713108950326,0.335885165727309;-3.22578811094665,0.335885166,C26H35ClN2O4,"4-[2,4-bis(2-methylbutan-2-yl)phenoxy]-N-(4-chloro-3-nitrophenyl)butanamide",63134-29-2,Unknown,CCC(C)(C)c1ccc(OCCCC(=O)Nc2ccc(Cl)c(c2)[N+]([O-])=O)c(c1)C(C)(C)CC,528,385,,,,,,,,,,,,,,,,,,,,,,,,,,,,,,
477.1085917,10.42015,361951.8125,413081.25,321407.7188,381541.5,565778.1875,556215.0625,361199.3125,436551.875,432016.1563,442588.0625,530937.8125,434711.75,346969.5,404622,180570.4375,468196.8438,541000.875,655435.1875,373593.0938,444106.0625,378599.8438,375470.2188,431764.5,397470,C23H21ClN6O5;C28H18N2O6;C28H18N2O6;C28H18N2O6;C26H32Cl3OP,-0.0751346091091415;-0.0364840630447364;-0.0364840630447364;-0.0364840630447364;-0.571660159560234,0.00995033085316809;-3.108301754961;-3.108301754961;-3.108301754961;-4.15726709155922,0.934815721744027;-3.14478581800574;-3.14478581800574;-3.14478581800574;-5.72892725111945,0,0,0;0;0;-0.5;0,[M-H-H2O]-;[M-H]-;[M-H]-;[M-H]-;[M-H-H2O]-,0;1;1;1;0,0;0;0;0;0.441459908092112,-0.117662648256023;-0.0127296846156367;-0.0766389024724122;-0.0265718075412293;-3.89700750968068,0.817153073488004;-2.15751550262138;-2.22142472047815;-0.0265718075412293;-8.74301494461591,0.817153073,C23H21ClN6O5,"N-[2-[(2-chloro-4,6-dinitrophenyl)diazenyl]-5-(diethylamino)phenyl]benzamide",72906-16-2,Azo Dye,CCN(CC)c1ccc(N=Nc2c(Cl)cc(cc2[N+]([O-])=O)[N+]([O-])=O)c(NC(=O)c3ccccc3)c1,530,387,,,,,,,,,,,,,,,,,,,,,,,,,,,,,,
484.0731201,9.9616,515766.0938,315995.6875,72355.85938,882799.5,113117.7734,261086.1719,49257.11328,58958.28125,25477.94922,274634.625,757315.125,0,264738.4688,327196.1563,52863.45313,192681.7656,137154.2969,46646.99219,0,60202.59375,349614.9688,225779.3594,465413.0625,194902.8125,C20H20Cl2N4O6,-0.143477944,0.009950331,0.866472387,0,0,0,[M]-,0.5,0,-0.253881636,1.112590751,1.112590751,C20H20Cl2N4O6,"2-[N-(2-acetyloxyethyl)-4-[(2,6-dichloro-4-nitrophenyl)diazenyl]anilino]ethyl acetate",55619-17-5,Azo Dye,CC(=O)OCCN(CCOC(C)=O)c1ccc(cc1)N=Nc2c(Cl)cc(cc2Cl)[N+]([O-])=O,533,389,,,,,,,,,,,,,,,,,,,,,,,,,,,,,,
505.1370646,10.09451667,90465.0625,14120.52637,18903.72266,0,34821.03906,39527.81641,10703.10645,28054.27344,16979.67969,20263.05664,30902.23438,34964.10156,28132.16406,14205.32715,8837.447266,14752.53223,190802.5625,74361.54688,19450.9043,23051.01563,0,61399.83203,23663.75586,12641.13672,C22H24ClN5O7;C27H29ClO5;C28H28ClN3O3S;C21H29Cl2N5O3;C30H21N3O3S;C27H23N3O5;C26H22ClN3O3,-0.072222005039305;-0.54955094528577;-0.595297026477517;-1.00769951309882;-0.536558307083982;-0.539296952085623;-0.539296952085623,0.00995033085316809;0.00995033085316809;0.00995033085316809;0.00995033085316809;-2.32372104551469;-2.49903878270572;-2.61767454814866,-0.0622716741861369;-0.539600614432602;-0.585346695624349;-0.997749182245647;-2.86027935259867;-3.03833573479134;-3.15697150023429,0,0,0;0;0;0;-0.5;-0.5;0,[M]-;[M+Cl]-;[M-H-H2O]-;[M+Cl]-;[M]-;[M+Cl]-;[M+CH2O2-H]-,0.5;0;0;0;0.5;0;0,0,-0.00943638631606797;-0.878160484505796;-0.460233373821866;-0.173711153987499;-1.53979464530381;-0.0760912494920426;-0.518421654877242,0.428291939497795;-1.4177610989384;-1.04558006944621;-0.173711153987499;-1.53979464530381;-0.0760912494920426;-3.67539315511153,0.428291939,C22H24ClN5O7,2-[3-acetamido-N-(2-acetyloxyethyl)-4-[(2-chloro-5-nitrophenyl)diazenyl]anilino]ethyl acetate,66214-53-7,Azo Dye,CC(=O)Nc1cc(ccc1N=Nc2cc(ccc2Cl)[N+]([O-])=O)N(CCOC(C)=O)CCOC(C)=O,553,401,,,,,,,,,,,,,,,,,,,,,,,,,,,,,,
526.0263468,10.21426667,296234.8125,333547.75,99343.15625,1194612.375,204076.5469,738942.5625,120190.7969,116050.375,49001.53516,475952.7813,819083.8125,8174.746582,389180.875,455370.4063,67619.54688,526463.9375,652905.3125,66680.50781,0,99750.08594,355180.5938,584671.25,490582.3125,148155.6719,C20H20BrClN4O6;C24H17Cl3N6O3,-0.056341627312664;-1.07204965969486,0.00995033085316809;-4.5064847231072,0.453608703540504;-5.57853438280206,0,0.5;0,0;0,[M]-;[M-H-H2O]-,0.5;0,0;0,-0.000874897521777716;-0.0190000483060079,1.45273380601872;-0.0190000483060079,1.452733806,C20H20BrClN4O6,methyl 3-[4-[(2-bromo-6-chloro-4-nitrophenyl)diazenyl]-N-(3-methoxy-3-oxopropyl)anilino]propanoate,59709-38-5,Azo Dye,COC(=O)CCN(CCC(=O)OC)c1ccc(cc1)N=Nc2c(Cl)cc(cc2Br)[N+]([O-])=O,560,404,,,,,,,,,,,,,,,,,,,,,,,,,,,,,,
580.133016,9.770866667,163177.6406,235124.0938,35172.5,1008956.063,95105.11719,420496.125,36050.83984,0,2582.105713,208225.0313,146536.9219,0,280095.0313,134646.2813,119795.8125,107217.6719,1294556.75,276985.2188,0,0,20965.11523,245209.8125,369335.4063,184201.0469,C23H25ClN6O10;C27H23ClN4O6;C27H23ClN4O6,-0.0753434825551554;-0.539893394067094;-0.539893394067094,0.00995033085316809;-4.10070215288379;-4.10070215288379,0.744130657821822;-4.21202411837946;-4.21202411837946,0,0,0;0;0,[M]-;[M+CH2O2-H]-;[M+CH2O2-H]-,0.5;0;0,0;0;0,-0.0054701204653238;-0.000897623688292851;-0.00089762368829274,1.2386605373565;-4.21292174206775;-4.21292174206775,1.238660537,C23H25ClN6O10,C.I. Disperse Blue 79:2,3618-73-3,Azo Dye,COc1cc(N=Nc2c(Cl)cc(cc2[N+]([O-])=O)[N+]([O-])=O)c(NC(C)=O)cc1N(CCOC(C)=O)CCOC(C)=O,574,412,,,,,,,,,,,,,,,,,,,,,,,,,,,,,,
624.9060465,8.650883333,0,0,0,0,0,444229.875,0,0,0,0,0,0,0,0,0,0,0,0,0,0,0,0,0,0,C13H24Cl6O8P2,-0.005290755,0.009950331,1.004659576,;0,0,0,[M+CH2O2-H]-,1,1,-0.007333694,2.997325882,2.997325882,C13H24Cl6O8P2,[2-[bis(2-chloroethoxy)phosphoryloxymethyl]-3-chloro-2-(chloromethyl)propyl] bis(2-chloroethyl) phosphate,38051-10-4,OPFR,ClCCO[P](=O)(OCCCl)OCC(CCl)(CCl)CO[P](=O)(OCCCl)OCCCl,581,416,,,,,,,,,,,,,,,,,,,,,,,,,,,,,,
,,,,,,,,,,,,,,,,,,,,,,,,,,,,,,,,,,,,,,,,,,,,,,,,,,,,,,,,,,,,,,,,,,,,,,,,,,,
,,,,,,,,,,,,,,,,,,,,,,,,,,,,,,,,,,,,,,,,,,,,,,,,,,,,,,,,,,,,,,,,,,,,,,,,,,,
,,,,,,,,,,,,,,,,,,,,,,,,,,,,,,,,,,,,,,,,,,,,,,,,,,,,,,,,,,,,,,,,,,,,,,,,,,,
,,,,,,,,,,,,,,,,,,,,,,,,,,,,,,,,,,,,,,,,,,,,,,,,,,,,,,,,,,,,,,,,,,,,,,,,,,,
,,,,,,,,,,,,,,,,,,,,,,,,,,,,,,,,,,,,,,,,,,,,,,,,,,,,,,,,,,,,,,,,,,,,,,,,,,,
,,,,,,,,,,,,,,,,,,,,,,,,,,,,,,,,,,,,,,,,,,,,,,,,,,,,,,,,,,,,,,,,,,,,,,,,,,,
,,,,,,,,,,,,,,,,,,,,,,,,,,,,,,,,,,,,,,,,,,,,,,,,,,,,,,,,,,,,,,,,,,,,,,,,,,,
,,,,,,,,,,,,,,,,,,,,,,,,,,,,,,,,,,,,,,,,,,,,,,,,,,,,,,,,,,,,,,,,,,,,,,,,,,,
,,,,,,,,,,,,,,,,,,,,,,,,,,,,,,,,,,,,,,,,,,,,,,,,,,,,,,,,,,,,,,,,,,,,,,,,,,,
